Headline,News body,Topic,News Source,Rating
phoenix chief says police response to incident with 4-year-old is 'unacceptable',"Phoenix Police Chief Jeri Williams apologized for her department's handling of an alleged shoplifting incident involving a 4-year-old girl and her parents , saying Sunday the confrontation that was captured on video was ""unacceptable."" ""What we saw in that video isn't in keeping with good policing,"" Williams said in an interview with NBC affiliate KPNX . ""This is not what should have happened in that circumstance."" The child's parents, Dravon Ames and Iesha Harper, filed notice of a $10 million claim last week over the incident, which occurred on May 29 after the couple said they realized their daughter had taken a doll from a dollar store. Video showed officers appearing to push and kick a handcuffed man believed to be Ames and handcuffing Harper, who is pregnant, after an unidentified woman came to take care of the couples' two young daughters. At one point, an officer screams at Ames and says: """"When I tell you to do something, you f------ do it!"" The officers then pick up Ames   who apologizes and appears to be complying   and throws him against a police vehicle. The couple and authorities offered different accounts of what happened before the confrontation. Ames and Harper said they were driving their girls to a babysitter when police approached them in an apartment complex parking lot. Williams said Sunday that they fled from police after a Family Dollar manager alerted authorities to ""adults"" stealing from the store. In a police report, officers said the girl took a boxed doll, while Ames took a pair of underwear and a woman who'd been with the couple at the dollar store also allegedly stole something. Once the car was parked, the report says, Ames allegedly reached toward the car's center console and yelled that he hadn't done anything wrong. Williams said Sunday that police ""shouldn't have reacted the way that we reacted."" Williams said that the officers who appeared in the video were placed on desk duty. An internal investigation was looking at discrepancies between the police report that documented the incident and the cell phone video that showed the confrontation. On Saturday, Ames told Al Sharpton on MSNBC that he was glad the incident was caught on video by a bystander so people could see how he and his family were treated. ""I felt like I did everything I could to show the officer that I was complying,"" he said, adding that the experience was traumatizing for him and his young children. ""I looked the barrel in the eyes, my kids looked the barrel in the eyes. I thought they were gonna start shooting,"" he said. Rev. Jarrett Maupin, of the Arizona chapter of the National Action Network, appeared with Ames on MSNBC, saying that ""this is one of the most insane attacks on a black family, or any family, that I've ever seen law enforcement engage in."" Phoenix Mayor Kate Gallego issued a statement on Twitter Saturday saying about the incident, saying, ""I, like many others, am sick over what I have seen in the video"" and ""I am deeply sorry for what this family went through."" The mayor vowed to speed up implementation of body cameras on police officers and hold a community meeting to address the incident. ""I realize that to get to the bottom of this issue and implement meaningful change, we are going to have some uncomfortable and painful conversations,"" Gallego said.",crime,CNN,left
port of l.a. sued after canceling agreement for a shipping container facility,"A Los Angeles company is suing the Port of L.A., claiming it improperly terminated an agreement to negotiate the development of a $130 million container facility at the harbor. The termination came after the company couldn't secure support for the project from the union representing dockworkers, according to the lawsuit. In a 15-page complaint filed this week in L.A. Superior Court, Harbor Performance Enhancement Center claims that it spent four years and more than $2 million on its planned facility at Terminal Island. Shipping containers were to be stored and accessed at the site, using a ""hub and spoke"" model that would ultimately ease congestion at the port. Port officials supported the project, according to the lawsuit, and granted the company an exclusive negotiating agreement. However, last month, Gene Seroka, executive director of the Port of L.A., told the company that the facility was ""infeasible."" Seroka didn't provide a reason for ending the agreement, the lawsuit states. The Board of Harbor Commissioners, who are appointed by Mayor Eric Garcetti, and the Los Angeles City Council didn't weigh in on the decision, which the company claims was necessary to validate it. The lawsuit names the Port of L.A., the Board of Harbor Commissioners and the city of L.A., and asks a judge to overturn the decision. A port spokesman declined to comment, citing the pending litigation. The company's lawsuit states it started working with the port on the proposed facility in 2015. It received a permit for a pilot study, conducted an environmental review on the site and secured $130 million in financing. In 2018, Seroka told the company it also needed to get support from International Longshore and Warehouse Union, or ILWU, for the project to proceed, according to the lawsuit. The union represents more than 10,000 workers at the ports of Los Angeles and Long Beach. The company would have to guarantee to grant the union jurisdiction and exclusive rights to provide trucking services,"" according to the lawsuit. ""Rather than help mediate with the ILWU or insist that the ILWU negotiate in good faith, Executive Director Seroka, in April 2018, advised petitioners in writing that they must accommodate the ILWU's demands because 'they [ILWU] run the Port,'"" the suit states. On May 10 of this year, Seroka sent a letter to the company stating that the port was terminating its agreement. The company claims it was ""continually rebuffed"" by union representatives during discussions over the project, the lawsuit states. Jonathan Rosenthal, chief executive of Harbor Performance Enhancement Center, said in a statement to The Times that the requirements with the union were an ""unexpected curveball thrown at us."" ""Beyond the time and money we've spent, it makes me worried for the city when a green, job-creating project is stymied by a single entity for their own narrow reasons, and none of our decision makers will step in to try to resolve it,"" Rosenthal said. Leaders of the local chapter of the ILWU didn't respond to requests for comment. The lawsuit comes amid another battle at the port. The Board of Harbor Commissioners voted Thursday to approve a permit for driverless cargo handlers to operate inside a facility over the objections of the dockworkers. Los Angeles City Councilman Joe Buscaino, who represents the harbor region, said he plans to ask the council to veto the project. The container shipping company that won that permit , Maersk, has declined to say how many jobs would be affected. Times staff writer Margot Roosevelt contributed to this report. dakota.smith@latimes.com Twitter: @dakotacdsmith",science,CNN Business,left
Protest in Madrid as conservatives suspend ban on most polluting cars,"MADRID (Reuters) - Thousands protested in Madrid on Saturday against the suspension of curbs on polluting cars by the new conservative city hall, raising fears that environmental rollbacks seen in the United States may be spreading to Europe. The first reversal of environmental policies by a major European city comes despite soaring global environmental concerns and is a fresh sign of growing divisions in Spain after a series of inconclusive elections in April and May. Last November Madrid's then far-left government banned most petrol and diesel cars from its center to tackle high levels of nitrogen dioxide. The policy was known as ""Madrid central"" and it was intended to bring Madrid into line with EU clean air rules which it had been violating since 2010. ""Yes we can, I do want Madrid central,"" chanted the protesters. Some were holding banners that read ""I want to breathe free"" and ""We aspire to have a Madrid without smoke"". ""We have to save (the planet) starting at the local and small level, the first thing is Madrid's center,"" said Laura Martin, a 39-year-old actress. She added that she was concerned that the new Madrid government might have some similar ideas to U.S. President Donald Trump's rollback of environmental policies, such as weakening rules limiting carbon emissions from power plants and standards on harmful gas emissions from cars and trucks. People of all ages rallied despite a scorching heatwave in Spain and most of Europe, which had already forced the city of Paris to ban more than half of all registered cars from its roads earlier this week because the heat worsens pollution. Various European cities including Paris, Hamburg, Amsterdam, London and Oslo have started to penalize or ban older polluting cars as they seek to phase out all fossil fuel cars in the coming decade. Environmental groups including Greenpeace say the ""Madrid central"" measure slashed air pollution levels from car emissions in the center to record lows. The new city hall run by the conservative People's Party suspended fines on cars entering the currently restricted area of around five sq km (two sq miles) from July 1, while it reviews the plan to make it ""compatible with citizens' mobility needs"". ""As far as I know at the European level there's no precedent in ending a car traffic restriction,"" said Lara Lazaro, researcher of the Real Instituto Elcano. The European Commission has warned Spain that it would face sanctions and a possible lawsuit if it fails to meet air quality standards in its largest cities of Madrid and Barcelona. (Reporting by Elena Rodriguez, writing by Andrei Khalip and Joan Faus; Editing by Stephen Powell)",environmental issues,Reuters,center
Missouri's only abortion clinic to remain open after judge's injunction holds,"ST. LOUIS   Missouri's lone abortion clinic can still operate after a St. Louis judge on Friday kept an injunction in effect allowing it to perform the procedure. In the latest legal whiplash in the case, Planned Parenthood of the St. Louis Region was told minutes before a long-awaited court hearing began that the state health department had dealt it a blow, declining to renew its license. But State Circuit Court Judge Michael Stelzer ruled in favor of the embattled health center, preventing Missouri from becoming the only state in the country without an abortion clinic   temporarily, at least. ""Today is a victory for women to be able to access the kind of medical care that they and their health professionals need and deserve,"" said M'Evie Mead, director of policy and organizing at Planned Parenthood Advocates in Missouri, which supports the two Planned Parenthood providers in the state, including one that no longer performs abortions. ""It is still very, very difficult to access abortion in Missouri because of medically unnecessary hoops and regulations, but you can still come to Planned Parenthood today for all of your reproductive health care,"" Mead said. ""And that is a good day for women."" Missouri's health department first decided not to renew the health center's abortion license as of June 1 after an inspection in March found problems, including ""at least one incident in which patient safety was gravely compromised,"" ""failed surgical abortions in which women remained pregnant,"" and an alleged failure to obtain ""informed consent,"" the Associated Press reported. Stelzer granted a preliminary injunction to the clinic on June 10 that allowed it to continue to operate even as the Missouri Department of Health and Senior Services refused to renew its license. He set a deadline of June 21 for the department to make a decision. Then, despite the health department not renewing the license, Stelzer said on Friday during a hearing that barely lasted five minutes that his previously issued injunction held. The long-term fate of the clinic remains unclear. Stelzer said he would issue a written order regarding next steps with the injunction as soon as possible, adding it ""won't necessarily come today."" Planned Parenthood has argued that the licensing battle is part of a greater anti-abortion effort by the state's administration. Last month, Missouri's Republican Gov. Mike Parson signed a bill banning abortions on or beyond the eighth week of pregnancy without exceptions in cases of rape or incest   one of the nation's most restrictive abortion bills. The clinic also says it made changes in response to the state's inspection and has consistently provided high-quality care. Its legal battle got even thornier this week when Planned Parenthood of the St. Louis Region announced it would no longer be complying with a rule from regulators mandating pelvic exams 72 hours before an abortion as well as on the day of the procedure, calling it another medically unnecessary requirement that the state was putting on it to whittle down Missouri residents' access to abortion. That stance is backed by the American College of Obstetricians and Gynecologists , which calls multiple pelvic exams for women seeking abortion ""unwarranted."" Missouri is one of six states that has only one abortion clinic. The other five states are Kentucky, Mississippi, North Dakota, South Dakota and West Virginia, according to the Guttmacher Institute, a research organization that supports abortion rights. Missouri had more abortion clinics in the past; in 2008, there were five. But in the past decade, the clinics were unable to keep up with the state's stringent and perpetually evolving requirements, with some closing and then reopening again and then shuttering for good. The licensing fight comes amid a slew of recent anti-abortion legislation across the country, including a near-total ban on abortions in Alabama. Organizations such as the American Civil Liberties Union are suing to block the bans, which they say are unconstitutional under the 1973 Supreme Court Roe v. Wade decision that federally legalized abortion. Aaron Mermelstein reported from St. Louis, and Elizabeth Chuck from New York.",legal arguments,NBC News,left
the day the reds played a role in the women's suffrage moment,"If you enjoyed it when Sen. Kamala Harris went after former Vice President Joe Biden with surgical precision or got a kick out of Sen. Elizabeth Warren's articulating a plan for darn-near everything during the recent Democratic presidential debates, let this sink in. A century ago, these two candidates for President of the United States could not even have voted. It took more than 50 years of fighting for women to finally win the right to vote in 1920, which included rallies and marches, community organizing and, yes, baseball with a bit of sex appeal and home economics thrown in. That, according to research by Mary Anne Christie, of Madeira, vice chair of the Ohio Republican Women's Suffrage Committee. The group is spearheading Ohio's effort to commemorate the 100th anniversary of the 19th Amendment, which gave women the right to vote. With baseball? Yup. Christie will be on hand Saturday, July 6, as the Cincinnati Reds hold special events before and after their 4:10 p.m. game against the Cleveland Indians to honor the women of Ohio gaining the right to vote. Christie especially wants women and girls to respect the moment. ""I hope this is going to make them realize that it wasn't so long ago that they got the right to vote, that they are going to realize the time when their mothers and their grandmothers for the first time got a right to vote,"" she said. Saturday's event harkens to June 3, 1916, when the Reds played the New York Giants at the Polo Grounds in New York. The suffragist moment was in full swing, and clearly, the women knew the value of product placement, considering baseball was the nation's most popular sport. Suffragist women mingled in the stands, wore blue, silk sashes and sold flags. The New York Times noted that some men paid more attention to the ladies than the game. They hung billboards all over the polo grounds with messages like, ""Let Women win the Vote in One Inning"" and ""Women Hate Coaching from the Sidelines."" A week before the game, suffragists negotiated with the Giants to offer a piece of chocolate cake for every ticket purchased at the suffrage headquarters to increase their share of ticket sales. In 2019, as part of the Reds-Indians game promotion, Kroger stores are selling chocolate cakes to recognize Ohio women's suffrage efforts for Saturday's game. And members of the committee will wear purple, white and gold sashes with the phrase, ""Votes for Women"" written on them. Today, women vote in higher numbers than men, 117 women were elected or appointed to Congress in 2018, and six are vying for the Democratic presidential nomination. ""Soccer Moms"" are a voting bloc. But before all that happened, the Women's Suffrage Movement had to succeed. Congress passed the 19th Amendment on June 4, 1919. The Ohio General Assembly ratified it 12 days later, but it took more than a year to fully approve the amendment when Tennessee became the 36th state to vote in favor of ratification in August 1920. It's difficult to fathom a time when only white males who owned land got to vote and make laws in the United States. That's an ugly American legacy mitigated by the ratification of the 19th Amendment and the many other changes that ensued over time. And to think, Reds baseball had a small hand in that. Byron McCauley is an Enquirer columnist. Email: bmccauley@enquirer.com. Call: (513) 768-8565. Twitter: @byronmccauley. If you go The Cincinnati Reds and the Cleveland Indians will celebrate the 100th anniversary for Ohio women's right to vote. Gametime is 4:10 p.m., July 6. Tickets can be purchased by going to https://groupmatics.events/OhioWomen This article originally appeared on Cincinnati Enquirer: The day the Reds played a role in the women's suffrage moment",environmental issues,Los Angeles Times,left
Green iguana: Florida says kill them 'whenever possible',"Pardon the American iguanas residing in sunny Florida for not feeling very patriotic on this Fourth of July. The Florida Fish and Wildlife Conservation Commission, which protects crocodiles and places strict guidelines on hunting deer, has put the scaly, yardlong-or-more creature also known as the green iguana on its hit list. The commission issued a directive describing the green iguana as an invasive species, citing damage they wreak on seawalls, sidewalks and plants. The iguanas are protected only by anti-cruelty law, the commission adds. More: Florida's cold weather causing iguanas to fall from trees Homeowners need not worry about permission to kill them. CONSIDER SUBSCRIBING TODAY: Help support our local journalism ""The (commission) encourages homeowners to kill green iguanas on their own property whenever possible,"" the directive says. ""Iguanas can also be killed year-round and without a permit on 22 public lands in south Florida."" More: An Ohio man threw an iguana at a restaurant manager. Now, he'll face trial More: Iguana-sized cousin of the dinosaurs found in Antarctica Don't let the names fool you   the iguanas are not native to the United States of America and they aren't always green. They apparently slithered up from Central and South America, finding South Florida's man-made canals perfect for colonizing. North Florida is a bit too cold, however, so there's no issue there. More: Florida's least wanted: 10 invasive animal species that are wrecking native ecosystems The green iguana actually comes in blue, brown to almost black. Some adults can take on an orange or pink coloration during certain times of the year. Hatchling and young green iguanas usually are bright green. They get big. Male green iguanas can grow to over 5 feet in length and weigh up to 17 pounds. Females reach lengths similar to those of males, but usually do not exceed 7 pounds. They live about a decade in the wild and can last twice that long in captivity. They get no love from Joseph ""The Croc Doc"" Wasilewski, a crocodile and iguana expert at the University of Florida. ""This is a serious problem from many standpoints,"" Wasilewski told ABC News . ""They will destroy agriculture, undermine roads, cause electrical transformers to fail, they can transmit salmonella and can be a FAA safety hazard."" Still, Wasilewski says he feels badly about the apparent need to kill the green mini-monsters. ""It saddens me that all of these magnificent animals, along with multitudes of other invasive reptile species have to be put down,"" he said. ""There is no alternative for the problems."" This article originally appeared on USA TODAY: Green iguana: Florida says kill them 'whenever possible'",environmental issues,USA TODAY,center
jailed daughter of late uzbek leader says gave state $1.2 bn,"The jailed daughter of Uzbekistan's former leader has begged his successor to release her after claiming she gave more than $1.0 billion to the state, while an anti-fraud ruling in her former home of Switzerland deepened her troubles. Gulnara Karimova, the 46-year-old daughter of the late strongman Islam Karimov, was sentenced to a decade behind bars by an Uzbek court in 2017 on fraud and money-laundering charges. In a statement via Instagram on Sunday she stopped short of acknowledging guilt but apologised to the people of the Central Asian nation for ""disappointment that I might have brought"". The former diplomat and popstar said she had given more than $1.2 billion (one billion euros) of her ""personal assets"" to the state ""in the interest of the republic's budget"". The Russian-language story shared on her daughter Iman Karimova's Instagram page also said Karimova and her legal team had relinquished claims to $686 million kept in foreign banks. ""It's authentic,"" Karimova's Swiss lawyer Gregoire Mangeat told AFP of the Instagram post on Monday, while declining to comment on its contents. - First foreign ruling - Karimova's apparent appeal came on the eve of an announcement by the Swiss attorney general on Monday that Switzerland had sent 130 million Swiss francs ($133 million) to Uzbekistan formerly held in bank accounts in the European country. The move follows a first conviction in an anti-corruption investigation in Switzerland in which Karimova is believed to have been a central figure. The Swiss attorney general said the return of funds followed a Swiss court's conviction of an unnamed ""relative of Gulnara Karimova"". The male relative was accused of moving money around bank accounts ""to prevent the origin and actual destination of the funds from being identified,"" the attorney general said in a statement. ""He also signed false bank documents in order to conceal the identity of the true owner of the funds, Gulnara Karimova,"" the statement said. The attorney general's office said the verdict handed to the relative -- a 390,000 franc fine or a 130-day prison sentence --- reflected the fact that he was already serving a heavy sentence in Uzbekistan. Karimova was Uzbekistan's permanent representative to the United Nations in Geneva from 2008 to 2017. Her problems in Uzbekistan began in 2014 when her father was still alive and she was reportedly placed under house arrest after hurling insults at her mother and sister on Twitter. In 2018 a court commuted Karimova's sentence to five years under house arrest. But in March this year Uzbek prosecutors said she had been returned to jail for repeatedly violating conditions of her house arrest. In 2017, prosecutors said Karimova was a member of an ""organised criminal group"" that controlled assets worth more than $1.3 billion in 12 countries. Karimova has also been the subject of a multi-year corruption probe targeting Western telecoms firms. US and European investigators say the firms paid her billions of dollars to secure access to the Uzbek market. President Shavkat Mirziyoyev took power after the death of Karimov, Uzbekistan's long-reigning hardliner, in 2016. He has won plaudits for reining in many of his predecessor's authoritarian excesses but has kept a repressive political system intact.",politics,Los Angeles Times,left
acting border chief will step down as migrant children are returned to texas facility,"Video by Newsy The Customs and Border Protection agency's acting commissioner, John Sanders, will step down in early July as the government's primary border enforcement executive, a federal official said Tuesday, a development that comes as the agency faces continuing public fury over the treatment of detained migrant children. The news of the resignation came shortly after agency officials disclosed that more than 100 children had been returned to a troubled Border Patrol station in Clint, Tex., a location where a group of lawyers who visited recently said hundreds of minor detainees had been housed for weeks without access to showers, clean clothing, or sufficient food. Sign Up For the Morning Briefing Newsletter Mr. Sanders announced his resignation in an email to colleagues shortly after it was reported by journalists. He led the agency since President Trump tapped the former Customs and Border Protection commissioner, Kevin McAleenan, to replace Kirstjen Nielsen as homeland security secretary. Mr. Sanders specialized in developing technology for national security initiatives and previously served as the chief technology officer for the Transportation Security Administration. The official who confirmed his resignation, who requested anonymity because he was not authorized to discuss the matter, said it was not clear whether the impending resignation was connected to recent criticism over the agency's management of a large influx of migrant families along the border. In a call with reporters on Tuesday, a Customs and Border Protection official disputed the lawyers' accounts of conditions for hundreds of migrant children at the facility in Clint, saying that detainees who are housed by the agency are given periodic access to showers, and are offered unlimited snacks throughout the day. That assertion ran contrary to what the lawyers, from some of the nation's top law schools, said they were told by children. During a court-ordered visit to the facility earlier this month, some children said they had not been allowed to shower in nearly a month, and were so hungry that it had been hard for them to sleep through the night. [ Read about the conditions migrant children were held in at Clint] ""I personally don't believe these allegations,"" the Customs and Border Protection official, who spoke on the condition he not be identified, told reporters. The lawyers' accounts prompted a significant public backlash, after which all but 30 of the roughly 300 children who were being housed in Clint were transferred elsewhere . Some 249 were placed in a shelter network for children run by the Department of Health and Human Services' Office of Refugee Resettlement, while others were moved to a tent facility in El Paso run by Customs and Border Protection. But on Tuesday, the C.B.P. official said that those moves had alleviated overcrowding in Clint, and allowed for the return of more than 100 children there. The spokesman said that no additional resources had been provided to the children who were sent back. After the lawyers' accounts about Clint were made public, volunteers from around the country began to mobilize, hoping to deliver supplies such as diapers, soap and food to the facility. But those who arrived there were not allowed in and their donations were not accepted, according to local media reports. On the call with reporters on Tuesday, the Customs and Border Protection official said that the agency was reviewing its policy for accepting outside donations, but the official also disputed the idea that supplies were running low. ""We are looking at the possibility of using some of those donations going forward but those items, it's important to note, are available now,"" the official said. Federal officials had previously told the office of Representative Terry Canales, a Democrat from Texas who requested a list of needed supplies, that the agency would not be able to accept outside donations, according to Curtis Smith, Mr. Canalas's chief of staff.",science,AP,center
one dead as dr congo police break up banned marches,"A protester died after being shot at a march in the eastern city of Goma in the DR Congo Sunday as police dispersed hundreds of anti-government protesters in Kinshasa. A day earlier, President Felix Tshisekedi had warned that some protesters did know the difference between democracy and anarchy, but vowed there would be no repression. Police and organisers said the man was shot at a banned march in Goma that had been called to mark the 59th anniversary of the central African country's independence from Belgium. ""One person seriously wounded by gunshot died in hospital,"" national police spokesman Pierrot Mwanamputu told AFP, while an opposition youth official said: ""They fired real bullets."" Mwanamputu said a policeman was wounded in the Goma unrest adding there was ""resistance"" to police efforts to disperse the marchers. Provincial police commissioner Placide Nyembo told AFP some of the demonstrators were armed. An opposition youth official, Robert Zibawanza, said some activists had torched a commuter minibus. In the capital Kinshasa, on the other side of the country, police used tear gas to break up another banned march. About 50 officers blocked a car carrying former presidential candidate Martin Fayulu and ex-prime minister Adolphe Muzito. An AFP journalist saw police using bayonets to puncture three of the car's tyres. The two men got out of the car to talk to Kinshasa police chief Sylvano Kasongo as demonstrators massed around them. There were scuffles between police and protesters as the officers moved in to broke up the demonstration. Kinshasa police chief Kasongo said one of his officers had been ""seriously wounded"" and that the person responsible had been detained. On Saturday, Tshisekedi said he backed a decision to ban the march planned by his former opposition comrades, pointing to violence that had broken out last weekend. - 'No repression' - Speaking in his first major interview since taking office early this year, Tshisekedi -- son of opposition icon Etienne Tshisekedi -- told French media: ""We have the impression that there are some who confuse democracy with anarchy."" He vowed there would be ""no repression"", adding: ""The security forces are trained to keep the peace."" Last Sunday, as opposition leader Jean-Pierre Bemba flew back into the country, police fired tear gas at rock-throwing protesters who targeted his convoy. Before being elected president, Tshisekedi inherited the mantle of opposition leader from his father Etienne, who died in February 2017. Sunday's march was called by Bemba and Fayulu, who maintains he was robbed of victory in the country's December 30 presidential election. Their Lamuka coalition had vowed to go ahead with the march to protest the constitutional court's invalidation of the election of about 20 opposition lawmakers. Kasongo for his part had warned that any gatherings of more than 10 people would be dispersed. On Sunday, he said there had been ""no major incidents"" in Kinshasa where ""all those arrested were immediately released"" -- apart from the one who attacked the police officer. In the western province of Bandudu, four to six civilians were wounded by live rounds fired by police, several sources said, and a police officer was also reportedly injured. Bandudu is a stronghold of both Fayulu and Muzito. Fayulu, 62, accuses Tshisekedi of being the ""puppet"" of his predecessor Joseph Kabila, whose party enjoys a majority in parliament. A former vice president, Bemba ran unsuccessfully for the presidency against Kabila in 2006. He was then jailed by the International Criminal Court based in The Hague for alleged atrocities carried out by his troops in the Central African Republic. But he was finally acquitted and freed on appeal in June 2018, when he returned to Belgium.",politics,Louisville Courier Journal,left
"Florida cracks down on plastic surgery centers, becoming among toughest states","Florida Gov. Ron DeSantis late Tuesday signed into law the first major reform in more than a decade to the state's cosmetic surgery industry, giving regulators stronger tools than in many other states. The new law, which takes effect in January, gives the state the power to suspend a clinic's operations or revoke its registration if it determines the facility poses an imminent threat to the public. The legislation was introduced weeks after a USA TODAY Network investigation revealed in February that eight women had died after procedures at a plastic surgery business owned by one doctor. Florida Sen. Anitere Flores, who introduced the legislation, said seeing it signed into law was a ""vindication for those who have been victimized by these bad actors in surgery centers."" ""More than anything, it is something for the victims and their families to look at and‚Ä¶ know that this legislation will save future lives,"" said Flores, a Republican. More: This business helped transform Miami into a national plastic surgery destination. Eight women died. For years Florida has lagged behind other states in regulating the cosmetic surgery industry even as it increasingly became a destination for discount procedures, resulting in dozens of injuries and deaths. State lawmakers had tried and failed four times since 2014 to pass legislation that would have cracked down on the surgery centers. Dave Aronberg, the State Attorney for Palm Beach County and a former state senator, said the legislation signed into law Tuesday is ""a step in the right direction to increase regulations to prevent future deaths, but it's disheartening that it's taken this long."" More: Women seeking discount plastic surgery paid with their lives at clinics opened by felons At one point the legislation signed Tuesday also mandated background checks for felons, but that measure was stripped from the bill before its passage. At least 13 women died after surgeries at facilities opened by felons over the past 10 years, the USA TODAY Network reported in April as part of its ongoing investigation. The background checks were pulled off the table after the Agency for Health Care Administration raised concerns about costs, including the possibility of having to pay for seven new staff positions. In cases where a surgery center's registration is revoked, the reform signed into law Tuesday also gives Florida regulators the ability to deny any person named in the office's registration documents from registering a surgery office for five years. The new law is part of broader efforts to tighten regulation of Florida's booming cosmetic surgery industry. The Florida Board of Medicine earlier this month approved an emergency measure prohibiting the injection of fat into the gluteal muscle, a particularly dangerous technique used in a popular surgery known as the Brazilian butt lift. This article originally appeared on USA TODAY: Florida cracks down on plastic surgery centers, becoming among toughest states",health,USA TODAY,center
conservative party members would rather break up the united kingdom than stop brexit,"Conservative members would rather break up the United Kingdom and destroy their own party than see Brexit stopped. A new YouGov poll finds hardline views on Europe and the UKs future among those soon to choose the next prime minister. A clear majority would rather Scotland and Northern Ireland left the UK and would be willing to accept significant damage to the economy, if it allowed Brexit to go ahead. The findings come ahead of the next round of voting in the Conservative party leadership contest. Visit Business Insider's home page for more stories. LONDON - Conservative members would rather break up the United Kingdom, and destroy their own party, than stay in the European Union, according to a new poll. The latest YouGov poll of Conservative party members, who will soon be charged with choosing the UK's next prime minister, suggests they would opt to see both Scotland and Northern Ireland leave the UK, if it was the only way to ensure the UK leaves the EU. Sixty three per cent say they would rather Scotland left the UK if it secured Brexit, with 61% willing to accept ""significant damage"" to the economy and 59% willing to see Northern Ireland leave the UK. A further 54% would want Brexit to go ahead even if it meant the destruction of their own party. So committed to Brexit are members of the Conservative and Unionist Party that they would be willing to see Scotland (63%) and Northern Ireland (59%) leave the UK in order to secure it. https://t.co/9iJKlB292v pic.twitter.com/4j7bCPg6aK   YouGov (@YouGov) June 18, 2019 The poll suggests that Brexit has hardened the divide over Europe in the party. It found that 46% of members would now be ""happy"" to have Brexit Party leader Nigel Farage as their leader, with just 40% unhappy. Overall, Conservative party members now see the Brexit Party as their biggest threat, with 67% describing it as a ""big threat"" compared to just 34% saying the same of Labour. Brexit has also reshaped the two-party system in the eyes of Tory members. Fully two thirds (67%) see the Brexit Party as a big threat to them, almost double the number who say the same of Labour (34%) https://t.co/9iJKlB292v pic.twitter.com/eIv9o1aelF   YouGov (@YouGov) June 18, 2019 Views on Europe appear to have hardened significantly in the race to succeed Theresa May as prime minister, with a majority now saying it would be unacceptable for their next leader to be opposed to leaving the EU without a deal. While Esther McVey had pledged to banish Remainers from cabinet, what matters to party members is not the 2016 vote but that a candidate is willing to back a no-deal Brexit. Only 26-29% could get behind someone who took no-deal off the table https://t.co/Ao8BLH7FfE pic.twitter.com/9S9rAwpX18   YouGov (@YouGov) June 18, 2019 Brexit has put strains on the constituent nations of the UK with questions over the post-Brexit border with Ireland and Scottish independence dominating UK political discussion since Britain voted to leave. The poll findings come ahead of the second round of the Conservative leadership contest. Tory MPs will on Tuesday afternoon vote on who should proceed to the next round, with the former foreign secretary Boris Johnson expected to win by a large margin. The remaining candidates will then take place in a televised hustings event on BBC 1 at 20.00 (BST.)",science,The Sacramento Bee,left
"Flynn's new lawyer is a Mueller critic, praised by Trump","WASHINGTON   Former national security adviser Michael Flynn has hired a new lawyer, a former federal prosecutor who has earned the praise of President Donald Trump and repeatedly denigrated the Russia investigation. Trump took notice of Flynn's new legal representation, calling Sidney Powell a ""GREAT LAWYER"" and wishing luck to them both on Twitter. Powell responded, ""Thank you Mr. President!!"" and ""I'm honored."" The change in lawyers, especially to one with a publicly combative stance toward special counsel Robert Mueller's investigation, may herald a shift in Flynn's legal strategy in the final stages of his case. And Trump's words of support for Flynn and his new attorney reflect the president's continued interest in, and occasional sympathy for, some of his former aides entangled in the investigation. Flynn became a key cooperator for Mueller after he pleaded guilty to lying to the FBI about his conversations during the presidential transition period with the Russian ambassador to the United States. He was supposed to have been sentenced in December, but the hearing was abruptly cut short after Flynn asked to postpone it so that he could continue cooperating with the Justice Department and earn additional credit toward a reduced sentence. Powell has been an outspoken critic of Mueller's investigation. On Twitter, she advertises a T-shirt with cartoonish images of Mueller and his team bearing the slogan ""Creeps on a Mission."" She is also the author of a book titled ""Licensed to Lie: Exposing Corruption in the Department of Justice."" She confirmed in an email to The Associated Press on Thursday that she was Flynn's new lawyer. Asked about a subpoena for his records and testimony announced Thursday by the House intelligence committee, Powell said, ""The General is continuing to cooperate with the government"" but otherwise declined to comment. Mueller's investigation ended in March with a report that found no criminal conspiracy between the Trump campaign and Russia to tip the outcome of the 2016 presidential election in Trump's favor. But it did not reach a conclusion on whether the president had obstructed justice. It is not clear how much additional legal work is required for Flynn as he awaits sentencing. In a recent court filing, Flynn's former lawyers, Robert Kelner and Stephen Anthony, revealed that they had been fired but they did not say why. At Flynn's December hearing, U.S. District Judge Emmet Sullivan declared himself disgusted by Flynn and raised the question of whether his actions amounted to treason. He later backpedaled and said he didn't mean to suggest that they did. Powell told AP in February that she was sitting with members of the Flynn family on the day of that hearing. ""I was absolutely stunned,"" Powell told AP. ""The first thing that stunned me was that the judge had the facts all wrong. Here we are in a high-profile case like this involving false statements, and Judge Sullivan comes out with false information and a complete misunderstanding of the facts of the case, and he had the chance to prepare for it. I was flabbergasted."" Trump has long taken a keen interest in Flynn's case, wishing him luck on the morning of his sentencing last December. Trump's former attorney John Dowd left Kelner a phone message last year in which he asked for a heads-up if Flynn had incriminating information about Trump that he planned to share with prosecutors. ___ Smith reported from Providence, Rhode Island.",legal arguments,The Associated Press,center
"24,000 pounds of garbage were just removed from Mount Everest, leading to the discovery of four dead bodies","The Nepalese government has removed just over 24,000 pounds of trash from Mount Everest, according to the Associated Press . During their cleanup of the world's highest mountain , cleaners also uncovered four dead bodies. Among the 11 tons of recovered trash from the 45-day project are food wrappers, cans, bottles and empty oxygen cylinders, Tourism Department official Danduraj Ghimire said. Cleaning up the mountain has been extremely difficult due to unpredictable weather conditions, inaccessibility of certain areas and the inherent dangers involved. Ghimire said the four dead bodies were found by the cleaners in melting snow and were taken to base camp before being flown to a hospital in the capital for identification, AP reports. None of the bodies have been identified and it is not known when they died. Some of the waste was flown to Kathmandu, Nepal's capital, in army helicopters. Officials presented it to recyclers in a ceremony to officially conclude to clean up project, the AP reports. ""Unfortunately, some garbage collected in bags at the South Col could not be brought down due to bad weather,"" Ghimire said in a statement on Wednesday . According to AP, officials said the mission has been ""successful,"" but that some of the trash still covered by snow will need to be collected once temperatures rise. Additionally, 300 climbers have died on Everest since 1953, but officials are unsure of how many bodies are still on the mountain While the exact amount of garbage on the mountain is unknown, climbers report that human excrement, used oxygen bottles, torn tents, ropes, broken ladders, cans and plastic wrappers litter the slopes from decades of climbing, according to Reuters. This could potentially be the busiest climbing season on record   increasing the risk of death and the amount of trash left behind. With at least 11 people losing their lives, this has been the deadliest climbing season on Mount Everest since 2015. Nepal issued 381 permits   the highest number ever   which has contributed to the chaos on the mountain and the excessive amount of trash.",environmental issues,Associated Press,center
Verizon now sells a $100 tracking device with one year of free service,"Verizon today launched sales of the $99.99 Verizon Smart Locator , a tiny device that can be kept with your keys, bag, or other possessions (or pets) that you never want to lose. Similar to the Samsung SmartThings Tracker that AT&T sells , Verizon's new gadget uses a combination of Bluetooth, GPS, Wi-Fi-based positioning (WPS), and LTE coverage ""for pinpoint accuracy wherever your mobile network is present."" Unlike a Tile, which requires you to be in Bluetooth range to find a missing item it's attached to, Verizon says the Smart Locator will work even if you're nowhere near it. (Tile also has a community-based feature that alerts you if another Tile owner should pass by your lost property.) A companion Smart Locator Hub app for smartphones allows you to adjust the frequency of location pings   doing less of them will help preserve battery   and set up other options like geofencing (for a dog in your backyard, perhaps) or add up to 10 trusted contacts who will also be able to check where the Locator is if there's a situation where you're unable to. The Smart Locator isn't a full-on LTE device like your smartphone or smartwatch. Instead, it uses LTE-M technology and requires less bandwidth on Verizon's network. The carrier says it will maintain signal and be able to report its location in all areas with Verizon LTE coverage   but you'll be out of luck if the Locator winds up in roaming territory, and it'll do you no good internationally. (Presumably the Bluetooth functionality still works in these cases, at least.) The Tile Pro tracker, by contrast, has a range limit of 300 feet. But it's also a fraction of the cost at $30 and doesn't require a recurring service plan. Verizon will give you a free year of tracking with the Smart Locator, but after that you'll have to pay $3 per month. (AT&T charges $5 monthly for its SmartThings Tracker, but it, too, gives buyers a free year.) Apple is rumored to be working on a Tile-like tracking device that will integrate with the company's Find My app, which can already pinpoint where you left your iPhone, iPad, or Mac. As of iOS 13, the Find My Friends and Find My iPhone apps are being combined into one. Code in the first beta of Apple's upcoming iOS update referenced an unreleased ""Tag"" product that is likely to be the tracking gadget. With carriers having been so careless with your own personal location data , the least they can do is help you find your stuff. Vox Media has affiliate partnerships. These do not influence editorial content, though Vox Media may earn commissions for products purchased via affiliate links. For more information, see our ethics policy .",science,Vox Media,left
'Uber Eats with Guns': Mike Pompeo allegedly had his taxpayer-funded security detail pick up his Chinese food and walk his dog,"Secretary of State Mike Pompeo is allegedly using taxpayer-funded security detail to pick up his Chinese food, walk his dog, and bring his adult son from Union Station in Washington, D.C. to the family's home, according to a State Department whistleblower. Congressional investigators told CNN that Democrats ""on a key House congressional committee,"" are now investigating the claims against Pompeo. Another issue raised by the whistleblower relates to Pompeo's wife, Susan, Visit INSIDER's homepage for more stories. Secretary of State Mike Pompeo is under investigation by House Democrats following allegations that he used his taxpayer-funded security detail to pick up his takeout and walk his dog. According to CNN , Democrats ""on a key House congressional committee,"" are investigating the claims, which were disclosed by a State Department whistleblower over a period of several months. Pompeo isn't the first White House official to face scrutiny over taxpayer spending: former Interior Secretary Ryan Zinke spent nearly $139,000 to renovate three sets of office doors allegedly in need of repair; Housing and Urban Development secretary Ben Carson doled out $31,000 for a mahogany dining set; and former Secretary of Health and Human Services Tom Price spent more than $1 million on travel (including $400,000 for private jets). Read more: $1 million in private flights and a $31,000 table -here are the 6 Trump Cabinet members under scrutiny for their lavish spending of taxpayer money While Pompeo - thankfully - didn't buy thousands of dollars worth of furniture with taxpayer dollars, he did allegedly instruct special agents to complete some questionable tasks while on the clock. For instance, CNN noted that the Secretary of State instructed a special agent to pick up Chinese food (without Pompeo in the car), retrieve his dog from the groomer, and pick up his adult son from Union Station in Washington, D.C. and bring him to the family's home. Agents complained that they felt like ""UberEats with guns,"" multiple Democratic congressional aides told CNN, citing the whistleblower. ""Sending subordinates to run personal errands for you is the very definition of misuse of position,"" former government ethics czar Walter Shaub told CNN. While Lon Fairchild, the special agent in Charge of the Diplomatic Security Service, didn't dispute the allegations, he said in a statement ""I was head of Secretary Pompeo's security detail since his first day on the job. At no point during my service did he or any member of his family ask me or any member of my team to act in any way that would be inconsistent with our professional obligation to protect the Secretary 24-hours a day, 7-days a week."" Another issue raised by the whistleblower relates to Pompeo's wife, Susan, who was assigned her own detail in 2018, despite being at home in the United States. A former senior Diplomatic Security official told CNN that a full-time detail for a spouse is unusual. There are also questions surrounding why Susan Pompeo has the privileges of a State Department staffer. [Secretary Pompeo] takes her on... trips, has separate meetings, requiring control officers, motor pool assets, security, and time,"" a person familiar with the situation told CNN. ""It was especially brazen during the shutdown when people were actually called into the embassy while furloughed. Just one more thing killing morale at the department."" Read the full CNN report here Read more: How the Trump administration got into a showdown with Iran that could lead to war Jamal Khashoggi's fianc‚àö¬©e criticized the Trump administration's response to his murder Mike Pompeo overruled his own experts to keep Saudi Arabia off the US's list of countries that use child soldiers",politics,INSIDER,center
shawnee mission school district employee accused of stealing over $12k from district,"OLATHE, Kan. -- A Shawnee Mission School District employee has been charged with stealing more than $12,000 from the district. The alleged theft occurred for over a year. Some of the expenditures, just a few dollars. Law enforcement officials believe that cases like the one involving Mikita Watson-Burton are so important because not only are they thefts from the district but they're stealing from the entire community, too. ""Anytime you have a government or public entity where money is taken, it is basically taking from the taxpayers,"" Johnson County District Attorney Steve Howe said. Court records show that from August 2017 until August 2018, prosecutors believe Watson-Burton stole $12,567.73 from the Shawnee Mission School District. As the Secretary of Elementary Services, she was responsible for making purchases for the district's 33 elementary schools and had a district Visa purchasing card to do so. Prosecutors said not only did Watson-Burton allegedly buy things for the schools -- but also for herself, including women's clothes, meals, smoothies and gas. Charges were made to stores like Amazon, Walmart, Hy-Vee, Olive Garden, Science City and Chick-fil-A. Two payments to Burns and McDonnell for a camp and five payments to community colleges for her children were also allegedly found charged to the district's card issued to Watson-Burton. She also allegedly used the card to pay her rent. ""And what we have learned over the years is no matter what safeguards you put into place, there are work-arounds, and if somebody really wants to embezzle money, they will find those opportunities to do it,"" Howe said. When a district employee noticed some odd expenditures on Watson-Burton's district Visa, it triggered an internal audit of her account. In total, court records state Watson-Burton made 174 unauthorized purchases. When confronted, court records say Watson-Burton admitted to buying things from her work computer but said they were mistakes. She claims the purchasing card information was loaded in the computer and would auto-fill when she was buying personal items, but she didn't notice. ""What we see in so many instances is long-term employees who are trusted by small businesses,"" Howe said. ""Allowing them to have freedom to do whatever they want and that is where we see some of the most egregious losses. Because there are nor safeguards in place, no second set of eyes and those are the real tragic ones because many times those businesses end up closing up shop that losses are so devastating."" Watson-Burton had no explanation for the items bought off-site on her district-issued purchasing card. While Howe would not comment on this specific case, he did talk about these types of thefts. ""One of the things we try to teach businesses when we go out and speak to them, just put some safeguards into place that may not avoid all potential losses but will limit those losses,"" Howe said. ""Things like having a second pair of eyes to take a look at it, do an occasional audit of your books to make sure multiple people see the books and approve those processes."" The Shawnee Mission School District has an expense and approval process in place. Anything bought must be documented with a receipt and explanation on a monthly expense report and signed off by a director. According to court records, Watson-Burton's reports were signed off on by her boss, who told police she did not know anything about them. Watson-Burton denies using her boss's credentials to sign in and approve her own expense reports. Watson-Burton and the Shawnee Mission School District declined interviews with FOX4. Editor's note: You may recognize Watson-Burton, as she has been a regular guest on the FOX4 Morning Show.     ¬©2019 WDAF-TV, Kansas City Visit WDAF-TV, Kansas City at www.fox4kc.com Distributed by Tribune Content Agency, LLC.",health,Christian Science Monitor,center
"Mike Pence: 'Of course' migrant children should have toothbrushes, blankets, medicine","Vice President Mike Pence on Sunday acknowledged that ""of course"" toothbrushes, blankets and medicine are necessary basics for children -- despite the Trump administration's legal argument earlier this week that detained migrant children didn't need those items in order to be held in "" safe and sanitary conditions ."" Pence responded to footage of a Department of Justice attorney arguing that ""there's fair reason to find that those things may be part of safe and sanitary,"" before a judge states, ""Not may be, are a part."" CNN's Jake Tapper asked Pence during ""State of the Union"" on Sunday, ""Aren't toothbrushes and blankets and medicine, basic conditions for kids, aren't they a part of how the United States of America, the Trump administration treats children?"" Pence replied, ""Well, of course they are,"" and later added, ""I can't speak to what that lawyer was saying."" The vice president's comments follow CNN reporting of a group of doctors, advocates and lawyers warning of what they say are major health and hygiene problems at several US Customs and Border Protection facilities in Texas. Pence seemed to indicate that such conditions were ""one of the reasons we asked for more bed space"" when negotiating during the federal shutdown, and blamed Democrats. ""Democrats in Congress refused to expand the bed space and the capacity for us to detain people at our borders,"" he said. ""It is one of the reasons why we continue to call on Congress to give (the Department of Homeland Security), Customs and Border Protection additional resources at the border."" Tapper argued that funds currently exist to provide all children at the El Paso facility in question with the necessary hygiene products and blankets, and Pence agreed that ""of course we do."" ""My point is, it's all a part of the appropriations process,"" Pence added, punting to Congress ""to provide additional support to deal with the crisis at our southern border"" and close loopholes exploited by human traffickers. Pence also responded to accounts in The New Yorker made by lawyers who visited a border facility and described sick, dirty and unattended children sleeping on cold floors. Tapper said, ""You're a father, you're a man of faith -- you can't approve of that."" Pence replied, ""No American should approve of this mass influx of people coming across our border. It is overwhelming our system at the southern border."" When pressed on the treatment of the children, Pence acknowledged the ""heartbreaking scene"" he witnessed during his visit to a border facility in Arizona in April, and again slammed human traffickers.",legal arguments,CNN,left
westchester red-light cameras stalls in legislature,"WHITE PLAINS - More red-light cameras aren't coming to Westchester County   at least not yet. Westchester officials asked the state for permission to install up to 50 cameras on county-owned roads, but the state Legislature's session ended last week with the measure stalled. It's the second year in a row the county made the request in the waning days of the legislative session, only for it to go nowhere. FOR SALE: The College of New Rochelle's campus SALES TAX: Increase for Westchester awaits governor's signature This year, it passed the state Senate but never came to a vote of the full state Assembly. Democrats control both houses of the Legislature. The county didn't have a specific plan as to where the cameras would be installed or how much revenue they would've generated. That may have been made it easier for Assembly members to pass on bringing the measure to vote, county Legislator Catherine Borgia said. ""Maybe we should spend a little bit of time, the next six months, kind of thinking exactly how we want to execute it in Westchester,"" said Borgia, an Ossining Democrat who chairs the county Budget and Appropriations Committee. ""We'll probably be working on that and giving this another try in the legislative session next year."" If it's implemented in the middle of 2020 instead of at the start, it would mean less potential revenue in the county budget. County Executive George Latimer, a Democrat, has said he supported red light cameras as part of an effort to stabilize Westchester's shaky budgets without relying on property taxes. Westchester pays the highest property taxes in the nation, according to some measures, with the average tax bill more than $17,000. Latimer came into office in 2018 after several years of the county property tax being kept flat. But balancing budgets became increasingly difficult, with reserve funds dwindling and an ongoing reliance on borrowing and one-shot revenue sources such as sale of land. Westchester's request for the cameras came June 17, two days before the end of the state session in Albany. The county Board of Legislators' Republican Minority Leader John Testa said he opposed it at the time because of the lack of details. On Monday, he applauded that the measure didn't go through. ""I am very pleased that our state representatives listened to our objections regarding the installation of red light cameras on Westchester County roads,"" Testa said. ""I urge the administration to find new and constructive forms of revenue generation instead of taking more money out of the pockets of our residents."" Latimer wasn't available for comment Monday afternoon. Ben Boykin, chairman of the county Board of Legislators, didn't return a call seeking comment. The state Legislature has to give authority for red-light cameras, which are already in use in Yonkers, White Plains, New Rochelle and Mount Vernon. The cameras are often criticized as a cash grab for revenue-strapped municipalities, while others say they actually increase the potential for accidents because drivers slam on their brakes at intersections. Supporters say the cameras can improve safety at dangerous intersections. Westchester roads are owned by a number of different entities, but the request would only give authority for local roads that are owned by Westchester. Red light cameras were one of several asks by the county to state government. A one percentage point increase in sales tax outside made it through the Legislature but still needs a signature from Gov. Andrew Cuomo. If that increase goes through, Latimer has said he'd propose two county budgets in a row that keep the tax levy flat. The potential increase would not affect Yonkers, New Rochelle, White Plains and Mount Vernon, which already pay at least 1 percentage point more overall than the rest of the county. Follow Mark Lungariello on Facebook: @lungariello ; and Twitter: @marklungariello . This article originally appeared on Rockland/Westchester Journal News: Westchester red-light cameras stalls in Legislature",health,USA TODAY,center
'WE ARE LIVID!': Mural Honoring Philadelphia Police Officer Killed In Line Of Duty Vandalized,"PHILADELPHIA (CBS)   Neighbors are upset after a mural honoring a fallen Philadelphia police officer was vandalized on Thursday. The mural was dedicated to Sgt. Robert Wilson in 2017. Wilson was killed in the line of duty when he walked in on an attempted robbery at a North Philadelphia GameStop in 2015. Wilson went to the store to buy a gift for his son's birthday. The Philadelphia FOP is offering a $10,000 reward for any information that leads to the arrest of the vandal. ""It's sickening and disgusting that some low-life would deface the mural of hero and fallen-officer, Robert Wilson III,"" said FOP Lodge #5 President John McNesby. ""We will never forget Rob's bravery, courage and valor when he saved lives inside that GameStop store."" 'I'm Disgusted': Family Of Murdered Philadelphia Police Sgt. Robert Wilson III Frustrated With Killers' Plea Deal Denise Hooks, the owner of the Strawberry Mansion building where the mural is painted, is speaking out. ""I don't know if this is a racial slur against the police, or if it's a slur because they want this neighborhood back, but there's something going on around here,"" Hooks said. ""It's terrible because I feel like his mother got to see this, his son got to see this, his sister has to see this and they already buried their son, their father, their brother. We loved Officer Wilson, he was a hero."" Shaki'ra Wilson-Burroughs, the sister of officer Wilson released a statement Thursday night. ""The ignorance and disrespect shown toward police is at an all time high. Learning of the blatant disrespect that has been repeatedly shown toward my brother has resulted in an indescribable emotional reaction. In other words, WE ARE LIVID! One year ago, the DA of this city set this tone of disrespect for the city by slighting Sgt. Wilson, III by offering a backdoor plea and denying him a trial. ""If the DA, top persecutor of this city, can tarnish the efforts and life of a slain officer while backing criminals then, why should any other layman warrant any real respect and keep their memory alive? Stating this is not to take away from the shaming and defacement of Sgt. Wilson's mural. It has enhanced the ignorance and disrespect shown toward our officers as the consequences of such are as minuscule as a slap on the wrist. ""Yes, my brother was an officer of the Philadelphia Police Department. He was also a man who put his life on the line to protect and save the lives of those in that GameStop. He lost his life and, in any capacity, that should be enough to warrant respect."" If you know anything about this graffiti, call police.",crime,CBS,left
federal judges send 2020 census lawsuit back to lower court,"BALTIMORE (AP)   A lawsuit that alleges a 2020 census question pushed by the Trump administration violates minorities' rights will be sent back to a federal court in Maryland so new evidence can be considered, U.S. appeals judges ruled Tuesday. The 4th Circuit Court of Appeals' decision comes a day after U.S. District Judge George Hazel of Maryland suggested in an opinion that racial discrimination and partisan power plays could be the underlying motives in asking everyone in the country about citizenship status. The 4th Circuit's order sending the case back to Hazel could be pivotal. ""The decision today opens up a potentially new legal front in the fight against the citizenship question,"" said Thomas Wolf, counsel for the Democracy Program at the Brennan Center for Justice and an expert on census matters. The Supreme Court is expected to decide this week whether the Trump administration can add its citizenship question to the 2020 population survey. However, the justices are not considering legal questions about whether the citizenship addition might be discriminatory. Now that the 4th Circuit has sent this lawsuit back to the federal court in Maryland, Hazel could issue an injunction blocking the citizenship question. If that were to happen, the order issued by the lower court would have to hold until the Supreme Court can take up the matter, according to Wolf. And because the Supreme Court does not generally hear arguments again until October after this week's decisions, there would be more time for the 4th Circuit to hear an appeal, said Jennifer Nou, a University of Chicago law professor. ""Who will be the 'final word' depends on the true deadline for when the census forms must be printed. If the true deadline for the census forms occurs before the Supreme Court reconvenes, for example, there is a chance that the 4th Circuit could be the final word,"" Nou said in an email. The Trump administration insists that printing of census questionnaires is supposed to begin July 1. It wants justices to resolve the citizenship question swiftly in its favor, essentially cutting off additional proceedings in court in Maryland and New York and allowing the census forms to be printed with the new question. Even before the 4th Circuit issued its order, the U.S. Justice Department was urging the Supreme Court to ignore the evidence Hazel says merits further review. ""It is based on a speculative conspiracy theory that is unsupported by the evidence and legally irrelevant to demonstrating that (Commerce Secretary Wilbur Ross) acted with a discriminatory intent,"" Solicitor General Noel Francisco, Trump's top Supreme Court lawyer, wrote in a Tuesday letter to the court. But in his court filing Monday, Hazel reasoned that the trove of new evidence ""potentially connects the dots between a discriminatory purpose   diluting Hispanics' political power   and Secretary Ross's decision"" to include the citizenship question. The new evidence consists of computer documents from Republican operative Tom Hofeller, who died last year. They include detailed calculations projecting gains Republicans would see in Texas by basing legislative districts on the number of voting-age citizens rather than the total population. The late North Carolina redistricting expert said in the documents that GOP gains would be possible only if the census asked every household about its members' immigration status for the first time since 1950. Ross, who oversees the Census Bureau, said in a memo last year that the Justice Department wants to ask the question to gather data to help identify majority-minority congressional districts, which the Voting Rights Act calls for when possible. In his opinion issued a day before the 4th Circuit's order, Hazel said he would reopen discovery for 45 days, order an evidentiary hearing and issue a ""speedy ruling."" ___ Associated Press writer Mark Sherman in Washington contributed to this report. Follow McFadden on Twitter: https://twitter.com/dmcfadd",politics,ABC News,left
Scientists amazed as Canadian permafrost thaws 70 years early,"By Matthew Green LONDON (Reuters) - Permafrost at outposts in the Canadian Arctic is thawing 70 years earlier than predicted, an expedition has discovered, in the latest sign that the global climate crisis is accelerating even faster than scientists had feared. A team from the University of Alaska Fairbanks said they were astounded by how quickly a succession of unusually hot summers had destabilized the upper layers of giant subterranean ice blocks that had been frozen solid for millennia. ""What we saw was amazing,"" Vladimir E. Romanovsky, a professor of geophysics at the university, told Reuters by telephone. ""It's an indication that the climate is now warmer than at any time in the last 5,000 or more years."" With governments meeting in Bonn this week to try to ratchet up ambitions in United Nations climate negotiations, the team's findings, published on June 10 in Geophysical Research Letters, offered a further sign of a growing climate emergency. The paper was based on data Romanovsky and his colleagues had been analyzing since their last expedition to the area in 2016. The team used a modified propeller plane to visit exceptionally remote sites, including an abandoned Cold War-era radar base more than 300 km from the nearest human settlement. Diving through a lucky break in the clouds, Romanovsky and his colleagues said they were confronted with a landscape that was unrecognizable from the pristine Arctic terrain they had encountered during initial visits a decade or so earlier. The vista had dissolved into an undulating sea of hummocks - waist-high depressions and ponds known as thermokarst. Vegetation, once sparse, had begun to flourish in the shelter provided from the constant wind. Torn between professional excitement and foreboding, Romanovsky said the scene had reminded him of the aftermath of a bombardment. ""It's a canary in the coalmine,"" said Louise Farquharson, a post-doctoral researcher and co-author of the study. ""It's very likely that this phenomenon is affecting a much more extensive region and that's what we're going to look at next."" Scientists are concerned about the stability of permafrost because of the risk that rapid thawing could release vast quantities of heat-trapping gases, unleashing a feedback loop that would in turn fuel even faster temperature rises. Even if current commitments to cut emissions under the 2015 Paris Agreement are implemented, the world is still far from averting the risk that these kinds of feedback loops will trigger runaway warming, according to models used by the U.N.-backed Intergovernmental Panel on Climate Change. With scientists warning that sharply higher temperatures would devastate the global south and threaten the viability of industrial civilization in the northern hemisphere, campaigners said the new paper reinforced the imperative to cut emissions. ""Thawing permafrost is one of the tipping points for climate breakdown and it's happening before our very eyes,"" said Jennifer Morgan, Executive Director of Greenpeace International. ""This premature thawing is another clear signal that we must decarbonize our economies, and immediately."" (Reporting by Matthew Green; Editing by Mark Heinrich)",environmental issues,Reuters,center
Howell Station neighbors call foul on plans for gas station near Beltline corridor,"An aging auto repair shop on Howell Station's West Marietta Street is slated to be razed and replaced with a four-pump gas station, and some neighbors aren't happy about it. The property sits at the corner of West Marietta and Rice streets, just east of the under-construction Westside Park at Bellwood Quarry. It's part of the Beltline Overlay District, neighboring a section of single-family homes. A segment of the Beltline's Westside Trail is expected to run just west of the proposed gas station in coming years, via what are now lanes of West Marietta Street. Nina Gentry, a representative for the property owner, filed an application for a Special Administrative Permit with the City of Atlanta zoning office May 13. But some neighbors living near the proposal, namely members of the Howell Station Neighborhood Association, say plans for the new gas station and convenience store need to fizzle out. ""Obviously, this is not a use we support due to the quality-of-life issues presented by a gas station abutting single-family residential, proximity to the Beltline, as well as traffic at that intersection being already difficult to navigate,"" reads an email the organization's board sent to city and Beltline officials and provided to Curbed Atlanta. The board concedes that service stations are allowed in the Beltline Overlay District, but a member of the board, who asked to remain anonymous, said they'd previously told Gentry the proposed project ""is clearly the opposite"" of what they'd like to see at the property. Gentry could not be reached for comment by press time, and this story will be updated should we receive a response to inquiries. Additionally, per the neighborhood source, the current zoning designation prohibits the construction of a gas station. Via the zoning code: Transitional uses: Where a lot in this district abuts a lot in any R-1 through R-G district at the side along the same street frontage, and without an intervening street, the first lot within this district, or the first 100 feet of such lot if it is wider than 100 feet, shall not be used for any secured-storage facility, drive-in facility, car wash, service station, mortuary or funeral home, sales lot for automobiles, or body shop. ""Unfortunately, service stations are allowed in the Beltline Overlay, but they must conform to all of the streetscape regulations, including not locating pumps between the building and the street,"" said the source. ""This site may not be considered to be bound by three streets as a single-family residential property extends [next to] the existing body shop."" The source asserted that the developers are attempting to ""creatively replat the lot to pretend there's a buffer lot adjacent to the [residences], and they're trying to claim the existing body shop is actually a service station and therefore grandfathered in."" Have a look below at initial site plans for what's called the JC Superior Automotive Redevelopment, per filings with the city.",environmental issues,Curbed Atlanta,left
mitsotakis sworn in as greek prime minister after big win,"ATHENS, Greece (AP)   Conservative party leader Kyriakos Mitsotakis has been sworn in as Greece's new prime minister Monday, a day after his resounding win over left-wing Alexis Tsipras, who led the country through the tumultuous final years of its international bailouts. Mitsotakis, 51, arrived at the presidential mansion for the official swearing-in ceremony accompanied by his wife and three children, with the ceremony conducted by Archbishop of Athens Ieronymos. He was to then head to the prime minister's office for a handover of duties, and was expected to name his cabinet later in the day. Mitsotakis' New Democracy party won 39.8% of the vote, giving him 158 seats in the 300-member parliament, a comfortable governing majority. Tsipras' Coalition of the Radical Left, or Syriza, garnered 31.5%. The extremist right-wing Golden Dawn, Greece's third largest party during the height of the financial crisis, failed to make the 3% threshold to enter parliament. Mitsotakis will have to move fast to deal with the myriad of problems still plaguing the economy. Europe's finance ministers are meeting in Brussels on Monday and will be discussing Greece, which still has stringent fiscal targets to meet even though it no longer directly receives bailout loans. ""I assume the governance of the country with full awareness of the national responsibility,"" Mitsotakis said in his victory speech Sunday night. ""I know of the difficulties that lie ahead for me and for my associates. But I draw strength from the strength of the people."" Greece's economy shrank by a quarter and poverty and unemployment levels soared during the country's nearly decade-long financial crisis. Although its finances are on the mend and the economy is expected to grow by 2.2% this year, it still has a long way to go to make up the economic output lost. The country's debt stands at about 181% of annual GDP and Greece has pledged to continue producing large primary surpluses   the budget excluding debt servicing   of more than 3% of GDP for years to come. Mitsotakis said Sunday he would stick to his campaign pledges of lowering taxes, attracting investments and cutting through red tape to make Greece more business-friendly. ""New Democracy's clear victory in Greece's parliamentary elections yesterday will be welcomed by investors,"" said economics consultancy Capital Economics in a research note. ""But it will not be a game changer for the economy, not least because the government will still be constrained by its membership of the single currency and its 'surveillance' agreement with the EU."" That caution was evident in the performance of the main stock market in Athens, which was down 1.4 percent in midday trading Monday as investors booked profits generated during the recent rally that was largely based on expectations of a Mitsotakis victory. Mitsotakis will also have to contend with pension increases and other benefits the outgoing government granted ahead of European elections in May   benefits which European creditors had warned could make Greece's fiscal targets hard to meet. ""Although Greece exited its third bailout in mid-2018, it is subject to 'enhanced surveillance' which bears a striking resemblance to a bail-out program,"" Capital Economics said. ""For example, the government will get further relief on the cost of servicing its public debt only if it sticks to tight fiscal policy.""",science,The Washington Post,left
"alabama woman charged in fetal death, her shooter goes free","MONTGOMERY, Ala. (AP)   An Alabama prosecutor's office hasn't decided whether to prosecute a woman who lost her fetus after she was shot in the stomach and was subsequently indicted on manslaughter charges. Marshae Jones was five months pregnant when 23-year-old Ebony Jemison shot her in the stomach during a December altercation regarding the fetus's father, authorities said. Jemison was initially charged with manslaughter, but a Jefferson County grand jury declined to indict her after police said an investigation determined Jones started the fight, and Jemison ultimately fired in self-defense. Jones, 28, was indicted by that same grand jury Wednesday. The indictment stated Jones did ""intentionally cause the death"" of ""Unborn Baby Jones by initiating a fight knowing she was five months pregnant."" However, the office of District Attorney Lynneice O. Washington said there has been no decision on whether to pursue the case against Jones. Washington's office said in a statement they ""feel sympathy for all the families involved, including Mrs. Jones, who lost her unborn child."" While the grand jury ""had its say,"" the statement said, the office has ""not yet made a determination about whether to prosecute it as a manslaughter case, reduce it to a lesser charge or not to prosecute it."" ""Foremost, it should be stated that this is a truly tragic case, resulting in the death of an unborn child,"" the prosecutor's office said. ""The fact that this tragedy was 100 percent avoidable makes this case even more disheartening."" After the shooting, Pleasant Grove police Lt. Danny Reid had called the fetus ""the only true victim."" who was unnecessarily brought into a fight and was ""dependent on its mother to try to keep it from harm."" Advocates for women's rights expressed outrage over Jones' arrest. Lynn Paltrow, executive director of National Advocates for Pregnant Women, said women across the country have been prosecuted for manslaughter or murder for having an abortion or experiencing a miscarriage. She said Alabama currently leads the nation in charging women for crimes related to their pregnancies. She said hundreds have been prosecuted for running afoul of the state's ""chemical endangerment of a child"" statute by exposing their embryo or fetus to controlled substances. But this is the first time she's heard of a pregnant woman being charged after getting shot. ""This takes us to a new level of inhumanity and illegality towards pregnant women,"" Paltrow said. ""I can't think of any other circumstance where a person who themselves is a victim of a crime is treated as the criminal."" The district attorney's office said it will decide how to proceed ""only after all due diligence has been performed."" Alabama is one of dozens of states that have fetal homicide laws allowing criminal charges when fetuses are killed in violent acts, according to the National Conference of State Legislatures. Jones' arrest also drew criticism from the Yellowhammer Fund, which raises money to help women have access to abortions. ""The state of Alabama has proven yet again that the moment a person becomes pregnant their sole responsibility is to produce a live, healthy baby and that it considers any action a pregnant person takes that might impede in that live birth to be a criminal act,"" said Amanda Reyes, the group's director. ___ Associated Press reporters Jeff Martin in Atlanta and Kim Chandler in Montgomery, Alabama, contributed to this report.",environmental issues,San Francisco Chronicle,left
'Truly terrifying': 3 people treated for panic attacks after fireworks scare inside DC's Union Station,"A series of loud bangs inside Union Station in Washington, D.C., on Sunday set off panic with people in the station fearing a shooter, though public officials say there were no gunshots. The ""the loud bangs were fireworks being set off,"" Deputy Mayor for Public Safety and Justice Kevin Donahue tweeted just after 5 p.m. EDT. There was no active shooter or gunshot victims, he said. WRC-TV reported medics treated three people at the scene for panic attacks. In a statement to USA TODAY, Amtrak Police said there were no reported injuries. Some Twitter users described panic: The nation is terrified of being murdered by gunfire. Was just in Union Station for false alarm active shooter. Panic ensued. Ended up escaping through the back with @UniqloUSA staff + shoppers. One month ago today I was hiding in someone's yard at DC Pride active shooter panic.   Pia Carusone (@piacarusone) July 7, 2019 We were in union station in dc when fireworks were mistaken for gunshots today. Saw a crowd of people running. Didn't ask questions, just ran. It was truly terrifying. I hate that this is the world we live in today. Just want to send love and gratitude that everyone is okay.   Erica Tachoir (@etachoir) July 7, 2019 Just had to barricade myself in the bathroom at Union Station because there was a report of a gunman and loud shots. Everyone was panicking. Turned out thankfully to be firecrackers, but eugh. What a terrible fright. üòû   No Shoes (@noshoes039) July 7, 2019 WHY WAS I WALKING THROUGH UNION STATION and SHOTS start going off!!! Everybody is running and screaming! I drop my drink and almost lose my bag! And 2 minutes later someone says, ""someone was playing with fireworks"" üôÑü§¶üèæ‚Äç‚ôÇÔ∏è BRUH THANK GOD it wasn't worse üôåüèæüò≠   JB (@jbalagizi) July 7, 2019 This article originally appeared on USA TODAY: 'Truly terrifying': 3 people treated for panic attacks after fireworks scare inside DC's Union Station",crime,USA TODAY,center
Get Ready for 'Gracepoint': A UK Whodunit Redone,"Let's face it: The Brits are really good   perhaps too good   at TV crime drama. Especially the dark and grisly whodunits, where anyone and everyone   often in a community where everyone knows each other   quickly becomes a suspect in the crime. Where suddenly one of the neighbors might just be a murderer. Broadchurch , which aired in the U.K. last year, is a first-rate example. The highly acclaimed crime drama, starring David Tennant (of Dr. Who fame), is about the murder of an 11-year-old boy in a close-knit seaside town. And it's a masterful piece of TV. With a character-driven script, compelling cinematography and an award-winning score , the show was a huge hit with blockbuster ratings. Which is probably why the people at Fox snapped up the show to remake it for a U.S. audience. A deliciously, nail-bitingly suspenseful story‚Ä¶ Get ready for Gracepoint . Set in a coastal town in northern California (but actually filmed further north in British Columbia), the plot is similar: A young boy from a small community is found dead on the beach. One by one, members of the town become the focus of the investigation, helmed by lead detective Emmett Carver, an outsider brought in to investigate, and the slightly disgruntled hometown detective, Ellie Miller, who was passed over for the top job. At its core, it's a story of a tragedy, and a town that must somehow come to grips with that tragedy. It's not clear yet just how faithful Gracepoint   billed by the network as a ""10-Part Mystery Event""   will be to its acclaimed predecessor, although the trailer definitely has a familiar feel . The show's official site promises some new characters and additional suspects and plot twists   which might be worrisome, considering how deliciously, nail-bitingly suspenseful the original story unfolds. Tennant even recently teased that ""the ending is going to be different."" The biggest casting surprise: David Tennant. Not only does he reprise the top-cop role, but he also swaps his Scottish accent for a Californian one. The delightful Anna Gunn of Breaking Bad plays Carver's sidekick: the likable, earnest hometown detective   who also happens to be the best friend of grieving mother Beth, played by Virginia Kull (The Following, Boardwalk Empire). Jacki Weaver and Nick Nolte also make appearances. For fans of Broadchurch , which aired on BBC America last summer, the promise of a different ending makes the wait until the fall 2014 season that much more unbearable. Successful American TV series based on British TV series: All in the Family House of Cards Life on Mars The Office Shameless Sherlock Three's Company So how good is Tennant's Californian accent? Apparently "" fantastic ,"" according to show creator Chris Chibnal. ( Watch this compilation and decide for yourself.) Tennant follows many Brit actors who have played thoroughly convincing Americans: Andrew Lincoln and David Morrissey ( The Walking Dead ), Hugh Laurie ( House ), Charlie Hunnam ( Sons of Anarchy ), Matthew Rhys ( The Americans ), Alan Cumming ( The Good Wife ). But if Fox pulls this off and successfully re-creates one of the best U.K. whodunits in recent memory, viewers won't be paying attention to Tennant's Golden State nuances. No, we'll be riveted to the screen, watching transfixed as devastated town residents unravel, turning against each other. Waiting to find out who really killed Danny Lasseter. Video: Official Trailer: Gracepoint",crime,NPR,center
New rally called while Phoenix police chief promises change,"PHOENIX (AP)   Police Chief Jeri Williams promised change in her department after being booed by some of hundreds of people gathered to discuss a videotaped police encounter that has caused a national outcry. The meeting at a downtown church Tuesday night was called by the city after the release of a bystander's video of officers who pointed their guns and shouted obscenities last month at a black family. Dravon Ames and his pregnant fiancee Iesha Harper, who was holding their 1-year-old daughter, say their 4-year-old daughter took a doll from a store without their knowledge. ""Real change starts with the community,"" Williams said to a sometimes hostile crowd comprised mainly of blacks and Hispanics. ""Real change starts with the firing of the officers! Fire them!"" one woman shouted toward the stage, where Williams, who is herself black, was seated next to Mayor Kate Gallego and other Phoenix city leaders. Williams assured those gathered that the meeting would not be the last. ""We are here to listen, we are here to make change,"" she said. The couple wants the officers to be fired. Local advocacy groups have called a rally outside City Hall on Wednesday afternoon, following by a march to a regular City Council meeting to call for police department reforms. Ames addressed the crowd briefly, drawing applause when he said he and his family were lucky to be alive after the incident. ""No one should ever try to justify what happened that day,"" he said. ""We matter,"" said Harper. Others who spoke included the father of Jacob Harris, a black 19-year-old man who was shot and killed by a Phoenix officer in January following an armed robbery. Earlier Tuesday, Phoenix police released surveillance video aimed at backing up their assertion that adults and not just a child were shoplifting before the incident. The heavily edited store video shows a man taking something from a display rack and examining it, but it's unclear what happened to the package when he walked off camera. Another snippet of video shows a little girl with a doll in a box walking out of the store accompanied by adults. A police statement last week about the incident in late May states Ames told police he threw a pair of stolen underwear out of his car. Police also say a woman traveling in a different vehicle was arrested separately for stealing aluminum foil. The store decided not to prosecute and no charges have been filed. The couple filed a $10 million claim against the city alleging civil rights violations. The race of the officers is not known. Ames has a pending case on charges of aggravated assault of a police officer in an unrelated case that followed a traffic accident in suburban Tempe, Arizona, last year. Court documents say Ames unsuccessfully tried to kick officers several times when they arrested him on suspicion of driving under the influence of marijuana. One Tempe officer used a stun gun on Ames because he thought he was trying to grab the other officer's gun, according to documents. Phoenix police have not responded to repeated questions about whether the officers in the videotaped encounter following the alleged shoplifting were aware of, or influenced by, Ames' earlier case. Civil liberties attorney Sandra Slaton has called the prior case irrelevant. The police chief has said an investigation into the officers' actions is under way.",politics,AP News,center
'Look what I did to her sons.' Trump fires back at Barbara Bush remarks in new biography,"Video by Veuer WASHINGTON   President Donald Trump dismissed criticism from former first lady Barbara Bush detailed in a new book , saying he was not surprised by her words given that he had defeated her son for the 2016 Republican presidential nomination. ""I have heard that she was nasty to me, but she should be,"" the president told The Washington Times in an interview published on Thursday. ""Look what I did to her sons."" Trump was responding to the former first lady's criticism included in a biography published this month , The Matriarch: Barbara Bush and the Making of an American Dynasty, by USA TODAY Washington Bureau chief Susan Page. Excerpts of the book were first published in USA TODAY. In that book, Bush blamed Trump for aggravating her long battle with congestive heart failure and chronic pulmonary disease. Bush also told Page that she'd ""probably say no"" when asked if she still considered herself a Republican. Bush, who died a year ago this month, and the Bush family had a tense relationship with Trump , who frequently criticized former President George W. Bush on the campaign trail in 2016. Trump also frequently derided former Florida Gov. Jeb Bush, one of his opponents for the 2016 Republican presidential nomination, dubbing him ""low energy Jeb."" ""I'm trying not to think about it,"" Barbara Bush said in an interview that took place in 2018 as the first anniversary of Trump's election approached. ""We're a strong country, and I think it will all work out."" Trump's remarks directed at Barbara Bush come after he has drawn criticism from fellow Republicans for a month-long assault on the late Sen. John McCain of Arizona. McCain, who died in August, had sharp words for the president toward the end of his life, and used his final speech on the Senate floor to call for a return to comity and bipartisanship in Washington. This article originally appeared on USA TODAY: 'Look what I did to her sons.' Trump fires back at Barbara Bush remarks in new biography",politics,USA TODAY,center
"Lawmakers close in on confirming Cuomo's budget director to MTA board, say governor is now fully responsible for agency","Gov. Cuomo's budget director, Robert Mujica, is expected to join the MTA board, despite concerns over his upstate residency and potential conflicts of interest. The state Senate was considering Mujica's nomination late Wednesday after he was grilled in a pair of committee hearings over his relationship with the governor. Some lawmakers said the appointment forces Cuomo to take responsibility for the Metropolitan Transportation Authority. ""The only silver lining here is while the governor has been for years now evading responsibility for anything wrong with the MTA, he can no longer do that,"" said Sen. Gustavo Rivera (D-Bronx). Lawmakers were expected to provide Mujica with an exception to a law requiring Metropolitan Transportation Authority board members to reside in one of the 12 downstate counties served by the agency. The statute was expected to be bundled into a bill with other items and voted on at some point early Thursday. Rivera, the only member of the Finance Committee to vote against Mujica's nomination during a confirmation hearing, said the appointment was a ""direct conflict of interest."" During Mujica's confirmation hearing, Finance Committee Chairman Liz Krueger questioned whether the budget director's seat on the board violates the Public Authorities Reform Act of 2009 (PARA) , which requires that board members of public authorities like the MTA ""have an explicit fiduciary duty to the authority and not to the appointing entity."" Mujica said his potential conflicts of interest are no worse than some previous MTA board members and defended his independence. ""I'm independent, I've always been an independent person and I will continue to be independent on the MTA board,"" Mujica told the Finance Committee. ""This year there are many reforms that were made to the MTA by statute, including changing the board structure. There is a belief that there is rationale and a strong state interest to have the state budget director as a person who is on the board."" Rachael Fauss, an analyst at good-government group Reinvent Albany, criticized the move, saying ""MTA board members cannot serve two masters on MTA issues."" ""We believe it is inherently impossible for the state's budget director, who must sign off on numerous MTA contract and aid agreements, to fulfill his fiduciary duty as an MTA board member,"" said Fauss. ""We are extremely concerned that this major legislation is coming to a vote with zero opportunity for public comment under the guise of a confirmation hearing."" The Senate was also slated to confirm Cuomo's nomination of Department of Financial Services Superintendent Linda Lacewell and Mayor de Blasio's nomination of the city's former Office of Labor Relations Commissioner Bob Linn to the board. Lawmakers did not move forward with Hizzonner's other MTA board nominee, the city's head climate policy adviser Dan Zarrilli, who was picked to fill the seat left vacant by Carl Weisbrod earlier this year. That means the mayor will continue to have three voting members instead of four on the MTA board while the agency completes a massive state-mandated reorganization.     ¬©2019 New York Daily News Visit New York Daily News at www.nydailynews.com Distributed by Tribune Content Agency, LLC.",politics,New York Daily News,left
"warren jeffs' son, who spoke out against infamous polygamous leader, dies","Editor's note: The above video is an inside look at a northern Arizona community that used to be ruled by cult leader Warren Jeffs. SALT LAKE CITY (AP)   A man who spoke out against his infamous father who led a polygamous sect has died, his sister said Tuesday. Roy Jeffs was abused sexually and psychologically as a child by their father Warren Jeffs, and died by suicide May 29, his sister and brother said. He was 26. He was determined to tell his story to help other loved ones break away from the group controlled by their father, who is serving a life prison sentence in Texas after being convicted of sexually assaulting girls he considered wives. Roy Jeffs told The Associated Press in 2015 that his father controlled the group based along the Utah-Arizona state line with an iron fist, separating families and banning things such as movies and bicycles. PREVIOUSLY: Warren Jeffs' son talks of life in secretive polygamist sect Roy Jeffs' mother remained in the group, and the complete separation from her was especially painful for him. He never stopped trying to reach her, said his brother, Raymond Jeffs. A funeral is planned for Saturday, and the family has set up a GoFundMe account to help pay the costs. ""He never quit trying to have his voice heard, to make everyone realize what abuse Father had done to him, to his family to everyone,"" said Raymond Jeffs. He hoped that by speaking out he could eventually help the family reunite out of Warren Jeffs' grip, his sister Rachel Jeffs said. ""I know his whole goal was to bring the family together and be more kind to each other in a more loving world,"" she said. ""I know he just wanted everyone to be happy."" RELATED: Humanitarian aid takes root in Colorado City, Hilldale since arrest of Warren Jeffs Rachel Jeffs has publicly accused her father of sexually abusing her as well. Warren Jeffs refused an AP request for comment made through Texas prison officials on Tuesday, and no lawyer or representative could immediately be found for comment. The group known as The Fundamentalist Church of Jesus Christ of Latter-day Saints does not have a spokesman or a phone listing where leaders can be contacted. Rachel Jeffs said her father continues to control the group from prison. Roy Jeffs said he was sexually abused by his father before he turned 6 years old. He finally decided to leave after years of being controlled, manipulated and shuffled around the country to atone for perceived transgressions, he told the AP. ""If I think about too hard, think about everything that has happened, it just breaks me down real bad,"" he said in 2015. He said his father imposed his control over followers by reassigning children and wives to different men, sending people to ""houses of hiding"" and wielding the constant threat of exile. Cellphones, toys, movies, the internet, bicycles and even swimming have been strictly forbidden. ""I just want the truth to be out there,"" Roy Jeffs said. ""I want that information to be there so when people are questioning things and they are looking around, my story is there."" Life with Father Warren Jeffs' children Becky and Ray Jeffs provide more insight into their father and how they view him today. NBC News RELATED: Leader of polygamist group moves to Minnesota",science,Associated Press,center
meghan markle has been branded 'difficult' by tabloids. it's the same sexism that demonizes driven women in the workplace.,"Tabloids have reported that Meghan Markle is known among palace staff as ""duchess difficult,"" Me-Gain,"" and ""Hurricane Meghan."" She has been said to send emails to her staff at 5 a.m. and ""bombards"" her aides with texts. Disparaging a member of the royal family for having too many ideas or caring too much about charity work is ridiculous. It rings of the sexism that often demonizes driven women as ""abrasive"" or ""bossy"" while men are praised for being ""aggressive."" People love tearing down powerful women by dismissing them as difficult divas. Visit INSIDER's homepage for more stories. Kensington Palace is notoriously tight-lipped about rumors regarding members of the royal family. But throughout Meghan Markle's first year as a royal, reports have surfaced featuring unflattering nicknames for the Duchess of Sussex such as "" duchess difficult, "" "" Me-Gain, "" and "" Hurricane Meghan ."" The supposed grievances that have earned Markle these titles include waking up at 5 a.m., ""bombarding"" her aides with texts , and holding ""undercover"" meetings with British citizens affiliated with charitable causes. Angela Levin, royal biographer and author of ""Harry: Conversations with the Prince,"" also said in the CBS special ""Harry and Meghan Plus One"" that Markle is ""not popular"" among Prince Harry's friends because ""they seem to think that she's running the show."" Indeed, Markle is already the patron of four different organizations, two of which were handed down to her directly by Queen Elizabeth . She's also been known to break royal protocol when interacting with the public the way Princess Diana often did. She opts for hugs over handshakes, wears pantsuits instead of more traditional royal formal wear , and is a proud feminist which is perhaps enough to ruffle some feathers in British high society. Read more : Every time Meghan Markle broke royal protocol Controversy surrounding Markle's role in the royal family is not new Even before she and Harry were engaged, Markle was subject to such a volatile "" wave of abuse and harassment "" from members of the press and anonymous trolls that Harry's communications secretary issued a rare statement condemning the ""outright sexism and racism"" she faced. The scrutiny has only intensified since the royal couple married last year and welcomed their son Archie in May, thrusting them even further into the public eye. These days, Markle is being labeled ""difficult"" and unpopular because it seems that she's ""running the show."" This type of gender bias is also not new. Disparaging Markle for having too many ideas or caring too much about charity work rings of the sexism that often demonizes driven women A 2012 study published in Research in Organizational Behavior found that descriptive gender stereotypes (ideas about what women are like) and prescriptive gender stereotypes (ideas about what women should be like) impede women's professional advancement . When women exhibit a more assertive leadership style stereotypically associated with men, they face ""disapproval and social penalties"" that keep them from getting promoted. One study of women in tech published in Fortune found that women are more often called ""abrasive"" and ""bossy"" in performance reviews while men are praised for being ""aggressive."" A Skyline Group International report also found that "" Women who check detailed progress every day are seen as micromanaging and bossy "" and that ""employees are more receptive to women in leadership who present themselves with poise and authenticity."" All of Markle's supposed transgressions - waking up early, sending ideas and delegating tasks to her staff, holding meetings with potential partners - sound like a woman with ambition. What's truly ""difficult"" is why people feel the need to ridicule her for it. Read more: Prince Philip reportedly told Prince Harry not to marry Meghan Markle because 'one steps out with actresses, one doesn't marry them' Meghan Markle has overtaken Kate Middleton as the most influential royal style icon, according to a fashion search platform Every time Meghan Markle broke royal protocol Meghan Markle's official job title is 'Princess of the United Kingdom.' Here's what her role actually involves",crime,Chicago Tribune,center
"Police in California shot 55 times in 3.5 seconds and killed Willie McCoy. That's 'reasonable,' report says","The family attorney for a slain California rapper on Thursday dismissed an independent report that found officers acted reasonably in the February shooting, saying he expected the city of Vallejo would hire an expert to support police. The report released this week found that six officers fired 55 times at 20-year-old Willie McCoy in the span of 3.5 seconds shortly after he woke up from sleeping in his car in the drive-thru lane of a Taco Bell restaurant. Attorney John Burris told USA TODAY he believed the report was irrelevant, particularly since the hired expert also deemed police had probable cause in the fatal 2018 shooting of Stephon Clark . ""It only means to me that local police agencies have found a person they can count on to support their position,"" Burris said. 'Sitting duck': Police release bodycam video in fatal shooting of California rapper The independent use of force report ordered by the city concluded each officer had probable cause to believe McCoy posed an immediate threat. The report's author, David Blake, a police consultant and retired peace officer, also wrote that police had reasonable suspicion to detain McCoy, who was found unconscious in his car while in possession of a gun. Blake reviewed video footage and interviewed officers and witnesses to inform his opinions. ""Officers are not required to wait until a weapon is pointed at them to take the necessary steps to save their own lives,"" Blake wrote in the report , adding that their actions were ""reasonable based upon my training and experience as a range instructor as well as through applied human factors psychology."" His consulting office did not immediately respond to USA TODAY's request for comment. Charges: Police killings of black men in the U.S. and what happened to the officers City Attorney Claudia Quintana said the independent report is not expected to affect the investigations by the Vallejo Police Department or Solano County District Attorney's Office. It may take nearly two years for the office to issue a final report, police have previously said . The report released this week was prepared in anticipation of civil litigation, Quintana said in an email to USA TODAY. Burris has filed a wrongful death and civil rights violation claim against the city. He said a federal lawsuit is also planned. The incident, Burris said, is one of more than 10 pending cases he is working that accuse the Vallejo Police Department of racial profiling and excessive force. Burris said the independent report will not affect his assessment on McCoy's case. ""These officers used deathly force tactics,"" Burris said. ""They wake a man up and, before he has a chance to react, they shoot and kill him. That cannot be reasonable."" Related slideshow: Over-reaction or unavoidable shooting in Vallejo? (San Francisco Chronicle) This article originally appeared on USA TODAY: Police in California shot 55 times in 3.5 seconds and killed Willie McCoy. That's 'reasonable,' report says",legal arguments,USA TODAY,center
Boston Globe explains why it hasn't surfaced David Ortiz shooting rumors,"One of the downsides of being an owned by a multibillionaire with extensive business ties to local institutions is the conflict of interest question. For the Boston Globe, which is owned by John Henry, this dilemma arises whenever there's unflattering Red Sox news. So it is unsurprising some questions are starting to arise about the paper's coverage of David Ortiz's shooting. It's been 15 days since Ortiz was shot at close range in the lower back at a bar in his native Dominican Republic. He's finally been moved out of intensive care at Mass General Hospital and seems to be on his way towards recovery. Big Papi underwent two extensive surgeries, one in Santo Domingo and another back in Boston, in the immediate aftermath of the incident. Last week, Dominican authorities announced they determined Ortiz wasn't the intended target of the apparent assassination attempt, contradicting some of their previous statements in court documents. The Globe, to its credit, has published at least three articles that question the Attorney General's claim: Dan Shaughnessy's column about the explanation's lack of believability, interviews with Dominicans who doubt the authorities, and an explainer piece about the Dominican's corrupt police force . But the Globe hasn't surfaced any alternative theories about the motive, which have circulated elsewhere. Several outlets, including the Daily Mail and New York Post, have quoted anonymous Dominican sources who say Ortiz was carrying on a romantic affair with a drug kingpin's wife. The woman, model Maria Garcia, is videotaped getting into an altercation with members of Ortiz's entourage at the Santo Domingo hospital the night he was shot. Ortiz also purchased Garcia an $84,500 Lexus the day before the episode. ""Question for the @bostonglobe: have you established whether that $84,500 Lexus bill of sale and payment are authentic? Or that video showing an altercation outside Ortiz's DR hospital room?,"" tweeted WGBH correspondent Adam Reilly . In an email exchange with WEEI.com, Globe managing editor Jennifer Peter explained the paper's decision to not publish any of the rumors -- yet. ""We've obviously seen the same stories you have, but we don't surface rumors,"" she replied. ""We do reporting, which is ongoing in this case."" With at least 11 suspects already arrested, this complex case is just getting started. But if authorities didn't offer any additional information about Ortiz, the public will lose interest, if it hasn't already. There appears to be universal skepticism about the mistaken identity theory. But it could take an uncomfortable amount of digging to uncover any deep-seated truths. This high-profile shooting case involving one of Boston's most beloved sports stars may forever be clouded in mystery.",crime,Boston Globe,left
"'pathetic rout,' 'tragic mistake' and 'painful'   john mccain holds little back in describing helsinki","Video by CNBC Of all the critical statements issued about Monday's Helsinki happenings, the one by Senate Armed Services Chairman John McCain perhaps stood out the most, as the Arizona Republican accused President Donald Trump of making a ""tragic mistake"" in his meetings with Russian President Vladimir Putin and the joint press conference that followed. The Republican pulled no punches in his latest verbal fisticuffs with the president, issuing a lengthy statement from Arizona about what may he thinks may be incalculable damage to U.S. foreign policy. McCain's absence from the Capitol has been obvious throughout his battle with brain cancer, but no more so than during debates over the relationship between the United States and Russia, as well as between the U.S. and NATO allies. The full statement from McCain appears below: ""Today's press conference in Helsinki was one of the most disgraceful performances by an American president in memory. The damage inflicted by President Trump's naivet√©, egotism, false equivalence, and sympathy for autocrats is difficult to calculate. But it is clear that the summit in Helsinki was a tragic mistake. ""President Trump proved not only unable, but unwilling to stand up to Putin. He and Putin seemed to be speaking from the same script as the president made a conscious choice to defend a tyrant against the fair questions of a free press, and to grant Putin an uncontested platform to spew propaganda and lies to the world. ""It is tempting to describe the press conference as a pathetic rout   as an illustration of the perils of under-preparation and inexperience. But these were not the errant tweets of a novice politician. These were the deliberate choices of a president who seems determined to realize his delusions of a warm relationship with Putin's regime without any regard for the true nature of his rule, his violent disregard for the sovereignty of his neighbors, his complicity in the slaughter of the Syrian people, his violation of international treaties, and his assault on democratic institutions throughout the world. ""Coming close on the heels of President Trump's bombastic and erratic conduct towards our closest friends and allies in Brussels and Britain, today's press conference marks a recent low point in the history of the American Presidency. That the president was attended in Helsinki by a team of competent and patriotic advisors makes his blunders and capitulations all the more painful and inexplicable. ""No prior president has ever abased himself more abjectly before a tyrant. Not only did President Trump fail to speak the truth about an adversary; but speaking for America to the world, our president failed to defend all that makes us who we are   a republic of free people dedicated to the cause of liberty at home and abroad. American presidents must be the champions of that cause if it is to succeed. Americans are waiting and hoping for President Trump to embrace that sacred responsibility. One can only hope they are not waiting totally in vain."" Get breaking news alerts and more from Roll Call on your iPhone or your Android .",legal arguments,The Washington Post,left
Oregon Democrats Set to Back Down on Climate Bill That Sent GOP Lawmakers Into Hiding,"Oregon Democrats appear set to abandon the climate-change bill that prompted Republican state senators to flee the state, after the Democratic state senate president said Tuesday that the bill doesn't have enough votes to pass. If Democrats do back down from the bill, it'll be a win for the Republicans who left the state to block it and for the right-wing militias who threatened to shoot state police if they tried to bring the senators back to the capital for a vote. In a speech first reported by The Oregonian , state Senate President Peter Courtney (D) said the bill doesn't have enough support from Democrats themselves. ""House Bill 2020 does not have the votes on the Senate floor,"" he said. ""That will not change."" Democrats can afford to lose two of their own votes while still passing the bill, Willamette Week reported . Two Democratic state senators have already criticized the bill, suggesting that a third, still-unnamed Democrat opposes it. Other interests, including pressure from the state's timber industry, could be at play. In his speech, Courtney mentioned the other bills that would die if Republicans don't return to the senate in an apparent attempt to salvage the rest of the legislative session that ends June 30. The prospect of the carbon-cap bill passing in Oregon, where Democrats hold the governorship and supermajorities in both legislative chambers, sent the state's senate Republicans fleeing to Idaho in an attempt to deny the senate a quorum. Gov. Kate Brown (D), who sent state police to bring the Republican senators back, blasted the fugitive lawmakers in a statement on Tuesday. ""Are they against climate change legislation or are they against democracy?"" Brown said. "" If they are not back by Wednesday afternoon, we will know the answer."" The bill's apparent failure is a blow to Oregon progressives, who failed to pass a climate change bill despite Democrats controlling the entire state government. Amy Herzfeld-Copple, the deputy director for the left-leaning Western States Center, called the bill's potential demise a serious disappointment. ""What's most disheartening for me in all of this is that our democratic institutions were undermined, a major political party cozied up to militia and paramilitary groups to achieve their political goals, and the planet and our children and our community's future suffered,"" Herzfeld-Copple told The Daily Beast. While both Republicans and Democratic minorities across the country have used quorum-busting walkouts in the past, the Oregon walkout made national headlines after militias offered to help the Republicans and state Sen. Brian Boquist (R) implied he would shoot police officers himself if they tried to bring him back to the state. Read more at The Daily Beast. Got a tip? Send it to The Daily Beast here",politics,The Daily Beast,left
U.S. Sues Omarosa Manigault-Newman for Ethics Violations,"(Bloomberg) -- Omarosa Manigault-Newman, who rose from contestant on Donald Trump's reality TV show to loyal aide to the president, was sued by the U.S. for failing to file a financial disclosure report, in violation of the Ethics in Government Act. The civil lawsuit, filed in Washington federal court, seeks an court order compelling her to file the report and pay a fine of as much as $50,000. It's the latest twist in a head-spinning relationship that began with Manigault-Newman's featured appearance in ""The Apprentice"" and ended with a 2018 book about the president she called ""Unhinged."" Manigault-Newman's lawyer, John Phillips, said the lawsuit was ""premature, retaliatory and an attempt to silence a dissenting voice."" After leaving the administration, where she was an assistant to the president, Manigault-Newman wrote a tell-all book that questioned Trump's stability, and she released several conversations she surreptitiously taped at the White House. Trump has attacked Manigault-Newman repeatedly. ""When you give a crazed, crying lowlife a break, and give her a job at the White House, I guess it just didn't work out,"" he said in a Twitter posting. He also claimed she violated a non-disclosure agreement by writing the tome. Manigault-Newman's White House employment ended on Dec. 19, 2017, and she was notified by the counsel's office that she had to file an exit disclosure statement by Jan. 18, 2018, according to the complaint. Despite repeated requests since then, she has still not filed, the U.S. claims. Phillips said Manigault-Newman has made repeated requests for documents of hers withheld by the White House and which she needs to file. ""It wasn't until May 10, 2019, that they agreed to provide documents or even acknowledged their existence,"" the attorney said. ""We requested an extension until her documents could be returned."" The case is U.S. v. Manigault-Newman, 19-cv-1868, U.S. District Court, District of Columbia (Washington). (Updates with defense lawyer's comment.) To contact the reporter on this story: Andrew Harris in Washington at aharris16@bloomberg.net To contact the editor responsible for this story: David Glovin at dglovin@bloomberg.net For more articles like this, please visit us at bloomberg.com ¬©2019 Bloomberg L.P.",legal arguments,Bloomberg,center
'Every American is entitled to health care': Sen. Bernie Sanders,"The United States must end the international embarrassment of not guaranteeing health care as a right, Sen. Bernie Sanders , I-Vt., said ABC's ""This Week"" Sunday. Sanders spoke with ABC News Chief Anchor George Stephanopoulos, days after the first Democratic presidential debates , where many of his progressive policies were front and center . His proposal for Medicare for all would dismantle President Barack Obama's Affordable Care Act, eliminate private insurance and create a single-payer program, in which all Americans would participate in a single, government-run plan that does not include deductibles and out-of-out pocket costs. Critics say Sanders' plan would dramatically increase taxes. Following his push for the policy in 2016, the policy has become a progressive litmus test for candidates this election cycle. During the debate on Thursday , the 10 candidates were asked to raise their hands if they would eliminate private insurance to implement Medicare for all. Sen. Kamala Harris, D-Calif., was one of two candidates to raise her hand in favor of eliminating private insurance. The following morning she walked back her support of eliminating private insurance on MSNBC , saying that she had misunderstood the question and she would not eliminate private insurance in favor of Medicare for all, but does support Sanders' proposal for a single-payer government-run insurance plan. (MORE: Bernie Sanders details plan to cancel $1.6 trillion in student loan debt for everyone) Sanders' responded to Harris' backtracking Friday in a statement, writing that he ""demanded that all candidates be clear about their stance on Medicare for all."" ""If you support Medicare for all, you have to be willing to end the greed of the health insurance and pharmaceutical industries. That means boldly transforming our dysfunctional system by ending the use of private health insurance"" Sanders wrote. ""It is imperative that we remain steadfast in our commitment to guarantee health care as a human right and no longer private corporations to make billions of dollars in profits off Americans' health care."" (MORE: Democratic debate night 2: Fact-checking the candidates on the issues) Referencing a Wall Street Journal editorial claiming that he has ""set the Democratic agenda,"" the senator touted both nights of the debate as a victory during a campaign stop in Hudson, New Hampshire. ""So how did we win a debate that we weren't even participating in? Because of New Hampshire and 21 other states that supported our agenda, other Democratic candidates now understand that they have got to talk to the needs of the working class of this country,"" he said. ""So we came here to New Hampshire and everybody said our ideas are crazy and wild and extreme and now it turns out, all of the other candidates are saying what we said four years ago."" This is a developing news story. Please check back for updates.",health,ABC News,left
Denver rounding up Canada geese to feed the needy,"The city of Denver apparently has a new motto: Geese are not friends. They're food. Fed up with its growing goose problem, the city has implemented an initiative to round up its Canada geese and process them into food for ""needy families,"" US Department of Agriculture spokeswoman Suzanne Bond said. ""The resident goose population in this area is too large, which will cause many problems including overgrazing of grass, ornamental plants and agricultural crops; accumulation of droppings and feathers; disease, attacks on humans by aggressive birds; and the fouling of reservoirs, swimming areas, docks, lawns and recreational areas,"" Bond said. The USDA says goose meat is safe for human consumption. There are an estimated 5,000 geese living in the city, which has been trying to manage its goose population for more than 15 years. The city says the birds have led to ""increased human-wildlife conflicts in parks, vegetation destruction, sanitation concerns, poor water quality, and other maintenance challenges."" ""We get so many complaints about people coming out here with a blanket to sit on the grass, and they cannot sit on the grass because there's so much goose poop in the parks,"" Scott Gilmore, deputy executive director of Denver Parks and Recreation, told CNN affiliate KDVR. The program started this month because the geese are at their most vulnerable: They molt around June and July and can't fly. The USDA will conduct the roundups and help regulate whether the meat is suitable for human consumption, Denver Parks and Recreation said. The agencies hope to donate the meat to ""charitable organizations and wildlife rehabilitation facilities."" Canada geese are protected under the Migratory Bird Act , but Denver Parks and Recreation obtained authorization from both the state and federal governments to manage the population via roundups, according to its website. Denver has tried other goose management tactics including oiling their eggs, spraying repellents and creating visual barriers to discourage geese from nesting.",environmental issues,CNN,left
These Frenchmen Are Building an Epic Medieval Castle,"Years ago, my husband began dragging me to European castles . Like so many others, he has a thing for medieval keeps, moats and dungeons. More than 1,000 of them were built a century after the Norman Conquest alone, many of which still stand   some occupied, some mere remnants. What's missing from all of these symbols of former aristocratic glory is a pulse   a community filled with decadence, despair, determination, decorum or even debauchery. But deep in the heart of the French countryside, I found a medieval castle teeming with life. When my husband and I arrived, the men on-site were drenched in sweat as they stood back to admire their handiwork. Clad in linen tunics cinched with rope and leather belts, they used a wooden triangle and plumb line to ensure the wall they were building was straight. Eschewing modern tools like drills, levels and electricity, these workers are part of a decades-long project to build France's first authentically made medieval castle in the modern era. With the very people [that] society was throwing on the scrap heap ‚Äö√Ñ¬∂ I could build a castle. Maryline Martin, CEO Named after the surrounding forest, Gu‚àö¬©delon castle is a two-hour drive south of Paris. The concept was inspired by a late-1990s archaeological survey that revealed a medieval fortress once stood within the walls of nearby Saint-Fargeau castle. Saint-Fargeau's owner, Michel Guyot, suggested to Maryline Martin   Gu‚àö¬©delon's CEO   that it would be interesting to build ""a castle from scratch."" This led to the first stone being laid in 1997, on the site of an abandoned quarry, the start of a 25-year process of learning the art of castle-making. For Martin, it was also a chance to supply the local community with an interesting sight, and jobs. ""For me, Gu‚àö¬©delon is an act of provocation,"" she says, pointing to her work with a group of long-term unemployed people to show that ""with the very people [that] society was throwing on the scrap heap ‚Äö√Ñ¬∂ I could build a castle."" The laborers have resurrected ancient building techniques, turning this provocation into plinths, plaster and parapets. The result is a growing example of a 13th-century enclosure castle, with four walls, four corner towers, a great hall and a gatehouse. Masons cut the locally quarried stone, while a 70-strong team builds the structure using only medieval-style implements and methods. Visitors, meanwhile, get to watch the action, learning how quarrymen, stonemasons, woodcutters, carpenters, blacksmiths, tile-makers, carters and rope-makers worked in the Middle Ages. This revival of ancient handicraft ""is experimental archaeology in action,"" says Sarah Preston, Gu‚àö¬©delon's press officer. The castle-under-construction draws 300,000 visitors a year   tickets cost 12 euros for adults and 10 euros for children   and tourists can enjoy stone carving and clay workshops, as well as occasional theme days featuring smelting, lime burning, bread baking or wood turning. Those looking to really get their hands dirty can take classes and join the site for three to seven days to help with construction. And after the last tapestry is hung? The site will remain dedicated to experimental archaeology projects, such as medieval houses, says Preston: ""Gu‚àö¬©delon is a never-ending venture.""",science,CNN,left
"Luis Alvarez, 9/11 responder who advocated with Jon Stewart, dies","WASHINGTON   Luis Alvarez, a retired New York Police Department detective and 9/11 first responder who urged Congress earlier this month to extend benefits for those who responded to the 2011 terror attacks, died on Saturday after years battling cancer. He was 53. Luis Alvarez, who joined the NYPD in 1990 and became a top champion of the 9/11 Victims Compensation Fund year, had entered a hospice center a week after his emotional appearance before a House panel with former ""Daily Show"" host Jon Stewart. ""We told him at the end that he had won this battle by the many lives he had touched by sharing his three-year battle,"" his family said in a statement announcing his death. ""He was at peace with that, surrounded by family."" On June 20, just days after Alvarez and Stewart appeared before Congress and garnered headlines about the 9/11 fund, Alvarez announced he was entering hospice care after complications related to colorectal cancer, which he was diagnosed with in 2016. The cancer spread and caused his liver to shut down. Previously: Mitch McConnell, 9/11 first responders reach uneasy truce Also: Jon Stewart to Mitch McConnell: 9/11 survivors aren't your political pawns Alvarez had been undergoing chemotheropy, completing his 69th round earlier this month, he said during his testimony with Stewart. In an impassioned appearance, Stewart lambasted Congress for not acting to reauthorize the fund, created after the attacks for medical and economic losses. The fund is running out of money and is being forced to make drastic cuts to its payments to 9/11 victims and their families unless it is reauthorized. The day after Alvarez and Stewart spoke, legislation to permanently reauthorize the fund passed the House Judiciary Committee. We lost another 9/11 first responder. Our thoughts are with the family and friends of NYPD Detective Luis Alvarez. pic.twitter.com/rnbhYuFNGJ   RayPfeiferFoundation (@RayPfeiferFDTN) June 29, 2019 Contributing: Nicholas Wu This article originally appeared on USA TODAY: Luis Alvarez, 9/11 responder who advocated with Jon Stewart, dies",health,USA TODAY,center
US won't impose rule to protect against coal ash spill costs,"BILLINGS, Mont. (AP)   The Trump administration said Tuesday that it won't require electric utilities to show they have money to clean up hazardous spills from power plants despite a history of toxic coal ash releases contaminating rivers and aquifers. Environmental Protection Agency officials said Tuesday that modern industry practices and recently enacted regulations are sufficient to shield taxpayers from potential cleanup costs. The finding comes after the EPA last year reversed a related proposal under President Barack Obama that would have imposed new financial requirements on the hardrock mining industry. In both cases, industry lobbyists pushed back against requirements that could have meant higher costs for companies. The Associated Press reported last year that major utilities across the nation have found evidence of groundwater contamination at landfills and ponds used for decades as dumping grounds for coal ash. Heightened levels of pollutants   including arsenic and radium in some cases   were documented at plants in numerous states, from Virginia and Montana to Alaska. Utilities and other companies in 2017 produced more than 111 million tons (101 million metric tons) of coal ash, primarily from burning the fuel for power generation, according to the American Coal Ash Association. Much of the ash is recycled or used for industrial purposes such as concrete additives, but huge volumes end up in long-term storage. Coal ash disposal went largely unregulated until a 2008 spill at a Tennessee Valley Authority power plant in Kingston, Tennessee. A containment dike burst and flooding covered less than half a square mile (nearly 1.2 square kilometers), dumped waste into two nearby rivers, destroyed homes and brought national attention to the issue. In 2014, an estimated 39,000 tons (35,380 metric tons) of coal ash spewed into the Dan River after a drainage pipe running below a waste dump collapsed at a Duke Energy plant in Eden, North Carolina. The toxic sludge turned the river gray for more than 70 miles (112 kilometers). Those accidents helped spur new EPA regulations in 2015 that were intended to increase oversight of the industry. Under Trump, the EPA is in the process of revising the 2015 coal ash rules. Attorney Lisa Evans with the environmental group Earthjustice said that could undermine efforts to protect against pollution. ""EPA tried hard to justify this reckless outcome, but its reasoning will make sense only to the coal industry,"" Evans said. EPA officials did not respond to a request for an interview. They said in Tuesday's announcement that the new rules ""have materially reduced risk"" of future coal ash spills. The changes included additional monitoring requirements and new standards intended to prevent the failures of dikes that contain coal ash. ""EPA believes that the network of federal and state regulations creates a comprehensive framework that applies to prevent releases that could result in a need for future cleanup,"" the agency said. Other pollutants from the power industry, such as PCBs and asbestos, are being addressed through separate regulations, EPA officials said. Under a court order, the EPA has spent the past several years reviewing the extent to which the nation's most polluting industries cover cleanup costs. ___ Follow Matthew Brown on Twitter at https://twitter.com/MatthewBrownAP",environmental issues,Associated Press,center
Biden criticizes Amazon for paying $0 in corporate taxes,"Former Vice President Joe Biden on Thursday criticized online retail giant Amazon for paying nothing in corporate taxes last year, making him the latest presidential candidate to slam one of the most profitable companies over its effective tax rate of below zero. "" I have nothing against Amazon, but no company pulling in billions of dollars of profits should pay a lower tax rate than firefighters and teachers,"" Biden tweeted. ""We need to reward work, not just wealth."" I have nothing against Amazon, but no company pulling in billions of dollars of profits should pay a lower tax rate than firefighters and teachers. We need to reward work, not just wealth. https://t.co/R6xaN3vXGT - Joe Biden (@JoeBiden) June 13, 2019 A report from the Institute on Taxation and Economic Policy earlier this year found that 60 Fortune 500 companies, including Amazon, avoided paying any federal income taxes in 2018. Amazon, which had $11.2 billion in profits last year, has become a prime target for Democrats seeking to criticize corporate power, potentially anticompetitive practices and dangerous working conditions. The company has been accused of mistreating warehouse workers, and it's facing multiple lawsuits from former employees who said they were treated inhumanely at the facilities. Amazon has said it treats its workers fairly. Biden jumped into the fray earlier this week, slamming the company at a campaign stop in Iowa on Tuesday. ""I've got nothing against Amazon,"" Biden said . ""But they should pay a few taxes, you know what I mean? What happens? It's all you guys. No, I'm serious."" In a statement to The Hill, an Amazon spokesperson defended the company's record on taxes. ""Amazon pays all the taxes we are required to pay in the U.S. and every country where we operate, including paying $2.6 billion in corporate tax and reporting $3.4 billion in tax expense over the last three years,"" the spokesperson said in a statement. ""The government has designed corporate tax law to encourage businesses of all sizes to invest in the U.S. economy to drive growth and create jobs."" The spokesperson added that the company invested more than $50 billion and created 45,000 full-time, full-benefit jobs last year. Biden's remark that he has ""nothing against Amazon"" raised eyebrows, as it comes amid a furious backlash in Washington against the country's top tech giants. Lawmakers and advocates have accused Amazon of wielding its corporate power to the detriment of other companies and workers. Sen. Elizabeth Warren (D-Mass.) has called for the government to break up Amazon, criticizing the company for running an online retail store while also selling products on the platform. "" Amazon crushes small companies by copying the goods they sell on the Amazon Marketplace and then selling its own branded version,"" Warren wrote in a blog post laying out her plans to break up tech companies like Facebook and Google. Sen. Bernie Sanders (I-Vt.) has taken Amazon to task over its working conditions, among other things. The company has also drawn the ire of President Trump, who has insulted CEO Jeff Bezos, who also owns The Washington Post. The president has accused the Post of being biased against him. Earlier this week, Trump accused Amazon of colluding with Democrats to ""discriminate"" against him. Updated at 12:35 p.m.",politics,The Hill,center
Ivanka Trump's Awkward Presence At The G-20 Summit Didn't Go Over Well,"Ivanka Trump joined her father, President Donald Trump, at the G-20 Summit in Osaka, Japan , and not everyone was happy about it. Rep. Alexandria Ocasio-Cortez said that instead of bringing his daughter, the president should have brought a ""qualified diplomat"" into meetings with other world leaders. ""It may be shocking to some, but being someone's daughter actually isn't a career qualification ,"" Ocasio-Cortez tweeted in response to a video posted by the French presidential palace that shows Ivanka Trump attempting to join a conversation with French President Emmanuel Macron, British Prime Minister Theresa May, and Canadian Prime Minister Justin Trudeau. Ocasio-Cortez continued by saying that Ivanka Trump's presence at the summit had a negative effect on the image of the U.S. ""It hurts our diplomatic standing when the President phones it in and the world moves on,"" she wrote. ""The US needs our President working the G20. Bringing a qualified diplomat couldn't hurt either."" It may be shocking to some, but being someone's daughter actually isn't a career qualification. It hurts our diplomatic standing when the President phones it in & the world moves on. The US needs our President working the G20. Bringing a qualified diplomat couldn't hurt either. https://t.co/KCZMXJ8FD9   Alexandria Ocasio-Cortez (@AOC) June 30, 2019 Ivanka Trump also made a speech during a women's empowerment event at the summit, where she urged world leaders to do more for women's rights. In photos shared by Business Insider , she stands shoulder-to-shoulder with world leaders as the sole non-prime minister, president, or monarch among them. The other person to address the group during this meeting was Queen M√°xima of the Netherlands. California Rep. Ted Lieu also weighed in on the viral clip, in saying that he ""would like to hear Ivanka Trump's explanation about this video."" He also brought up another person in attendance   Ivanka Trump's husband, senior presidential adviser Jared Kushner. ""P.S. Can you also ask her why Jared Kushner still has a security clearance?"" Lieu tweeted, referring to reports that the president overruled concerns from intelligence officials about giving Kushner access. According to the South China Morning Post , Kushner and Ivanka Trump also sat in on ""high-stakes"" meetings between U.S. and Chinese leaders. A poll published by Insider in March showed that 67% of those who responded didn't know what Ivanka Trump and Kushner did in the White House . I would like to hear Ivanka Trump's explanation about this video. Oh wait, Senior White House Advisor @IvankaTrump blocked me. Can you forward the below video to her and ask for her response? Thanks. P.S. Can you also ask her why Jared Kushner still has a security clearance? https://t.co/qQ4xdrrpyl   Ted Lieu (@tedlieu) June 30, 2019 Since Donald Trump has taken office, Ivanka Trump has taken an increasing interest in all things political   and, according to HuffPo editor-at-large Vicky Ward's book Kushner, Inc. , wants to be president one day .",politics,HuffPost,left
diplomats shaken for now after britain's us ambassador quits,"WASHINGTON (AP)   The abrupt resignation of Britain's ambassador to the United States over leaked cables critical of the Trump administration may have jolted official Washington, but it's unlikely to have a lasting impact on the U.S.-British relationship or diplomatic practice. Current and former diplomats say the leak of Ambassador Kim Darroch's sensitive reports is unfortunate and alarming, particularly given the apparent political motive behind it. Yet, they believe any complications will be temporary even as they create short-term turbulence in relations. ""It's a problem, but I don't know that it has a chilling affect over time because in the end people have jobs to do and they do their jobs,"" said Ronald Neumann, a retired three-time U.S. ambassador who is the president of the American Academy of Diplomacy. ""It's wrong and it's too bad. Still, you move on because there's work to be done."" Darroch, a well-known figure in Washington, resigned on Wednesday amid an uproar over the candid cables, saying ""the current situation is making it impossible for me to carry out my role as I would like."" The resignation followed President Donald Trump's furious caustic response to the leaked cables in which Darroch offered candid negative views of his administration. In the cables, Darroch called the administration's policy toward Iran ""incoherent,"" said the president might be indebted to ""dodgy Russians"" and raised doubts about whether the White House ""will ever look competent."" Trump's lambasting of Darroch on Twitter   he called the ambassador ""a pompous fool"" and ""a very stupid guy"" and criticized outgoing British Prime Minister Theresa May   drew condemnation from both sides of the Atlantic. British Foreign Secretary Jeremy Hunt, who is in the running to replace May, replied: ""Allies need to treat each other with respect."" Others suggested that Trump's reaction proved Darroch's point. ""Trump's petty and vindictive overreaction not only reinforces the accuracy of Darroch's portrait of him in his leaked cables, but further erodes an already complicated bilateral relationship,"" said William Burns, a highly respected retired career diplomat who served as deputy secretary of state during the Obama administration and is president of the Carnegie Endowment for International Peace. The State Department downplayed the fracas, saying: ""The United States and the United Kingdom share a bond that is bigger than any individual, and we look forward to continuing that partnership. We remain committed to the U.S.-UK Special Relationship and our shared global agenda."" But Rep. Adam Schiff, the California Democrat who chairs the House intelligence committee, said Trump's comments make the work of American diplomats abroad harder than they already are. ""Diplomats the world over, including ours, are expected to provide candid assessments and advice to their home governments,"" he said. ""If a foreign leader treated an American ambassador as President Trump treated the British ambassador, we would be up in arms, and justifiably so. "" In fact, U.S. diplomats have already felt the consequences of leaked cables that laid out unvarnished and often unflattering impressions of foreign leaders and governments. The 2010 publication by WikiLeaks of tens of thousands of classified and sensitive documents had a direct impact on at least three U.S. ambassadors, including one, Carlos Pascual, who resigned as envoy to Mexico over fallout from cables critical of then-Mexican President Felipe Calderon. Pascual was traveling Wednesday and not immediately available to comment on any similarities between his resignation and Darroch's. Carnegie's Burns, who was serving as the third-ranking U.S. diplomat at the time, recalled that the leaks had ""negative practical implications"" for the day-to-day conduct of embassies. ""The immediate impact was to make U.S. diplomatic missions more careful, so there is, at least initially, a dampening effect,"" he said. ""But, we got over it in time."" In the long run, though, few believe damage to the ""special relationship"" caused this week will be severe or lingering. ""The state-to-state relationship is much more than one person, particularly with Britain,"" Neumann said. ""This is probably one of the least ambassador-dependent relationships we have, which is why we are able to send whoever we want to London, including some who are not so able.""",science,Business Insider,center
donald trump nicknames wife 'melania t' as he calls her the 'jackie o' of our time,"Melania Trump and Jackie Kennedy both exhibited a flair for fashion throughout their lives, but many don't agree with President Donald Trump 's comparison of the two former first ladies. While celebrating his 73rd birthday on Friday, Trump called in to Fox and Friends to give a wide-ranging interview that touched on many subjects including his recent ""foreign dirt' comments , Sarah Huckabee Handers' White House departure , and his proposed redesign for Air Force One. Trump has spoken repeatedly about his plans of painting the presidential plane red, white and blue, replacing the light blue and white design which has been in place since John F. Kennedy 's presidency, and was partly chosen by his wife Jackie. Earlier this week, he unveiled four new mockups for the redesign during an interview with ABC News' George Stephanopoulos . ""I like the concept of red, white and blue,"" Trump said during the Fox and Friends interview. ""It'll look much better, actually. The baby blue doesn't fit with us."" ""People get used to something but   and it was Jackie O. and that's good, but we have our own Jackie O. today. It's called Melania. We'll call it Melania T,"" he added. ""People love her. She gets no credit from the media, but she gets credit from the people."" RELATED: McCain and Obama Trend as Twitter Trolls Trump on His 73rd Birthday   But Ivanka Pays Tribute However, the comparison didn't sit well with many social media users. One Twitter user used a pair of side-by-side photos to illustrate their displeasure , sharing an image of Jackie visiting a sick child in the hospital alongside a photo of Melania wearing a jacket with the words ""I Really Don't Care. Do U? "" on them while visiting migrant children last year. (The first lady has since explained the jacket was meant to tell the media to focus less on what she wore , and more on what she stood for). ""Jackie O visiting suffering children vs. Melania visiting suffering children,"" the Twitter user wrote. Another user added : ""She has been trying to emulate her in dressing. But that's about where the similarities end. You can never become Jackie, Melania. Except on Halloween."" Others also took offense to the way Trump referred to his wife in the interview by using the pronoun ""it."" ""A) 'It' refers to an object, a thing   not a human being,"" wrote one social media user. ""B) Melania is not fit to wipe the dust from the bottom of Jaqueline's shoes. She could never be & will never be a 'new Jackie O'."" RELATED VIDEO: Trump Says Kim Kardashian Will Be 'One of the Most Successful Lawyers' During Her White House Visit Trump's plans to repaint Air Force One have been met with plenty of criticism, with some pointing out the similarities between the proposed redesign and Trump's defunct airline Trump Shuttle, as well as congressional resistance. On Wednesday, the House Armed Services Committee voted that all changes to Air Force One's paint scheme and interior design would need congressional approval. The vote passed 31-26. The vote refers to the deal the Air Force struck with Boeing in July 2018, with plans to replace the old 747 plans with two new aircrafts by the end of 2024, according to USA Today .",environmental issues,Chicago Tribune,center
'It's just a shock that somebody did this in broad daylight': Dognapper snatches senior pooch from Prospect Park while owner's back was turned,"A Brooklyn woman turned her back on her precious pooch in Prospect Park   and that was enough for a heartless crook to snatch the elderly Chihuahua mix and run off. Jess Gary is desperate for the return of Fidel, a diminuitive doggo with a giant personality who weighs 15 pounds and is 15 years old. Gary was in the park with Fidel and her other Chihuahua mix, 10-year-old Tito, at 8 a.m. Saturday during off-leash hours, when dogs can roam the park without a leash. ""I heard my dog behind me yelp and when I turned, he was gone,"" Gary, 37, told the Daily News. Gary never saw the thief, but a nearby jogger did and chased him down 1st St. on the west side of the park. When the dognapper turned right onto 8th Ave., the jogger lost sight of him, she said. ""There's generally a lot of people there during that time and it's very populated,"" the Crown Heights resident told The News. ""It's just a shock that somebody did this in broad daylight."" Gary has been canvassing the neighborhood with flyers promising a $3,000 reward for information in the hope her beloved Fidel wasn't taken too far from home. She's also filed a police report. ""We're hoping that because he (the suspect) disappeared on 8th Avenue so quickly, that he ducked into a building and he lives in the neighborhood,"" she said. Gary, a creative director who moved to Brooklyn from Los Angeles five years ago, said she adopted Fidel when he was just three months old. Now he suffers from advanced arthritis, and she's worried he's not getting his daily dose of pain medication. ""I've had him for his entire life,"" she said. ""He's a little guy and he's only 15 pounds but he's a super senior. He's got tons of personality and he's much loved in the dog community."" The jogger who chased after the dognapper described him as a slender man in his 30s, with curly blond hair, Gary said. ""I just hope that whoever has him brings him home safely, no questions asked,"" she said. ""I just want to see him home."" So does Fidel's pal Tito. ""He really misses his buddy right now,"" Gary said. Anyone with information is urged to call Crime Stoppers at 1 (800) 577-TIPS.     ¬©2019 New York Daily News Visit New York Daily News at www.nydailynews.com Distributed by Tribune Content Agency, LLC.",crime,New York Daily News,left
Man suspected of arson arrested after 'massive fireball' tears through home in Hermosa Beach,"Amanda Sains stood at her window in shock as roaring flames chewed through the wooden frame of a three-story home overlooking the sand in Hermosa Beach early Thursday. The orange glow of the inferno lighted up the darkened beach. Thick smoke billowing from the burning home, which was in the process of being rebuilt, filled the salty ocean air. The beachfront homes are packed tightly along the Strand, which meant the fiery inferno was just a few feet from homes where some neighbors were sleeping soundly. Firefighters and police walked from house to house, pounding on doors to wake residents and tell them to evacuate. ""I thought I was watching ' Chernobyl ' again,"" Sains said. ""It felt like the whole neighborhood was on fire."" The home where authorities believed the fire started was destroyed, and four others near 8th Street and Hermosa Avenue were damaged in the blaze. Video from the scene shows flames licking up the frame of one of the houses. The roaring blaze, at its peak, extended several feet past the roof. Hermosa Beach police, who responded with fire crews at about 2 a.m., arrested Christopher Kotva, 27, on suspicion of arson after investigators questioned him about the blaze. Kotva was initially spotted by officers running from the scene. He is being held in lieu of $75,000 bail. It is not clear how the fire started. By the time firefighters arrived at her door to rouse her, Sains, 29, had put in her contact lenses, grabbed her shoes and a few personal items and was starting to head outside. Minutes earlier she had been jolted awake by the repeated screams of a woman: ""Get out! Get out!"" The fire grew to enormous size in just a few minutes. Initial calls to firefighters reported a possible small fire in a building under construction. But in the short time it took for fire crews to respond, the blaze   fueled in part by the piles of lumber on the property   had exploded into an inferno, said Los Angeles County fire Inspector Brian Stevens. Given the close proximity of the homes to one another, firefighters quickly realized they needed more resources and declared it a second-alarm fire. ""It was a massive fireball,"" Stevens said. ""It's amazing the houses next to it didn't burn down."" It took roughly 75 firefighters about an hour to knock down the flames. One firefighter sustained minor injuries and was taken to a hospital for treatment, Stevens said. Neighbors who were concerned that the wind might blow burning embers onto their homes pulled out hoses to spray down their properties. ""It was just a roaring, roaring blaze,"" Sains said. ""I honestly thought my house was going to catch on fire."" hannah.fry@latimes.com Twitter: @Hannahnfry",crime,Los Angeles Times,left
jewish leaders share concerns over end of vaccine religious exemptions,"Orthodox Jewish leaders and advocates in Rockland generally support the new state law that ends religious exemptions for vaccines, but have concerns that the legislation could infringe on religious liberties and lead to other efforts to do so. ""I share the deep concern that this bill sets a precedent to infringe on religious liberties going forward,"" Shoshana Bernstein, a pro-vaccine activist, said. ""While this measure carries considerable concern for the future, on the other hand, it does provide a desperately needed solution to the current crisis and relief to parents of immunocompromised children."" It's a complex issue, said Bernstein, who has been at the forefront of efforts to educate the Rockland Orthodox and Hasidic Jewish community about vaccine safety. ""There is no perfect way to solve this,"" she said. ""I can't come out totally on one side of this. The hope and prayer is that this will solve the immediate issues without causing extremely worrisome religious liberty issues in the future."" There have been 266 confirmed cases in Rockland since October, and health officials said there are likely many more unreported cases. The outbreak, which has mostly affected those in the Orthodox Jewish community, has led to emergency county orders to stop the spread of the highly contagious virus, as well as anti-vaccine rallies and meetings in Rockland and Brooklyn and a regional drive to educate the public about the necessity and safety of vaccines. MORE REACTION: 'You don't change people's religious beliefs by passing a law' FROM ALBANY: NYS repeals religious exemption for school vaccinations Bernstein, who lives in Monsey and has connections with the immunocompromised community that she advocates for, is one of the authors of an informational vaccine booklet, Tzim Gezint, that was printed for the Kiryas Joel community several years ago and reprinted for Rockland after this outbreak began in October. She is also part of the leadership of the Engaging in Medical Education with Sensitivity Initiative, a nurse-led Orthodox group focused on vaccine education. ""The banning of religious exemptions for vaccines represents a cautious victory,"" EMES said in a statement. ""We share in the concern of possible overreach by the government into religious liberties while at the same time acknowledging this serves as an immediate solution to an ongoing crisis."" Community activist Rivkie Feiner also expressed her support and concern. She was dismayed that a relatively small group of vocal anti-vaccine supporters have led to such drastic measures. ""This is a very small percentage,"" she said of Orthodox Jewish anti-vaxxers, several of whom protested when the state Legislature voted on the bills Thursday. ""They are a fringe of the community ...acting out with extremely destructive behavior. Inappropriate behavior. It's very frustrating that they are the ones that caused this."" Feiner fears that some will stereotype and blame the entire Orthodox Jewish community based on the actions of a few, even though the great majority vaccinate their children, and that the new law could set a precedent for dealing with other issues. ""My main concern is what will happen next and the impact on our religious freedoms,"" she said. REPEAL BASICS: What to know about repeal of religious exemption for vaccinations DECIDING VOTE: A Yonkers Democrat helped save the New York vaccine bill. Here's how. AROUND THE COUNTRY: Most states allow exemptions from school vaccine requirements; status by state Feiner is vocally pro-vaccine, and said culturally sensitive and respectful education is critical and could have helped forego the need for legislation. The Jewish Federation and Foundation of Rockland County thanked the legislators for passing the measure. ""Jewish Federation supports New York State joining four other states in ending the religious exemption for vaccinations; vaccinations which protect the public's health and welfare,"" the statement reads. ""Jewish tradition has long supported the protection of individual and community health. This measure is in keeping with that fundamental tenet and Federation urges all members of the community to be vaccinated."" Twitter: @ReporterRox This article originally appeared on Rockland/Westchester Journal News: Jewish leaders share concerns over end of vaccine religious exemptions",environmental issues,AP,center
"Ferrari set to drop protest, seek review of Canada penalty","By Alan Baldwin LONDON (Reuters) - Ferrari will not formally appeal the penalty that cost Sebastian Vettel victory in the Canadian Grand Prix, sources said on Thursday, but could still seek a review of the decision by presenting fresh evidence. The deadline for the Formula One team to lodge a formal protest is Thursday evening, 96 hours after the end of the race in Montreal. A Ferrari spokeswoman said they were still working on collecting evidence, and could not confirm what action was being taken. A source at the governing International Automobile Federation (FIA) told Reuters the team would not be making a formal appeal. The Daily Mail newspaper earlier reported that Ferrari principal Mattia Binotto had written to the FIA to say the team would not protest the five-second penalty applied to Vettel's time after the race. The team had given notice of their intention to appeal on Sunday, with Vettel leading from start to finish but losing out to Mercedes' championship leader Lewis Hamilton after the chequered flag. ""They are stealing the race from us,"" Vettel, a four times world champion, had said over the radio when told he was under investigation for going off track and returning in what was deemed to be a dangerous fashion, forcing Hamilton to take evasive action. The stewards' decision triggered an immediate controversy with some defending the penalty while others felt the officials had killed off an exciting race by over zealous application of the rules. Some ex-drivers, who felt Vettel could have done nothing different, questioned whether the current rules were fit for purpose with Formula One trying to encourage better and more entertaining racing. ""He stayed ahead the entire race, he crossed the chequered flag first, for us he's the moral winner. We won today,"" said Binotto at the time. The sporting regulations do not allow for in-race penalties to be appealed but Ferrari could still seek a review of the stewards' actions under article 14.1.1 of the FIA's International Sporting Code. This allows for further action in the event of any ""significant and relevant new element"" coming to light that was not available to those seeking the review at the time of competition. If Ferrari followed that course, they would have 14 days since the publication of the final race classification to produce fresh evidence. The stewards then have sole discretion to determine whether such a significant and relevant new element existed, with their decision final. (Reporting by Alan Baldwin, editing by Toby Davis)",legal arguments,Reuters,center
the latest: nadler says panel will move quickly on mcgahn,"WASHINGTON   The Latest on Congress and special counsel Robert Mueller's report (all times local): 5:15 p.m. The House Judiciary Committee chairman says his panel will move ""as quickly as possible"" to seek court enforcement of a subpoena against former White House Counsel Don McGahn. New York Democratic Rep. Jerrold Nadler spoke after the House approved a resolution that makes it easier to file lawsuits against witnesses who defy subpoenas. That includes McGahn, who declined last month to provide documents or testimony at the urging of the White House. McGahn is the most-cited witness in special counsel Robert Mueller's report. The resolution passed 229-191 Tuesday, along party lines. Democrats have moved toward lawsuits as they investigate President Donald Trump and his administration. Mueller found no conspiracy between Trump and Russia, but did not clear him of obstruction. __ 4:30 p.m. The House has approved a resolution that will make it easier to file lawsuits against the Trump administration when officials defy subpoenas. The legislation passed 229-191, along party lines. It empowers Democrats to take legal action to enforce subpoenas against Attorney General William Barr and former White House counsel Don McGahn. It also allows committee chairmen to take future legal action without a vote of the full House, as long as they have approval from a bipartisan group of House leaders. Tuesday's vote reflects an evolving strategy for Democrats, who have moved toward lawsuits and away from criminal contempt as they investigate President Donald Trump and his administration. House Speaker Nancy Pelosi said Democrats ""need answers on the questions left unanswered"" by special counsel Robert Mueller's Trump-Russia report. ___ 11:20 a.m. Speaker Nancy Pelosi is brushing back impeachment questions, saying ""it's not even close"" to having enough support among House Democrats for a vote. Pelosi said at a policy conference Tuesday that her ""stock goes up"" when President Donald Trump attacks her, as he did last week. Trump lashed out at Pelosi while both were overseas commemorating the 75th anniversary of D-Day in Normandy. He called her ""Nervous Nancy"" after it was reported she privately told Democrats she'd rather see him voted out of office and ""in prison"" than impeached. Pelosi said she never criticizes the president while abroad and won't do so now because she's ""done with him."" Dozens of House Democrats want Pelosi to start impeachment proceedings from the Trump-Russia report, but she prefers to conduct more investigations. ___ 12:30 a.m. A resolution being voted on in the House would make it easier for Democrats to sue members of President Donald Trump's administration and other potential witnesses who refuse to comply with subpoenas. The House resolution being considered Tuesday would authorize lawsuits against Attorney General William Barr and former White House counsel Don McGahn for defying subpoenas pertaining to special counsel Robert Mueller's report. It would also empower committee chairmen to take legal action to enforce subpoenas in the future without a vote of the full House, so long as they have approval from a bipartisan group of House leaders. The votes aren't technically necessary, as Democrats already can go to court. But a House vote will give them increased standing if they do decide to file lawsuits.",politics,Louisville Courier Journal,left
"after orlando sentinel reporter is struck at trump rally, state rep. sabatini responds with 'maga'","State Rep. Anthony Sabatini's response to a tweet about a man who attempted to knock the phone out of an Orlando Sentinel reporter's hand at Amway Center was ""MAGA,"" a comment he stood by Wednesday despite the man being arrested and charged with battery. Sabatini, R-Howey-in-the-Hills, first replied to an Orlando Sentinel tweet quoting reporter Michael Williams that ""a Trump supporter tried knocking my phone out of my hand as I was recording him being kicked out of the Amway Center."" Sabatini later responded to another tweet, which pointed out that the man was arrested, by writing that ""the most appropriate reaction"" to Sentinel coverage ""is to not comment on its spin and sensation, but to ignore the content and reply with the peaceful phrase they hate   MAGA."" MAGA is the Trump campaign's now-former slogan of ""Make America Great Again.'' The president announced his new slogan , """"Keep America Great!"", or ""KAG!"" at his kickoff rally. In a phone interview Wednesday, Sabatini said the initial tweet ""was another example of selective editorial bias. You're searching for incidents that were very rare at the event in order to cast a dark, negative light on the event."" Told that it was a reporter describing what had just happened to him personally, Sabatini repeated that ""my reaction to it is writing 'MAGA' and see how people interpret it. It's interesting journalists see a neutral phrase and interpret it as something it's not."" Sabatini was criticized by Democratic state Rep. Anna Eskamani, who wrote on Twitter, ""It's one thing to support Trump, but it's another to joke about violence. Not ok. ‚Ä¶ To be honest, I don't care who encourages the violence - it just shouldn't be encouraged by anyone."" The man who was arrested, Daniel Patrick Kestner, 51, of St. Augustine, was charged with battery ""for willingly striking Williams without permission,"" according to a police report, ""based on video evidence and Kestner's sworn statement."" Williams, who identified himself as a reporter, ""was videotaping two men, one of which was Kestner, involved in an argument in reference to the Trump Rally,"" the police report states. ""Kestner told Williams to stop recording and stated that he would kick Williams in the testicles. Kestner approached Williams and used his right hand to slap Williams' right hand, which was holding the phone."" Williams held onto the device, and video footage from both it and a police officer's body camera captured the incident. Kestner was also intoxicated, according to the police report. He was taken to the Orange County Jail. As he left the facility Wednesday morning, Kestner told Knight News Wednesday he wanted to extend an apology to Williams. ""Yeah, absolutely,"" Kestner told Knight News . He was ""100 percent"" remorseful and claimed to have had ""no idea"" that Williams was a reporter. A second arrest Tuesday was of Steven Ashley Ingram, 33, of Haines City, who was charged with disorderly conduct just outside the Amway Center, where the rally was held. A police report states Ingram ""shoved [a man] back with his left hand,"" an incident also captured on body camera footage. slemongello@orlandosentinel.com",politics,Associated Press,center
booker shares 'profoundly alarming' stories of women seeking asylum,"Democratic presidential hopeful Sen. Cory Booker (D-N.J.) on Wednesday traveled across the southern border to help five women present themselves for asylum in the U.S. Booker, in a series of tweets, shared the ""profoundly alarming"" stories of five women, writing, ""These are my observations. Please don't look away."" Today I crossed the US-Mexico border in El Paso with @fams2gether and @LasAmericasIAC to help five women present themselves for asylum. These are my observations. Please don't look away. - Cory Booker (@CoryBooker) July 3, 2019 Booker wrote that one woman said she spent one month in detention while she was seeking asylum. He added that the woman said people in the detention center had to stand in the sun all day without food and sometimes without water. Booker continued, writing that one woman - whose name he did not share ""out of concern for her safety"" - left her home under threat of rape. ""Like thousands of others, under the Trump Administration's Migrant Protection Protocols, she is stuck in limbo in Mexico,"" he wrote. One of the women-I can't share her name out of concern for her safety-had to leave her home under threat of rape. Like thousands of others, under the Trump Administration's Migrant Protection Protocols, she is stuck in limbo in Mexico. - Cory Booker (@CoryBooker) July 3, 2019 One woman reportedly told Booker she was so hungry while in detention that she ""would eat the peel of the orange."" The presidential candidate added that one woman told him she had bruises across her back ""from sleeping on the hard floor of the detention center."" ""She wasn't able to shower for over 20 days and has rashes on her skin from the lack of sanitation,"" Booker tweeted. Booker said he helped the women present themselves for asylum with Families Belong Together and Las Americas Immigrant Advocacy Center, which provides legal services to migrants. The senator said Las Americas Immigrant Advocacy Center would ""monitor"" the women throughout the process of applying for asylum to ensure they can remain in the U.S. The senator called seeking asylum a ""legal right"" and said it ""shouldn't take a member of Congress to help people cross into our country."" ""This is a crisis that demands an urgent answer. God-willing we will answer that call with the change that we need and the fight to make it happen,"" Booker wrote. This is a crisis that demands an urgent answer. God-willing we will answer that call with the change that we need and the fight to make it happen. - Cory Booker (@CoryBooker) July 4, 2019 ""These stories are profoundly alarming, but my words can't begin to capture the pain. Their very human dignity is under assault, and it's being done in our name,"" he wrote. The Trump administration has faced intensifying backlash in recent weeks over reported conditions in migrant detention centers . An internal watchdog report released this week found detained migrants are living in dismal conditions in federal detention facilities. A report released earlier Wednesday from the Department of Homeland Security's Office of Inspector General described squalid and overcrowded conditions at detention centers while reporting little progress in recent months by Border Patrol and Customs and Border Protection, its parent agency. President Trump has dismissed lawmakers' furor, blaming Democrats and existing immigration laws for ongoing issues at the border.",politics,U.S. News & World Report,left
Biden camp blasts 'baseless lies' about his health,"Former Vice President Joe Biden's 2020 presidential campaign accused Fox News officials of spreading rumors about the presidential hopeful being in poor health, The Daily Beast reports . Fox News host Sean Hannity and Fox Business host Lisa ""Kennedy"" Montgomery have discussed Biden's health on the air multiple times. On a May 29 broadcast of ""The Five,"" Kennedy compared Biden to 2016 Democratic candidate Hillary Clinton, saying Democrats are quietly talking about Biden's health, The Daily Beast reports. ""If you talk to Democrats, who are working for different campaigns, all of the aggressive gossip whisperers - and this is where the action is happening in terms of opposition research - it's people having a few drinks at a bar and whispering, 'You know there is something wrong with the former vice president,'"" she said. Last week, Kennedy said Biden's staff should keep their candidate ""off a main stage"" because he says ""stupid things and he slurs,"" adding that Biden ""does look very tired."" Hannity, who nicknamed Biden ""Sleepy Joe,"" also called the former vice president ""tired,"" adding ""he does not have the energy for this."" In a statement to The Daily Beast, Biden campaign press secretary TJ Ducklo said, ""These are baseless lies meant to stoke fear in their viewers. It has no place in our public discourse, and anyone amplifying it bears some responsibility for giving it legitimacy it most certainly does not deserve."" Fox News declined a request for comment from The Hill. Members of the media have also called President Trump's health into question since the president took office. MSNBC ""Morning Joe"" host Joe Scarborough claimed in 2017 that ""people close to [Trump] during the campaign told me he had early stages of dementia,"" adding that Trump ""is not well."" Looks like I picked a good day to stop responding to Trump's bizarre tweets. He is not well. https://t.co/XJhW5ZHNfs - Joe Scarborough (@JoeNBC) November 29, 2017 CNN's Brian Stelter has questioned why more journalists don't ask ""uncomfortable questions"" about Trump's mental state, and he's also said the president's actions ""have been described as unpresidential, unhinged, and sometimes even crazy."" CNN host Don Lemon has also questioned Trump's fitness for office, and most recently, CNN chief White House correspondent Jim Acosta weighed in on talks surrounding Trump's fitness for office. ""I can't assess the president's mental state,"" Acosta said, ""but I will tell you my sense of it, covering him for a pretty long period of time now, is that he's more crazy like a fox.""",health,The Daily Beast,left
"'Underground terror tunnel dug from Gaza into Israel' discovered, military says","An ""underground terror tunnel dug from Gaza into Israel "" was discovered in the southern part of the Gaza strip, Israel Defense Forces announced on Monday. ""IDF troops just revealed an underground terror tunnel dug from Gaza into Israel,"" The Israel Defense Forces tweeted on Monday. ""How'd we find it? While building an underground security barrier. Why are we building an underground barrier? To stop Gaza terrorists from digging tunnels into Israel. Guess it's working."" They made the discovery during construction of an underground barrier around the coastal enclave five years after the start of an operation geared toward finding and destroying such tunnels, The Times of Israel reported, citing the IDF. IDF troops just revealed an underground terror tunnel dug from Gaza into Israel. How'd we find it? While building an underground security barrier. Why are we building an underground barrier? To stop Gaza terrorists from digging tunnels into Israel. Guess it's working ü§∑üèª‚Äç‚ôÇ   Israel Defense Forces (@IDF) July 8, 2019 It was not clear how long ago the tunnel had been built. ""At this time, IDF soldiers are conducting an investigation of the passage. More information will be provided shortly,"" the army said Monday. The tunnel did not represent a threat and was ""being taken care of by the IDF,"" The Times of Israel reported, citing the Eshkol Regional Council, covering the area where the tunnel was found. The council added that the tunnel was detected because of ""groundbreaking technological defenses that are used along the Gaza border to protect our communities."" This cross-border tunnel reportedly was the 18th discovered since the end of the 2014 Israel-Gaza conflict, also known as Operation Protective Edge. Israel's military has been investing extensive resources to find these tunnels and have destroyed 16, including one that stretched into both Israel and Egypt's Sinai Peninsula, The Jerusalem Post reported.",crime,The Times of Israel,center
us had open beds as migrant kids languished at texas station,"HOUSTON (AP)   As more than 200 children languished in troubling conditions in a remote Border Patrol station, the government's system of child detention facilities had at least 500 beds available, according to records provided to The Associated Press. The records show that the U.S. Department of Health and Human Services had beds available in facilities in several states, including Texas, Arizona, and California. In total, the network on June 17 had 512 open beds in shelters. A few days later, it had 402 shelter beds. Meanwhile, some 250 infants, children, and teenagers were detained in Clint, Texas, for up to 27 days. Lawyers who visited the facility told The Associated Press they had inadequate food, water and sanitation and at least 15 children had the flu. Some were fed uncooked frozen food or rice and had gone weeks without bathing. Advocates and experts on the detention of immigrant children said at least some of the unused beds could have gone to children in Border Patrol custody and blamed poor communication between the government agencies for the lapse. ""Five hundred is a big enough number that they should be able to alleviate some of the pressure at the border,"" said Jennifer Podkul, senior director of policy and advocacy at the group Kids in Need of Defense. Under federal law, the Department of Health and Human Services is responsible for sheltering migrant children until they are placed with family sponsors. While complaints have arisen about the treatment of children in the department's custody, its facilities are considered far superior to Border Patrol stations. The Border Patrol is supposed to hold children in most instances for no longer than 72 hours, after which it's supposed to send the children to Health and Human Services. HHS' system remains close to full, at around 94% capacity in the most recent records provided to AP. In a statement, the agency said it was ""virtually impossible"" for the department to reach 100% capacity because certain beds are set aside for certain age groups or classes of children. The department is also trying to expand bed space, announcing Wednesday that it was close to opening a facility for up to 1,300 kids in Carrizo Springs, Texas. Workers are preparing the site, which once housed oilfield workers, by removing mold spots and repairing the air conditioning. The conditions in Clint, first reported last week by The Associated Press, caused mass outrage. By Monday, U.S. Customs and Border Protection said a majority of the children in the facility when lawyers visited had been transferred to HHS. But more than 100 were taken back to the Clint station, CBP said. Heidi Altman, director of policy at the National Immigrant Justice Center, questioned whether government agencies were sharing information as well as they could. The gaps between government agencies arose last year when President Donald Trump's administration enacted a zero-tolerance policy that led to thousands of family separations, when agencies lost track of parents and children after separating them and in some cases deporting parents. ""This administration has not chosen to devote time, energy, or resources, to make sure the agencies communicate and share information with each other when it's in the best interest of the children,"" Altman said. ""We have long known that the choice to hold children in deplorable conditions and to delay transfer out of (Border Patrol) processing was never really about the money."" Advocates say children are detained much longer than before in Health and Human Services custody   leading to high capacity numbers and backlogs   due to Trump administration policy. The agency last year entered an agreement with immigration authorities to share information about sponsors, which advocates warned would discourage adult relatives living in the U.S. illegally from coming forward. The agency said it has narrowed some of its requirements this year to expedite the release of children. Last week, it suspended fingerprinting and biometric checks for grandparents, adult siblings, and other close relatives who came forward as sponsors. It also moved to release children to sponsors before the completion of state welfare checks in cases where there are no specific child welfare concerns.",legal arguments,Business Insider,center
Venezuelan ex-electric chief among 2 indicted in US,"MIAMI (AP)   Two former Venezuelan officials have been indicted on U.S. money-laundering charges, including the ex-minister for electricity, who was fired after a series of blackouts, federal prosecutors said Thursday. Luis Alfredo Motta Dominguez, 60, faces seven counts of money laundering and one count of money-laundering conspiracy, Miami U.S. Attorney Ariana Fajardo Orshan said in a news release. Motta and Eustiquio Jose Lugo Gomez, 55, awarded $60 million in contracts to three Florida-based companies in return for bribes, most of which were laundered through South Florida financial institutions, prosecutors said. Lugo was procurement director at Venezuela's state-run Corpoelec, which Motta also headed. Also Thursday, Treasury Secretary Steven Mnuchin announced that sanctions have been imposed on Motta and Lugo that blocks all property and interests in property and any entities they own or control. The action would prohibit any dealings by U.S. persons that involve any of the two men's property or property interests. ""The illegitimate (President Nicolas) Maduro regime exploits the public trust by plundering Venezuelan assets, enriching themselves, and watching idly as basic public systems needlessly and catastrophically fail,"" Mnuchin said in a statement. ""Treasury will continue to target officials who exacerbate corruption at the expense of the Venezuelan people and knowingly fail to provide basic public service."" Authorities say the two are not in U.S. custody. It wasn't clear Thursday if they had U.S. lawyers to represent them. The three Florida companies are Oriental Trading Corp., Search Trading and Headline, according to court documents. The contracts were for forklifts, transformers, generators and lightbulbs. Motta, an army general, was axed as electricity minister in April by Maduro after a series of nationwide blackouts that left some parts of the country in the dark for weeks. The government blamed the outages on the U.S., saying it sabotaged the nation's largest dam. But experts said it was more likely caused by years of neglect compounded by seasonal wind fires that blazed across a transmission line. Two other men involved in the plot with Motta and Lugo pleaded guilty on Monday to corruption charges, prosecutors said Thursday. Jesus Ramon Veroes, 69, of Venezuela, and 54-year-old Luis Alberto Chacin Haddad of Miami admitted conspiring to pay the bribes in exchange for the Corpoelec contracts. In addition to maximum five-year prison sentences, they will be required to forfeit at least $5.5 million in profits from the scheme and real estate in the Miami area, prosecutors said.",legal arguments,AP,center
faulty wiring blamed for electrocuting boys in solano co. irrigation canal,"Attorneys are blaming faulty, sloppy wiring for an electrified irrigation canal bridge that killed two teenage boys earlier this year. RELATED: 2 teens electrocuted trying to rescue dog from Dixon canal Jacob Hourmouzus, 17, of Elk Grove and Jacob Schneider, 17, of Dixon, were walking with two other friends and one of the boy's dog along an irrigation ditch just west of Dixon in Solano County. During that stroll, they crossed a metal bridge over the irrigation ditch and the dog fell into the water. Hourmouzus and Schneider jumped into the water to save the dog. When they grabbed back onto the bridge for support, they were electrocuted. Schneider's cousin Kelby Holland then jumped into the canal to drag the two boys out of the water. RELATED: Solano Irrigation District holds special meeting following death of teens in Dixon canal The Solano Irrigation District (SID) oversees and is in charge of that canal and bridge. ABC10 learned new information about what happened via two complaints for damages, which attorneys for the boys' families filed Thursday. Daniel Wilcoxen represents Hourmouzus' family and Robert Buccola represents Schneider's family, including the cousin. The attorneys said wiring around the metal bridge's infrastructure was not grounded, meaning any excess electricity would run not into the ground   as it should   but into the bridge, electrifying it. ""You've got to understand the kind of a trap that was laid there,"" Wilcoxen said. ""That bridge was electrified for a long period of time."" While the attorneys aren't claiming the Solano Irrigation District had any intent to cause harm, they are saying that the SID was negligent in installing such slipshod wiring. ""The biggest concern we have now is, what other facilities at SID are wired similarly, and we have those inquiries out,"" Buccola said. ""We've been assured by counsel for SID that any other facility wired that way would be immediately rectified."" The boys' families want more than a fix of faulty wiring, however. ""One of the things that both families have in mind is that we won't resolve this case until there are protocols that make this kind of accident impossible to occur in the future,"" Buccola said. The families are also seeking compensation for funeral, burial and attorney expenses, as well as damages for emotional impact and loss of life. The parents said any money awarded that's left over after covering expenses will go toward philanthropic efforts in the boys' communities. Their deaths left the communities   and families - heartbroken. ""These are their oldest sons, the ones looked up to by their other siblings, and you've just taken away a child when he's in his senior year in high school,"" Wilcoxen said. In a response to ABC10's request for comment, the Solano Irrigation District spokesperson provided this statement: ""The Solano Irrigation District has cooperated fully with the Sheriff's investigation into the circumstances surrounding this accident. Because the investigation has not been completed, and with the pending litigation, we are unable to comment further."" On April 3, two days after the fatal incident, Solano Irrigation District board members consulted with SID's attorneys in a closed meeting. ""This has been really hard on the district, the community,"" board spokesperson Janet Zimmerman told ABC10 News that day. ""This is a very small community. People know each other. Employees of the district know the families. Some of them knew the boys, and it's wrenching. It's heart-wrenching, and everybody feels terrible. It's a very sad story and a horrible accident."" Buccola and Wilcoxen said the families are asking for privacy. They also want to see changes to bring about more accountability for electrical wiring and construction in SID infrastructure   as well as the infrastructure of irrigation districts throughout the state, since those entities are self-governing and without the strict oversight of the construction industry. Continue the conversation with Becca on Facebook . WATCH MORE: Teens electrocuted trying to rescue dog in Dixon canal",crime,Los Angeles Times,left
new york activists go on hunger strike to advocate for ending solitary confinement,"A group of New York activists are going on a hunger strike through the end of the state's legislative session to advocate for ending the practice of solitary confinement. Solitary confinement survivors and activists launched the #HaltSolitary hunger strike on Thursday to push lawmakers in Albany to vote on a bill that advocates say offers more humane alternatives to solitary confinement. At least 16 activists are said to have joined in the hunger strike on behalf of prisoner rights. The strike will last until the end of the session on June 19, or until the bill is voted on and signed by Gov. Andrew Cuomo (D). HUNGER STRIKE DAY 1: @jchausow & I join 15 others from @NYCAIC & @VOCALNewYork in a hunger strike to demand the passage of the #HALTsolitary Act. The bill has the support to pass. We need to @AndreaSCousins & @CarlHeastie to allow a vote on the bill & for @NYGovCuomo to sign it. pic.twitter.com/dGIiqA0Nym - Dave George (@davidgeorge265) June 13, 2019 Activists say they are also planning to to hold a strike outside Cuomo's Manhattan office on Friday morning . The bill, titled the Humane Alternatives to Long Term Solitary Confinement Act , would end long-term isolated confinement, limiting an individual from spending more than 15 consecutive or 20 days total in isolated confinement in a 60-day period. It would also ban isolated confinement for any person under 21 or over 55 years old, or anyone with mental or physical disabilities. Victor Pate, a campaign organizer, said he was held in solitary confinement for two years. From his experience, Pate said prisoners in solitary often don't get fed, and the hunger strikes brings awareness to their treatment. ""We are doing this strike to bring attention to the lack of urgency shown by the legislature,"" Pate said in a statement. Nick Encalada-Malinowski, a campaign director for VOCAL-NY and hunger strike participant, said elected officials don't see incarcerated people ""as fully human."" ""Every elected official needs to be asking themselves this question: Would I allow someone I love to suffer the torture of solitary confinement? If the answer is no, they must pass the bill,"" he said in a statement. Cuomo was not immediately available for comment Thursday night. A spokesperson for Cuomo responded to local outlet Gothamist by pointing out a portion of the governor's 2019 Justice Agenda that directed the state's Department of Corrections to speed up solitary confinement by building more housing and expanding therapeutic programming. ""We of course remain engaged with the legislature on any additional reforms that can be operationally and fiscally implemented,"" spokesman Jason Conwall told the Gothamist. The push to end solitary confinement has seen renewed attention in recent days after Democratic firebrand Rep. Alexandria Ocasio-Cortez (N.Y.) called for President Trump 's former campaign manager Paul Manafort to be released from solitary confinement. Ocasio-Cortez has frequently taken aim at Rikers Island prison - which is located in her district - for inhumane conditions, calling the practice ""torture"" and a ""human rights violation.""",health,NBC News,left
US appeals court sides with Trump in lawsuit involving hotel,"RICHMOND, Va. (AP)   A federal appeals court has ordered the dismissal of a lawsuit accusing President Donald Trump of illegally profiting off the presidency through his luxury Washington hotel, handing Trump a significant legal victory on Wednesday. A three-judge panel of the 4th U.S. Circuit Court of Appeals unanimously overturned the ruling of a federal judge in Maryland who said the lawsuit could move forward. The state of Maryland and the District of Columbia sued in 2017, claiming Trump has violated the emoluments clause of the Constitution by accepting profits through foreign and domestic officials who stay at his luxury Washington hotel. The provision prohibits federal officials from accepting benefits from foreign or state governments without congressional approval. The 4th Circuit found the two jurisdictions lack standing to pursue their claims against the president, and granted a petition for a rare writ of mandamus, directing U.S. District Court Judge Peter Messitte to dismiss the lawsuit. Trump heralded the decision in a tweet, saying, ""Word just out that I won a big part of the Deep State and Democrat induced Witch Hunt."" Trump tweeted that he doesn't make money but loses ""a fortune"" by serving as president. Trump's personal attorney, Jay Sekulow, called the decision ""a complete victory."" ""The decision states that there was no legal standing to bring this lawsuit in the first place,"" Sekulow said a statement. ""This latest effort at Presidential harassment has been dismissed with prejudice."" During oral arguments before the panel in March, lawyers for Maryland and the District said Trump's status as president is a driving factor for foreign and domestic government officials to stay at his hotel. Just blocks from the White House, the iconic Old Post Office quickly became a hot spot for lobbyists and foreign officials after it reopened in October 2016 as the Trump International Hotel. A public relations firm working for Saudi Arabia spent nearly $270,000 on food and rooms. The Philippine and Kuwaiti embassies have also had parties there. Maryland and the District claim they have suffered harm because more people would stay at hotels in their jurisdictions if they weren't eager to curry favor with the president by staying at his hotel. Trump's legal team argued that Maryland Attorney General Brian Frosh and District of Columbia Attorney General Karl Racine   both Democrats   lack authority to sue the president in his official capacity. Trump's lawyers also argued that the emoluments clause only bars compensation made in connection with services provided in his official capacity or in ""an employment-type relationship"" with a foreign or domestic government. The 4th Circuit's decision to hear the unusual mid-case appeal put the lawsuit on hold before deadlines to respond to subpoenas issued in December seeking tax returns, receipts and other records from more than 30 entities, including 13 Trump businesses and the federal agency that oversees the lease for Trump's hotel. It appears likely the panel's ruling will not be the end of the case. Racine has said that if the panel ruled against Maryland and the District, the legal team would seriously consider asking for a rehearing before the full 4th Circuit. He also said it wouldn't surprise him if the case ended up in the U.S. Supreme Court. A spokeswoman for Frosh's office didn't immediately respond to a request for comment. Racine's office said a statement would be forthcoming. All three judges on the panel were nominated by Republican presidents: Paul Niemeyer, by George H.W. Bush; Dennis Shedd, by George W. Bush, and Judge A. Marvin Quattlebaum, by Trump. A similar case brought by nearly 200 congressional Democrats in the District of Columbia's federal court also deals with the idea that Trump is using the presidency for his personal profit, but that case is uniquely different in that the Congress is specifically mentioned in the emoluments clause itself. On Monday, the Justice Department petitioned for a writ of mandamus in the D.C. appeals court and asked for a stay on the 37 subpoenas issued in that case. ___ Associated Press writers Tami Abdollah in Washington and Sarah Rankin in Richmond, Virginia, contributed to this report.",legal arguments,Associated Press,center
Honduran man dies in ICE custody at Texas facility,"A 30-year-old Honduran migrant died while in Immigration and Customs Enforcement custody Sunday, the government confirmed. Yimi Alexis Balderramos-Torres was found unresponsive in his dormitory at the Houston Contract Detention Facility on Sunday, according to a statement from the Department of Homeland Security. Balderramos-Torres was then taken to a hospital in Humble, Texas, where he was pronounced dead. The cause of death remains undetermined and an autopsy is scheduled. ""Comprehensive medical care is provided from the moment detainees arrive and throughout the entirety of their stay,"" the DHS said in a statement Monday. ""All ICE detainees receive medical, dental and mental health intake screening within 12 hours of arriving at each detention facility, a full health assessment within 14 days of entering ICE custody or arrival at a facility, and access to daily sick call and 24-hour emergency care."" Balderramos-Torres is the sixth person to die in ICE custody since the start of the fiscal year, which began in October, the DHS said. He was denied entry into the United States on May 17 after border agents found him ""inadmissible"" in El Paso, Texas, and sent him to Mexico, the department said. On May 27, Balderramos-Torres ""again entered the country illegally"" and was detained by local law enforcement during a traffic stop, then transferred to ICE custody June 6, according to the agency. Migrant detention centers have drawn renewed scrutiny amid reports of poor living conditions for detainees. A group of lawyers told The Associated Press earlier this month that young children and teenagers were denied access to showers for days or even weeks, provided inadequate food, suffered flu outbreaks and subjected to prolonged periods of detention at a facility in Clint, Texas. Almost 300 migrant children were removed from the center last week. Rep. Alexandria Ocasio-Cortez, D-N.Y., said Monday that after visiting two immigration detention facilities in Texas she learned that Customs and Border Patrol officers told detained women to ""drink out of the toilets."" ""After I forced myself into a cell w/ women & began speaking to them, one of them described their treatment at the hands of officers as 'psychological warfare'   waking them at odd hours for no reason, calling them wh*res, etc.,"" she said on Twitter. ""Tell me what about that is due to a 'lack of funding?'"" In an internal report prepared by Homeland Security's Office of Inspector General and obtained by NBC News, inspectors noted during a May 7 tour of a border station in the El Paso sector that only four showers were available for 756 immigrants , more than half of the immigrants were being held outside, and immigrants inside were being kept in cells maxed out at more than five times their capacity. Medical concerns were also rising during early May, the report found. Agents reported taking sick migrants to the hospital five times a day, treating 75 immigrants for lice in a single day and trying to quarantine outbreaks of flu, chickenpox and scabies.",health,Associated Press,center
NYPD trial in Eric Garner's death could be longest in department's history,"Nearly two dozen witnesses may be called in the NYPD trial of the cop accused of using a deadly chokehold on Eric Garner, the Daily News has learned. Police Officer Daniel Pantaleo is facing department charges for using a banned maneuver, killing Garner on a Staten Island street on July 17, 2014. The Civilian Complaint Review Board said Thursday it plans to call 17 witnesses to the stand in Police Headquarters, with another 33 possible. Lawyers for Pantaleo said they intend to call 22 witnesses. If that happens, the trial, set to begin in May, could be one of the longest departmental trials in history. The judge, Rosemary Maldonado can cut the list down to police officers only, and eliminate the civilians. The CCRB and Pantaleo's attorney Stuart London have filed motions in the case, but those filings will likely never see the light of day because of the de Blasio administration's position on police disciplinary records. City Hall believes state Civil Rights Law, section 50-a bars releases of any such records. Civil rights advocates disagree. Highlighting the administrative secrecy surrounding the now four-year-old case, the lawyers and Maldonado held an extended off-the-record conversation Thursday out of earshot of the packed gallery. ""We still see that the NYPD is covering up,"" said Garner's mother Gwen Carr. ""It's not just Pantaleo. It's the other officers who (were) involved. We want all of them to stand trial. We want all of them to be fired."" Garner, 43, was selling loose cigarettes before police approached him. When they tried to arrest him, he said he was tired of police harassment, threw his hands up and tried to back away. The cops wrestled Garner to the ground , and while he was in a chokehold and Garner said, ""I can't breathe"" 11 times, lost consciousness and died. Police Benevolent Association President Patrick Lynch said Pantaleo   who was cleared of criminal charges by a grand jury   shouldn't face a departmental trial. ""The basic facts of this case are that the officers were sent to arrest Mr. Garner on complaints from the community,"" Lynch said. ""He had been warned to cease his illegal activities the week before and chose to ignore the warning, so letting him go was not an option."" Lynch said Garner refused to cooperate and pushed cops away. ""The officers involved did not hit with their fists or batons, nor did they draw their weapons to gain compliance,"" Lynch explained. ""Mr. Garner was taken to the ground using the minimum amount of force by employing a maneuver taught in the police academy. Unfortunately, Mr. Garner's extremely poor health and severely compromised cardiovascular system resulted in his tragic demise. Police Officer Daniel Pantaleo did nothing wrong."" The NYPD and the CCRB did not return requests for comment.",legal arguments,New York Daily News,left
"Supreme Court won't strip federal agencies of all power to interpret regulations, a top priority of conservatives","WASHINGTON   The Supreme Court denied the conservative legal movement something it has long sought Wednesday, refusing to strip federal agencies of the power to interpret ambiguous regulations. The decision was unanimous because while upholding agencies' authority, the justices defined new limits. Deference ""is sometimes appropriate and sometimes not,"" Associate Justice Elena Kagan said in her opinion. ""Deference can apply only when a regulation is genuinely ambiguous,"" Kagan said, and ""the agency's construction of its rule must still be reasonable."" But when those and other conditions are met, she said, courts must accept agency interpretations. Associate Justice Neil Gorsuch went further in a 42-page concurrence, labeling the decision ""more of a stay of execution than a pardon."" He and Associate Justices Clarence Thomas and Brett Kavanaugh said they would have overruled the high court's precedent on agency deference. ""The doctrine emerges maimed and enfeebled   in truth, zombified,"" Gorsuch said. More: Supreme Court rules for sex offender in child pornography case testing power of judges, juries And Chief Justice John Roberts warned that the court's refusal to overrule its precedent does not signal the same treatment for another target of conservatives: so-called ""Chevron deference,"" in which courts are supposed to bend to agency interpretations of laws enacted by Congress. That precedent, therefore, remains on the ropes. The ruling is important because agencies run by unelected bureaucrats make decisions all the time about regulations on the environment, the workplace, food and drugs, and other matters affecting millions of Americans. Challengers wanted that power left to federal trial judges when regulations get challenged in court. Under Supreme court precedents from 1945 and 1997, courts are encouraged to defer to administrative agencies with expertise the judges lack. The specific case before the justices challenged the Department of Veterans Affairs' refusal to pay retroactive disability benefits to a Marine Corps veteran of the Vietnam War with post-traumatic stress disorder. But it rose to the high court's attention only because it was a stalking horse for a much bigger issue. The unanimous 1997 decision in Auer v. Robbins upholding agencies' clout was written by the late Associate Justice Antonin Scalia , who over the next two decades grew to despise it. He once told his friend and colleague, Associate Justice Clarence Thomas, that Auer was ""one of the worst opinions in the history of this country."" ""Nino,"" Thomas has said in recounting the story, ""you wrote it."" Defending agency deference during oral argument in March, Associate Justice Stephen Breyer cited ""hundreds of thousands, possibly millions, of interpretive regulations"" that bureaucrats are best able to define. By way of example, Breyer noted a Food and Drug Administration regulation concerns ""a single new active moiety, which consists of a previously approved moiety, joined by a non-ester covalent bond to a lysine group."" ""Do you know how much I know about that?"" Breyer quipped. Tongue in cheek, Kagan answered his question in a footnote to her opinion, complete with references to molecules, ions, esters, salts, chelates and clathrates. More: Supreme Court's Top Cases of 2019 The case was closely watched by both conservatives and liberals because eliminating agency deference over regulations is considered a stepping stone to the more controversial change: stripping agencies of the power to interpret ambiguous laws passed by Congress . Under Chief Justice John Roberts, the high court does not overrule itself often   about once a year and considerably less than in the past. But last year, it struck down both a 1977 decision that allowed public employee unions to collect fees from non-members and a 1992 ruling that allowed retailers to sell goods tax-free beyond state borders . This year, the court has overruled precedents on states' immunity from being sued in other states and the requirement that property owners challenge government takings in state court before reaching federal court. This article originally appeared on USA TODAY: Supreme Court won't strip federal agencies of all power to interpret regulations, a top priority of conservatives",legal arguments,USA TODAY,center
iowa politics newsletter: candidates return to iowa after first democratic debates,"Good morning, Iowa, Candidates at the first debate in Miami, Florida, are already back in Iowa: The most Google-searched candidate on night two of this week's Democratic debates, Marianne Williamson started her weekend in Grimes on Saturday morning , speaking to a crowd of around 40 people at the Grimes Community Complex. ""I know I sounded silly, saying plans don't matter,"" Williamson told the crowd, referencing her performance at the debate. ""I'm a practical woman ... I understand there are practical things that must be done."" Jill Biden , the wife of former Vice President and current Democratic presidential candidate Joe Biden, was also in Iowa. She spoke to supporters at the State Historical Museum of Iowa on Friday. Beto O'Rourke recorded a video in support of Ross Wilburn , a candidate running for an Iowa House of Representatives seat in Ames. O'Rourke said the special election, to be held on Aug. 6, is extra important because it takes place before college students return to Iowa State University. ""My belief is that they are trying to suppress the number of people who turn out to vote,"" O'Rourke said in the video. ""So the responsibility is ours to get out there."" On Monday, Montana Gov. Steve Bullock's presidential campaign announced a statewide mail program targeting Iowa Caucus voters. ""Gov. Bullock is a red-state governor with a blue-state record. As the only candidate who has won a Trump state, Gov. Bullock can both win this election and has the pragmatic, progressive agenda to get our country back on track,"" Bullock's Iowa state director, Megan Simpson, said in a release. Iowa lawmakers passed nearly 200 bills during the legislative session that finished in late April. Some went into effect as soon as Gov. Kim Reynolds signed them, but the vast majority are slated to go into effect Monday . Several bills that dominated news coverage of the legislative session, including laws promoting free speech on college campuses and changes to Iowa's judicial nominating system, are already in effect. Some, like limits to Planned Parenthood's ability to access federal funds, face court challenges. Here's a roundup of which laws go into effect Monday . Iowa City transportation engineer Newman Abuissa o fficially launched his campaign for Iowa's 2nd Congressional District on Sunday afternoon in front of a crowd of supporters at the Public Library in Iowa City. Abuissa is the second Democrat to take aim at replacing retiring U.S. Rep. Dave Loebsack as Iowa's 2nd District representative. A state agency has launched an investigation into how sheriff's departments in Jackson and Clinton counties handled an alcohol-related incident involving Assistant Jackson County Attorney Amanda Lassance. Bert Dalmer, an investigator in the Iowa Office of Ombudsman, confirmed that his agency has notified Jackson County Sheriff Russ Kettmann and Clinton County Sheriff Rick Lincoln that their departments are facing an investigation into how they conducted their work after finding Lassance parked on the shoulder of U.S. Highway 61 with beer cans scattered about. UnityPoint Health , one of Iowa's main hospital and clinic systems, announced Friday that it's in talks with Sanford Health , a larger system based in South Dakota, about a merger. The companies have signed a ""letter of intent"" to merge but said the details still need to be worked out. Here's what else we're reading: Waterloo-Cedar Falls Courier: Providers get ready for another Iowa Medicaid transition Iowa Public Radio: Iowa Supreme Court upholds police use of pretext traffic stops The Gazette: Economic 'disruption' spurs Iowa governor's 'new direction' KCRG: Iowa high court sides with parole board in juvenile parole Want to keep up to date with Iowa politics? Subscribe to our newsletter to get important coverage of what's happening on the campaign trail and what you need to know in Iowa political news. This article originally appeared on Des Moines Register: Iowa Politics Newsletter: Candidates return to Iowa after first Democratic debates",legal arguments,The Charlotte Observer,center
DC mayor says Trump's Fourth of July celebration emptied security fund,"AP Domestic Nation's capital holds its Independence Day Parade The nation's capital held its Independence Day Parade along historic Constitution Avenue with the backdrop of the Washington D.C monuments. (July 4) WASHINGTON   District of Columbia Mayor Muriel Bowser government says that the cost of President Donald Trump's Fourth of July celebration and the cost of addressing recent protests has emptied out a municipal fund used to provide security for public events and defend against terrorist threats. In a letter to Trump dated July 9, Bowser says the city spent about $1.7 million on Trump's ""July 4th holiday activities and subsequent first amendment demonstrations,"" as a result, the city's Emergency Planning and Security Fund (EPSF) will likely be empty before the end of the fiscal year. Bowser asked for the Trump administration's help in covering D.C.'s security costs, citing ""declining reserves, increased demand for heightened security, and a one-time draw down of $7.3 million to cover security costs associated with the 2017 Presidential Inauguration."" More: 'This says something': Thousands gather in Washington for Donald Trump's 4th of July celebration More: 'Are you proud to be an American?' Why Trump's 4th of July was a tale of three different celebrations More: 'Nothing America cannot do': Donald Trump touts U.S. military strength in 4th of July speech ""This large, one-time cost has been compounded by Congress only appropriating approximately $13 million to the EPSF for the past few years (when our annual expenditures near $16.5 million), and some unplanned large events such as the state funeral for the late President George H.W. Bush,"" Bowser added. ""As we continue to gather estimates for the next Inauguration, we ask for your help with ensuring the residents of the District of Columbia are not asked to cover millions of dollars of federal expenses and are able to maintain our high standards of protection for federal events,"" Bowser concluded. Trump's Fourth of July speech marked a departure from tradition as it included tank displays, plane flyovers, fireworks, and a speech from the president. Trump's critics had argued the speech threatened to politicize what had previously been a nonpartisan holiday tradition. Demonstrators brought along a ""Baby Trump"" balloon and a ""Dump Trump"" robot to protest the president. More: Flag burning in front of White House leads to scuffle amid 4th of July celebrations More: Far-right extremists Proud Boys outnumbered by counter-protesters at Washington, DC, rally Some protests grew more heated. A brief scuffle broke out outside the White House following a flag-burning protest on July 4, and dueling protests and counter-protests between the Proud Boys and Antifa and other counter-protesters took place on July 6. More: Like what you're reading? Download the USA TODAY app for more This article originally appeared on USA TODAY: DC mayor says Trump's Fourth of July celebration emptied security fund",politics,USA TODAY,center
"Greenpeace activists scale 27,000-ton oil rig bound for North Sea","Environmental activists have climbed on board a 27,000-ton BP oil rig being towed off the coast of Scotland, and are vowing to stay put until the company halts plans to drill new wells. The two Greenpeace protesters have now ""set up camp"" on the rig, the group said in a statement Monday. The demonstrators scaled the structure on Sunday evening as it was leaving the inlet of Cromarty Firth in Northern Scotland, bound for the North Sea. Demonstrators in boats also drew up alongside the rig before climbing on board and unfurling a banner reading ""Climate Emergency."" They are demanding BP immediately stop drilling new wells and switch to renewable energy. The group said they have ""provisions to stay in place (on the rig) for days."" The rig was headed for the Vorlich oil field, where activists say BP plans to drill 30 million barrels of oil. ""Warm words flow from BP on their commitment to tackling climate change,"" said Jo, a Greenpeace activist from Scotland currently on board the rig. Jo's last name was not included in the statement. In reality, the rig was ""a sign that BP are committed to business as usual, fueling a climate emergency that threatens millions of lives and the future of the living world,"" Jo said. ""We can't let that happen -- that's why we're here today."" BP responded in a statement , saying that, ""while we recognize the right for peaceful protest, the actions of this group are irresponsible and may put themselves and others unnecessarily at risk."" The company added that it shared the protesters' concerns about the environment and supported the Paris Climate Change Agreement. BP said it was working with the rig's owner and operator -- Transocean -- and the authorities to resolve the situation ""peacefully and safely."" A Transocean spokeswoman told CNN the company is working with BP on the matter and declined to comment further. The demonstration comes a month after Greenpeace activists locked themselves inside five massive containers, blocking the entrances to BP's London headquarters.",environmental issues,CNN,left
summer school starts at huntington beach's edison high after toxic dump prompted air tests,"Responding to concerns that health issues at Edison High School may be related to the nearby toxic landfill, Principal Jennifer Graves notified parents Sunday that air monitoring showed the Huntington Beach campus's air at ""a healthy level"" and that summer school and athletic activities would proceed as planned. Summer school begins Tuesday. Cleanup of the now-shuttered Ascon oil-waste landfill was halted indefinitely June 6 after neighbors expressed outrage at a community meeting over the dust and toxic fumes stirred up by an ongoing cleanup of the site. More worries were expressed during a June 11 school board meeting, after which Superintendent Clint Harwick said that he would immediately pursue air-quality monitoring on campus, which is kitty corner from the 38-acre dump site. He also said closure of summer activities at the school would be considered if circumstances merited it. But the tests subsequently performed showed that such steps weren't necessary, according to emails and automated calls sent out by Graves. ""We have conducted independent 3rd party testing and have received results that air quality on campus is at a healthy level,"" Graves wrote in her email. ""We will continue to work with the city, state legislature, Air Quality Management District and Department of Toxic Substances Control to ensure student and staff safety."" The Department of Toxic Substances Control has reported just three minor instances of excessive dust or toxins from 648 tests at the perimeter of the site this year. But neighbors have reported ongoing respiratory issues, headaches, rashes, nausea and other maladies they've linked to the work that began in February. Parents say students at the school have experienced similar problems. Work was initially shut down on June 6 because of chemical odors reported   and verified by air-quality officials   at the school. That work stoppage was subsequently extended indefinitely by the toxic substances agency while higher dust-blocking fences are erected on the site and other dust-control measures are explored. On the Facebook page Huntington Beach Landfill Awareness Project , a forum predominantly featuring neighbors upset with the landfill project, posters expressed ongoing frustration following Graves' announcement, including the lack of details about the monitoring and future plans at the school. ""I don't believe for one second that the air quality is 'healthy' as she is declaring,"" Michelle Clair Perelman wrote in response to a Southern California News Group inquiry on the page. Related links Huntington Beach landfill outrage spurs school officials to address health concerns Community outrage halts landfill project near Edison High School in Huntington Beach Your recyclables are going to the dump and here's why Huntington Beach desalination plant: How it might have been operating by now Perelman has a son who will be a senior at Edison and plans to play summer league baseball at the school despite her concerns for his health. ""My son is worried about getting kicked off the (school's varsity) team if he doesn't show up,"" she said. This is the final stage of cleanup at the landfill, which closed in 1984. Toxic substances agency's Cypress branch chief, Javier Hinojosa, has said the site will be capped and remain undeveloped as private green space. The school district did not respond to Southern California News Group inquiries of who performed the air monitoring, whether the air on campus will continue to be monitored and whether there were any traces of toxins in the samples taken.",environmental issues,San Francisco Chronicle,left
82 migrants missing at sea day after deadly libya airstrike,"CAIRO (AP)   A boat carrying 86 migrants from Libya sank in the Mediterranean Sea and only three passengers are known to have survived the shipwreck the day after an airstrike on a Libyan detention center killed at least 44 migrants, the U.N. migration agency said Thursday. The International Organization for Migration said the boat sank late Wednesday off the Tunisian city of Zarzis and 82 of the migrants who had been on board were missing. Fishermen pulled four men from the sinking boat, and one died overnight, Lorena Lando, the agency's head in Tunisia, said. The United Nations and aid groups have blamed the airstrike tragedy in part on the European Union's policy of partnering with Libyan militias to prevent migrants from trying to cross the Mediterranean to reach Europe. Critics of the EU's program say it leaves migrants at the mercy of brutal traffickers or confined in detention facilities near front lines, often without adequate food and water. Migrants who survived late Tuesday's airstrike said they were conscripted by a local militia to work in a weapons workshop. The decision to store weapons at the facility in Tajoura, to the east of Tripoli, may have made it a target for the self-styled Libyan National Army, which is at war with an array of militias allied with a weak, U.N.-recognized government in the capital. The Tripoli government has blamed the strike, which wounded more than 130, on the LNA and its foreign backers. The LNA, led by Field Marshal Khalifa Hifter, says it targeted a nearby militia position but denies striking the hangar where the migrants were being held. Hifter, whose forces control much of eastern and southern Libya, has received aid from Egypt, the United Arab Emirates, Saudi Arabia and Russia. Around 6,000 migrants, most from elsewhere in Africa, are being held in Libya's detention centers after being intercepted by the EU-funded coast guard. In Tajoura, hundreds of migrants are held in several hangars next to what appears to be a weapon cache. Two migrants told The Associated Press that for months they were sent day and night to the workshop inside the detention center. ""We clean the anti-aircraft guns. I saw a large amount of rockets and missiles too,"" said a young migrant who has been held at Tajoura for nearly two years. Another migrant recounted a nearly two-year odyssey in which he fled war in his native country and was passed from one trafficker to another until he reached the Libyan coast. He boarded a boat that was intercepted by the coast guard, which later transferred him to Tajoura, where he was wounded in Wednesday's airstrike. ""I fled from the war to come to this hell of Libya,"" he said. ""My days are dark."" The migrants requested that their names and nationalities not be published, fearing reprisal. Many of those who died in the attack were crushed under debris as they slept. Pictures shared by the migrants show the hangar reduced to a pile of rubble littered with body parts. More than 48 hours after the strike, relief workers were still pulling bodies from the rubble while the wounded lay on bloody mattresses in a courtyard, receiving medical aid. The U.N. Office for the Coordination of Humanitarian Aid said Thursday that it received reports of guards firing on the migrants as they tried to flee after the airstrikes. A migrant told the AP it was not clear if the guards fired at the migrants or in the air. Despite the international outrage following the airstrike, aid groups said there are no plans to evacuate the migrants and that nowhere in Tripoli is safe. ""We are not aware of plans to relocate the migrants that remain in Tajoura,"" said Safa Mshli, an International Organization for Migration spokeswoman. ""Migrants intercepted or rescued at sea should not be returned to Libya, where they will face the same inhumane conditions."" ___ Associated Press writers Jamey Keaten in Geneva and Lori Hinnant in Paris contributed to this report.",crime,Los Angeles Times,left
Border Patrol searching for missing 2-year-old girl in Rio Grande,"Divers are searching for a 2-year-old girl believed to have gone missing in the Rio Grande River near Del Rio, Texas, Customs and Border Protection (CBP) announced Tuesday . Agents from the Del Rio Border Patrol Station said a woman from Haiti told them Monday that she had lost her daughter, a national of Brazil, while crossing the river. ""Any time a child is lost it is a tragic event,"" Del Rio Sector Chief Patrol Agent Raul L. Ortiz said in a statement . ""I cannot imagine the anguish the parents of this young girl must be feeling and I hope our search efforts pay off with a positive outcome."" CBP said the search began Monday night with assistance by law enforcement teams from Ciudad Acuna, Mexico, and continued throughout the day Tuesday with help from a remotely operated submersible, a dive team and other officials. Del Rio Sector Border Patrol agents lead search for missing 2-year-old Haitian girl in Rio Grande River. More info: https://t.co/pzNHWJyRs6 #USBP #CBP pic.twitter.com/II7JNZP7Y3   CBP South Texas (@CBPSouthTexas) July 2, 2019 The latest possible drowning comes just one week after a man from El Salvador, √ìscar Alberto Mart√≠nez Ram√≠rez, drowned along with his almost 2-year-old daughter , Valeria, while trying to cross. According to Martinez's wife, the pair had successfully crossed the river on their first attempt. But when he came back for his wife, Valeria tried to follow and although Martinez grabbed her, they were caught in the currents. The photo of the two laying face down with the girl's arm around his neck made national headlines. The family decided to cross the Rio Grande after weeks of trying to seek asylum from Mexico. Even President Trump reacted to the photo last week, saying ""I hate it,"" but he quickly pivoted to blaming Democrats for the conditions. Photo gallery by Reuters",crime,Reuters,center
Protesters Want All Philadelphia Police Officers Connected To Alleged Racist Social Media Posts To Be Removed From Streets,"PHILADELPHIA (CBS)   Philadelphia Police officials announced Wednesday that more than 70 officers are now off the street in connection to controversial Facebook posts. Members of the Rally for Justice coalition say more needs to be done and want all the officers connected to be taken off the street. The Rally for Justice coalition held a protest on Thursday that began at City Hall, calling for more action to be taken in the scandal connected to a number of police officers. The group is comprised of civic leaders NAACP members the black clergy and other activists. 72 Philadelphia Police Officers On Administrative Duty Over Alleged Racist And Violent Social Media Posts, Commissioner Says They are not fully happy with the response to hundreds of officers who reportedly posted racist and violent public Facebook posts unearthed by the Plain View Project. ""We support Derrick Green's resolution, calling for hearings on the racist police who posted on Facebook,"" Solomon Jones said, ""and said openly that they hate the people whose communities they patrol."" The group wants city council to intervene on the heels of Philadelphia Police Commissioner Richard Ross's announcement that 72 of the 328 officers involved have been placed on administrative duty. The Rally for Justice coalition showed up in force at the City Council meeting Thursday afternoon. They say they won't be satisfied until all officers involved in this scandal are removed from the streets. ""We know there's several members of council are planning to make statements around this issue, we need them to make a statement and speak up and do what they're hired to do, their job is to represent the people,"" Jones said. 'Get Them Off The Streets': Protesters Demand Hundreds Of Philadelphia Police Officers Accused Of Racist Facebook Posts Be Placed On Desk Duty ""So today, we want our city leaders, who we just voted for to join with us to make certain that the police that do not want to police our community are removed,"" Paula Peebles said. Despite calls for mass firings within the police department, Fraternal Order of Police officials say their officials deserve due process as the investigation plays out. ""We feel that it's excessive to take over 6,000 police officers off the street with the level of violence that's occurring in the city,"" FOP vice president John McGrody said. ""We're also backing the officers here on a daily basis with the interviews. We think the investigation is far too broad."" The FOP concerned that the more officers that are taken off the streets, the more vulnerable the city becomes to the crime wave they say it's already experiencing. FOP members are also upset that action is already being taken before the investigation has concluded.",crime,CBS News,left
Gavin Newsom agrees to sign California bill restricting vaccine exemptions,"A proposed law that would restrict medical exemptions for vaccines has support from California Gov. Gavin Newsom's now that it was modified to address his concerns about parents' rights. Newsom told a gaggle of reporters on Tuesday during an event with Native American tribes that he would sign the newly amended Senate Bill 276, which was changed after passing the Senate to address concerns that the state would have too much power over medical exemptions issued by doctors. In early June he expressed doubts about the bill , saying he didn't want government officials making decisions that should be between patients and doctors. State Sen. Richard Pan, D-Sacramento, had been working with the governor's office for two weeks before he announced that he accepted changes that both Newsom and the Medical Board of California wanted to see. Pan expanded a major provision of the bill that would have restricted doctors to guidelines under the Centers for Disease Control and Prevention when they administer medical exemptions. The guidelines now include more exemptions that are allowed by the Advisory Committee on Immunization Practices and the American Academy of Pediatrics. ""We worked very closely,"" Newsom said. ""The amendments reflect not only my concerns but also a number of key representatives whose job it is to carry out the law. This will make it workable and addressed some of my bureaucratic anxieties."" Parents are given additional power under the amendments, because they can appeal decisions made by public health officials who might revoke or deny medical exemptions. ""I want to thank Gov. Newsom for his leadership on children's health and standing up for science and the importance of vaccination by supporting SB 276,"" Pan said in a Tuesday statement regarding the amendments. ""I appreciate that the governor has worked with me in crafting a California solution to halting the abuse of medical exemptions that endanger our children."" The Assembly must pass the bill before Newsom can sign it. Pan argues that children who need medical exemptions will be able to get them under the legislation, but that signing off on exemptions should be a rare occurrence. He's also argued that the national measles outbreak ?  with 52 out of 1044 cases reported in California ?  could worsen and spread to children who are too sick to get vaccinated, by way of children going to school under fraudulent exemptions. But the Advocates for Physicians' Rights still opposes the bill, and issued a statement saying that the oversight would compel doctors to ""quit their job."" ""My greatest concern is this bill not only violates the medical freedom of an individual, but also violates the physician's right to treat their patients,"" said Nicole Shorrock, a doctor who testified against the bill during a committee hearing. ""Vaccines are like all medications and have inherent risks.""     ¬©2019 The Sacramento Bee (Sacramento, Calif.) Visit The Sacramento Bee (Sacramento, Calif.) at www.sacbee.com Distributed by Tribune Content Agency, LLC.",politics,The Sacramento Bee,left
Lawyer: Flynn will keep cooperating after co-conspirator revelations,"Michael Flynn's attorney Sidney Powell said Thursday that her client doesn't plan on ending his cooperation with the government, as federal prosecutors say they intend to argue he was a co-conspirator in charges filed against Flynn's former business partner. Powell told The Hill that Flynn is ""continuing to cooperate."" ""We're doing everything we possibly can,"" she added. When asked if that could change in the future, Powell replied, ""I don't think so."" Flynn's case was roiled earlier this week when unsealed court documents showed that federal prosecutors plan to argue that the former national security adviser is a co-conspirator in the case against his former business associate Bijan Kian. Government attorneys had previously stated that they wanted to call Flynn as a witness in Kian's trial, scheduled for next week. But they suggested in one of the court filings that they may no longer be fully confident in Flynn's testimony, and will seek to submit statements he made to investigations as evidence in the trial rather than putting Flynn on the stand. The court document pointed to a July 2 email from federal prosecutors that says they ""do not necessarily agree"" with Flynn's characterizations on how he made a Foreign Agents Registration Act (FARA) filing that included false information about ties between his company's lobbying and the Turkish government. The email states that Flynn's new attorneys maintain that their client didn't give his previous lawyers false information, didn't knowing the FARA filing had false information and that he didn't read the document. Kian was charged in federal court in Virginia last year, alongside Turkish national Kamil Ekim Alptekin, with acting as an unregistered foreign agent for Turkey in relation to the now-shuttered Flynn Intel Group's lobbying campaign against Turkish cleric Fethullah Gulen. Flynn is also set to be sentenced in D.C., after he pleaded guilty in 2017 to lying to the FBI about his contacts with the Russian ambassador. The former Trump official agreed to cooperate with former special counsel Robert Mueller's probe as part of the deal. Judge Emmet Sullivan, who is overseeing the D.C. case, ordered the parties in the case to make filings on how they expect the developments in Kian's case to impact Flynn's sentencing. Government attorneys said in a filing on Wednesday that they don't know at this point whether the case would impact the sentencing, and that they would ""reassess"" after Kian's trial. Powell also told reporters on Thursday that she didn't know whether the latest developments would impact the government's prior recommendation that Flynn face little to no prison time. ""That's purely up to the Department of Justice and what stance they want to take,"" Powell said. ""Our position is that he is continuing to cooperate. We have done everything humanly possible to do so. And we're going to continue to do that."" Powell is also set to make a filing in D.C. later Thursday afternoon responding to the court documents unsealed in Kian's case. She declined to provide details, but characterized the upcoming filing as being ""another little truth bomb."" Powell recently joined Flynn's legal team after he unexpectedly fired his attorneys last month. She was on Capitol Hill on Thursday to deliver a lecture titled ""What it Really Means to be a Federal Prosecutor."" The event was sponsored by The Fund for American Studies (TFAS) and Sen. Rand Paul (R-Ky.), who attended the talk.",legal arguments,The Hill,center
Team USA star Ali Krieger rips Trump: 'I refuse to respect a man that warrants no respect',"U.S. soccer star Ali Krieger excoriated President Trump in a recent interview, saying she refuses to ""respect a man that warrants no respect."" Her comments came during an interview with CNN on Thursday, in which the U.S. national soccer team player also spoke on her decision to defend her teammate Megan Rapinoe after Trump criticized her last week. ""I feel that staying silent at times can side with the oppressor and I didn't want her to feel like she was having to process this all alone, because a lot of us do have those similar feelings,"" Krieger said. ""I wanted to make sure that as one of her close friends, she didn't feel that and I feel like we're able to focus - as women it's funny, imagine that, we can multitask - on two things at once,"" she continued. ""I refuse to just sit back and watch an abuser, a bully talk like that to my friend and I support her as a friend and I wanted to make sure that I said something that meant something to me and was important to me and that's why I did what I did,"" Krieger added. Last week, Krieger slammed Trump on Twitter for criticizing Rapinoe after she said she would reject an invitation to the White House, saying at the time: ""In regards to the 'President's' tweet today, I know women who you cannot control or grope anger you, but I stand by @mPinoe & will sit this one out as well."" ""I don't support this administration nor their fight against LGBTQ+ citizens, immigrants & our most vulnerable,"" Krieger also tweeted then. Since that incident, Kreiger said she hasn't ""really been on Twitter and focused on him [Trump] at all,"" however. ""More importantly, Barack Obama tweeted at us which I definitely liked so I saw that one and I was really excited about that,"" she told CNN. ""And we all were as well.""",politics,CNN,left
Ball in Europe's court on nuclear deal's future: Iranian state TV,"DUBAI (Reuters) - The ball is in Europe's court to shield Iran from U.S. sanctions and prevent it from further scaling back compliance with its nuclear agreement with world powers, Iranian state TV said on Saturday, with days remaining on Tehran's ultimatum. Iran's envoy to a meeting of the remaining signatories to the 2015 nuclear accord said on Friday that European countries had offered too little at last-ditch talks to persuade Tehran to back off from its plans to breach limits imposed by the deal. Iran stopped complying on May 8 with some commitments in the nuclear deal after the United States unilaterally withdrew from the accord in 2018 and re-imposed sanctions. Tehran said it would suspend further obligations under the deal after 60 days. ""The ball is in Europe's court. Are Paris, London and Berlin going to again waste a chance under the influence of (U.S. President Donald) Trump, or use the remaining opportunity to fulfill their promises and act on their commitments under the (nuclear deal),"" Iranian state TV said in a commentary. Iran has repeatedly criticized delays in European countries setting up a trading mechanism that aims to circumvent U.S. economic sanctions. On Friday, Britain, France and Germany said the trade channel, INSTEX, was finally up and running. Meanwhile, the United States deployed F-22 stealth fighters to Qatar, as tensions mounted after Iran shot down a U.S. drone. Tehran said the unmanned U.S. aircraft was in its air space, which Washington denied. ""These aircraft (F-22 Raptors) are deployed to Qatar for the first time in order to defend American forces and interests,"" the U.S. Air Force said on its regional website. Separately, the Iranian foreign minister said Iran would resist any U.S. sanctions, just as it persevered during the 1980s Iran-Iraq war when the forces of then-Iraqi leader Saddam Hussein launched chemical attacks, including on an Iranian town. ""We persevered then, and will now,"" Mohammad Javad Zarif tweeted on the anniversary of the 1987 chemical bombing of the border town of Sardasht, which killed at least 130 people. ""We'll never forget that Western world supported & armed Saddam ... Security Council never condemned his gassing of our people,"" Zarif wrote. (Reporting by Dubai newsroom; Editing by Kevin Liffey)",politics,Reuters,center
correction: tax incentives story,"TRENTON, N.J. (AP)   In a story July 7 about New Jersey tax credits, The Associated Press erroneously reported when the third public meeting of Gov. Phil Murphy's task force would be held. The meeting is scheduled for Tuesday, not Monday. A corrected version of the story is below: Public gets turn to talk tax credits at next hearing The public is getting chance to weigh in on New Jersey's business tax incentive drama that led to the program's expiration earlier this month By MIKE CATALINI Associated Press TRENTON, N.J. (AP)   The public will get its chance to weigh in on New Jersey's business tax incentive drama that led to the program's expiration earlier this month. A task force investigating tax credits set up by Gov. Phil Murphy is set to hold its third hearing on Tuesday. The public is invited to testify about the programs that have been at the center of a political and policy disagreement in New Jersey's Democrat-led state government. Tax credits enacted under a 2013 bill expired on July 1, and Murphy and lawmakers have disagreed over how to move forward. But the task force also concluded that special interests helped write the legislation to benefit stakeholders. A closer look at the status of the state's tax credits: WHAT'S HAPPENING? The tax incentives may have expired, but they're taking center stage now that the state budget has been enacted. Tuesday's meeting will be the task force's third since Murphy formed the group in January   but it's the first at which the public is invited to testify. The first and second hearings had revelations that made waves. At one hearing, a whistleblower testified that an unidentified firm she worked for said it was considering leaving the state in order to get credits when she knew the company had already decided to stay. The second hearing turned up documents showing that firms connected with influential Democratic political powerbroker George Norcross gave inconsistent responses while applying for credits when asked whether they considered leaving the state, a key requirement in most cases for being awarded credits. That led to Norcross suing Murphy and also petitioning a judge to block the task force's interim report. The judge disagreed, and the report came out. The report concluded that special interests, particularly those linked to Norcross, helped write the legislation to benefit stakeholders, who later did benefit. Norcross disputes the findings and has suggested the task force amounts to a political witch hunt. The task force report was not the only indication of trouble surrounding the credits. A comptroller report in 2019 said the Economic Development Authority, which oversees the credits, couldn't verify whether all requirements were being met before awards were made. An auditor's report in 2017 raised similar concerns. ___ WHAT ARE OFFICIALS DOING? Lawmakers sent Murphy a six-month extension of the tax incentive programs, but the governor has vowed to veto it. The bill's sponsors and backers say they want the time to help come up with a successor program and don't want the state to be at a disadvantage compared to neighboring states. Murphy says he won't endorse an extension and instead proposed a new program that caps awards, among other changes. The Legislature is also set to hold its own hearings on the incentives, though the first hearing was postponed. Within the administration, treasury officials said they were ""alarmed"" at how little oversight previous administrations had over the sale of tax credits among businesses, which is allowed by law. Officials said they set up an online system to monitor the sales, which cover about 70% of credits awarded. ___ WHAT'S NEXT? The path forward is murky. Murphy said last week that he was ""optimistic"" he could find common ground with legislators ""sooner rather than later,"" but his relationship with Senate President Steve Sweeney, in particular, is frosty. The pair clashed during the budget over taxes, and Sweeney is a close friend of Norcross.",politics,Associated Press,center
"senate confirms judge who attacked roe v. wade, called being transgender 'a delusion'","WASHINGTON ‚Äï The Senate voted Wednesday to confirm Matthew Kacsmaryk to a lifetime federal judgeship despite his record of hostility toward LGBTQ rights and abortion rights. The Senate voted 52-46 to put Kacsmaryk, 42, onto the U.S. District Court for the Northern District of Texas. Every Democrat present voted no. Every Republican present but one, Susan Collins (Maine), voted yes. The full vote tally is here . LGBTQ and reproductive rights groups have been protesting Kacsmaryk's nomination for more than a year because of his extreme views on both fronts. Last week, dozens of human rights groups signed a letter opposing him. Kacsmaryk fought against protections for LGBTQ people in employment , housing and health care . He called including protections for LGBTQ people in the Violence Against Women Act ""a grave mistake."" In 2015, when Utah passed nondiscrimination protections, Kacsmaryk called the law "" a bad idea "" because it suggests that discrimination based on sexual orientation and gender identity should be taken as seriously as other forms of discrimination. He signed a 2016 letter that called being transgender ""a delusion."" On reproductive rights, Kacsmaryk opposed the employer contraceptive mandate in the Affordable Care Act and played a lead role in opposing a Washington state law that required pharmacists to provide birth control to women. He also criticized the Supreme Court's decision in Roe v. Wade , describing that case as one in which ""seven justices of the Supreme Court found an unwritten 'fundamental right' to abortion hiding in the due process clause of the Fourteenth Amendment and the shadowy 'penumbras' of the Bill of Rights, a celestial phenomenon invisible to the non-lawyer eye."" (What?) Senate Minority Leader Chuck Schumer (D-N.Y.) wondered aloud how anyone could expect Kacsmaryk to be a fair and impartial judge. He cited bizarre comments Kacsmaryk has made about the Equality Act, a sweeping LGBTQ anti-discrimination bill. ""He labeled the Equality Act a 'public affirmation of the lie that the human person is an autonomous blob of Silly Putty, unconstrained by nature or biology, and that marriage, sexuality, gender identity, and even the unborn child must yield to the erotic desires of liberated adults,'"" Schumer said Wednesday on the Senate floor. ""Why on earth is this man a nominee for a lifetime appointment? Why would my colleagues want to drape black robes over these bigoted views? Our judicial system is designed to protect liberties, not denigrate them."" Kacsmaryk, who is the deputy general counsel for First Liberty Institute, a right-wing Christian advocacy group, sounds like a lot of President Donald Trump's other judicial nominees   young, right-wing ideologues , the vast majority of whom are white men . But even within the homogeneity of Trump's court picks, Kacsmaryk stands out. ""He is one of Trump's most extreme nominees,"" said Carl Tobias, a University of Richmond law professor and an expert on judicial nominations. ""His public statements about LGBTQ people and about abortion suggest that in litigation involving LGBTQ and abortion rights, litigants will have difficulty believing that he will fairly resolve their cases."" Kacsmaryk does have something in common with nearly all of Trump's judicial nominees: He's a member of the conservative Federalist Society, which has been driving Trump's judicial selection process and funneling anti-abortion and anti-LGBTQ nominees to the White House. Senate Majority Leader Mitch McConnell (R-Ky.) has made judicial confirmations his top priority while Trump is in the White House. In the past two and a half years, he has ushered through the confirmations of two Supreme Court justices, 76 district judges and 41 circuit judges. That's more circuit judges than any president has gotten through by this point in a first term. To put that into perspective: 1 in 5 of all of the nation's current circuit judges was nominated by Trump. This article originally appeared on HuffPost .",science,Business Insider,center
"Paul Manafort confessed to mortgage fraud charges, Manhattan prosecutors say","A disheveled-looking Paul Manafort limped into a Manhattan courtroom Thursday and pleaded not guilty to a laundry-list of fraud charges   but prosecutors say the former Trump campaign boss has already confessed to some of those very crimes. Shortly after Manafort entered his not guilty plea before Supreme Court Judge Maxwell Wiley, Manhattan District Attorney Cy Vance's office filed notice that it plans to use a statement from his federal Washington, D.C., case in his upcoming state trial. The statement, made by Manafort in U.S. District Court on Sept. 14, 2018, shows he has already copped to at least some of the crimes he's now pleading not guilty to, according to the DA's office. ""Mr. Manafort admitted, orally and in writing, to making misrepresentations in mortgage applications for proprieties located in New York, Kings and Suffolk counties to two financial institutions,"" DA prosecutors said in the filing. ""Additionally, Mr. Manafort admitted to making misrepresentations to another financial institution in a loan application."" Manafort's state indictment charges him with 16 counts of mortgage fraud, falsifying business records and conspiracy relating to millions of dollars in loans he took out on his properties in Brooklyn, Manhattan and Long Island. The loans came from two financial institutions, the Citizens Bank and the Federal Savings Bank, according to the DA's office. Despite his apparent confession, the disgraced former Trump campaign chairman said ""not guilty"" when asked in Wiley's courtroom Thursday afternoon how he pleads to the DA's charges. The previously high-flying GOP politico, who made millions working for U.S. presidents and dictators around the world, donned navy blue jail scrubs, white sneakers and had his hands shackled to his waist as he appeared in court. His previously dark hair had turned a whitish gray. As he was led into the courthouse, Manafort did not respond when someone yelled ""traitor"" at him. He managed to crack a grim smile while being led out of the courthouse and taken back to the federal Metropolitan Correctional Center in lower Manhattan. Manafort will remain in federal custody for the duration of his state proceedings, according to the Bureau of Prisons. His next court appearance is set for Oct. 9. Vance's charges are meant to ensure that Manafort stays behind bars even if President Trump pardons him. Contrary to Manafort's federal convictions in Washington, D.C., and Virginia   which stemmed from special counsel Robert Mueller's Russia investigation   Vance's state charges can't be voided by a presidential pardon. Trump hasn't said outright that he's considering a pardon for Manafort. However, the president has said he feels ""very badly"" for his former campaign boss and regularly derides the investigation that brought him down as a partisan ""witch hunt"" and a ""hoax."" Manafort, 70, is currently serving a seven and a half year sentence for his federal convictions. He could face up to 25 years in prison if convicted on some of the most serious state charges. Manafort's legal team is contending the DA's charges should be thrown out because his federal cases were based on some of the same conduct, thereby violating New York's so-called double jeopardy laws barring people from being prosecuted for the same crimes twice. ""In our view, the laws in New York do not allow the People to do what they did in this case,"" Manafort lawyer Todd Blanche told reporters outside the courthouse. However, New York laws permit a person to be prosecuted twice for the same act if at least one element of the crimes is distinct.     ¬©2019 New York Daily News Visit New York Daily News at www.nydailynews.com Distributed by Tribune Content Agency, LLC.",legal arguments,New York Daily News,left
"ron desantis signs amendment 4 bill, limiting felon voting","TALLAHASSEE   Gov. Ron DeSantis signed into law Friday evening a controversial bill limiting how many felons will be able to vote, undercutting much of the promise of last year's historic Amendment 4. DeSantis announced the signing in a news release after the close of business before a weekend   one day short of his deadline to sign it. ""I am considering whether to seek restoration of all civil rights to some of those whose rights were restored by Amendment 4,"" DeSantis wrote in a letter to Florida's Secretary of State Laurel Lee. ""However, I would only consider restoring rights to those convicted of non-violent offenses."" DeSantis, however, did not address the most controversial part of the Legislature's bill. The bill passed last month by Florida's Republican-controlled Legislature was called a ""poll tax"" by critics because it requires all felons to pay back their financial obligations before being eligible to vote. Those obligations are expected to disenfranchise hundreds of thousands of felons who can't immediately afford to pay off their court fees, fines and restitution to victims. The bill was a blow to supporters of last year's Amendment 4, which was supposed to wipe out one of the most racist and enduring policies of Florida's Jim Crow era. Nearly two-thirds of voters last year approved the historic amendment. The 150-year-old law preventing felons from voting was created in the wake of the Civil War, and it was meant to keep black people off the voter rolls. VOTING RIGHTS: Florida Legislature approves Amendment 4 bill that creates hurdles for voting felons Amendment 4 will likely cost 'millions' to carry out. Here's why. She owes $59 million. Should she be allowed to vote under Amendment 4? It worked. By 2016, more than one in five black Floridians were ineligible to vote because they were felons. And the process for getting the right to vote back was arduous, requiring, under Gov. Rick Scott, felons to drive to Tallahassee and plead their case before the governor and Cabinet. The amendment voters passed allowed felons to automatically be eligible to vote if they completed ""all terms of their sentence including parole or probation."" Supporters of the amendment argued that the language was simple enough, and that the Legislature didn't need to clarify it further. But county elections supervisors asked lawmakers for guidance interpreting the amendment. For supporters of Amendment 4, the language meant that felons who left prison and completed parole and probation could automatically vote. That would also have been the simplest way to carry it out, too, since the Florida Department of Corrections tracks felons who are still under supervision. But Republican lawmakers took a more restrictive approach. They argued that ""all terms of sentence"" included the various court fines, fees and restitution to victims that felons often have to pay, and that felons would have to repay all of those debts before being able to vote. While some other states have similar policies, it means that some felons will have to wait years to vote, if they can ever vote at all. One woman told lawmakers during the Legislative session that she owes $59 million in restitution, which she'll never be able to repay. And the Republicans' approach is confusing and expensive. Because no state or local agency tracks restitution, lawmakers estimated it would cost ""millions"" to carry out. It goes into effect Monday.     ¬©2019 the Tampa Bay Times (St. Petersburg, Fla.) Visit the Tampa Bay Times (St. Petersburg, Fla.) at www.tampabay.com Distributed by Tribune Content Agency, LLC.",environmental issues,The Sacramento Bee,left
New video shows Jussie Smollett with rope around his neck moments after alleged attack,"The Chicago Police Department released video of actor Jussie Smollett in the moments after he reported an alleged attack against him in January. The former ""Empire"" actor can be seen in newly released footage speaking to police with a thin rope around his neck, part of more than 60 hours of video made available Monday. Smollett told police in the early morning of Jan. 29 that he had gone out for food at around 2 a.m. when masked men hurled racist and homophobic slurs before beating him. %3Cblockquote%20class=%22twitter-tweet%22%20data-conversation=%22none%22%20data-lang=%22en%22%3E%3Cp%20lang=%22en%22%20dir=%22ltr%22%3EOfficer%20asks%20Jussie%20Smollett%20about%20the%20thin%20rope%20around%20his%20neck:%20""Wanna%20take%20it%20off?""%20%3Ca%20href=%22https://t.co/mlpXk7Im77%22%3Epic.twitter.com/mlpXk7Im77%3C/a%3E%3C/p%3E %20Doha%20Madani%20(@DohaMadani)%20%3Ca%20href=%22https://twitter.com/DohaMadani/status/1143304125184184321?ref_src=twsrc%255Etfw%22%3EJune%2024,%202019%3C/a%3E%3C/blockquote%3E%0A%3Cscript%20async%20src=%22https://platform.twitter.com/widgets.js%22%20charset=%22utf-8%22%3E%3C/script%3E The 36-year-old actor, who is black and gay, also said his attackers poured what he believed was bleach over him and put a noose around his neck in the upscale Streeterville neighborhood. ""They poured bleach on me,"" Smollett said in one of the videos as he began to undo the rope from his neck. ""They poured bleach on me."" In a 911 call also released by police on Monday, a man told the operator that he works with an ""artist"" who was attacked and he wanted to file a report. ""What's really weird ma'am, just because I'm scared and I don't know what it is, they put a noose around his neck,"" the unidentified caller said. Smollett was accused of falsely reporting what police say was a staged attack. He was indicted on 16 felony counts of disorderly conduct for the alleged false report in March, charges that were later dropped against him . The actor has maintained his innocence and insists he was attacked. Police say that the actor's personal trainers, Abimbola ""Abel"" Osundairo and Olabinjo ""Ola"" Osundairo, admitted to helping him stage the January incident. Chicago Police Superintendent Eddie T. Johnson had previously said Smollett invented the hate crime and took ""advantage of the pain and anger of racism to promote his career."" A judge ruled Friday that a special prosecutor needs to investigate Cook County State's Attorney Kimberly Foxx's handling of the Smollett case and that the ""Empire"" actor should be re-examined for possible criminal charges. ""The unprecedented irregularities identified in this case warrants the appointment of independent counsel to restore the public's confidence in the integrity of our criminal justice system,"" Cook County Circuit Court Judge Michael Toomin wrote. Foxx recused herself in February from a possible prosecution of Smollett, saying at the time it was due to conflicts of interest from having contacted the actor's family. She has since changed her explanation, saying in June the recusal was due to rumors she was related to Smollett, rumors she says were racist . Toomin said Foxx was right to take herself out of the case, but then wrong to place another prosecutor from her office in charge of it. She appointed First Assistant State's Attorney Joseph Magats to oversee the matter, when she should have sought an outside prosecutor, according to Toomin. ""Yet for reasons undisclosed even to this day, Foxx instead chose to detour from the mandated course, instead appointing Mr. Magats as `the acting State's Attorney for this mater,'"" Toomin wrote. Toomin excoriated Foxx for creating ""an entity that did not exist."" Gloria Schmidt, a lawyer for the Osundairo brothers, said they're willing to answer any questions from a special prosecutor. ""The special prosecutor would have an opportunity to look at the evidence and effectively do this whole case over again   re-charge him, re-arraign him, reconvene the grand jury,"" Schmidt said. ""It's like we're back to square one.""",legal arguments,NBC News,left
judge temporarily throws out wayne state lawsuit,"A state Court of Claims judge has temporarily thrown out a lawsuit between Wayne State University board members over a technicality on how it was filed. However, Judge Cythnia Stephens said at the close of a Friday morning hearing that once the suit was refiled, she would take into consideration the arguments made during the hearing and issue a written ruling within 10 days. The four Wayne State board members who sued their four fellow board members said they would refile as soon as possible. Attorneys for both sides spent the morning expanding on what they've already said in written briefs. Board members who are being sued cast those suing as sore losers. The case ""should be settled in the board room, not the court room. The plaintiffs' political gamble did not work in the board room ... and should not be rewarded,"" Todd Mendel, attorney for four board members being sued, told the court. Board member Marilyn Kelly reiterated that following the ruling. ""We have a minority of board members"" who are upset with this decision and other issues, she said. ""They want your (the media) attention."" Not true, said Michael Busuito, one of the board members on the other side, pointing out boycotts are a commonly used means of protest. ""Sometimes it's the only thing you can do,"" he said. ""In the past three years, Wayne State has become less transparent and engaged in more bullying. We are trying to do our roles representing the public and stop that."" The suit centers on an allegation that a meeting held at the end of the June was illegal and that all decisions made in the meeting, including renting property for a physicians group tied to the medical school and a tuition increase, should be invalidated. The suit alleges the board didn't have a quorum to meet. The board members being sued argue they did, because they counted Wayne State President Roy Wilson, an ex-officio member of the board who can't vote, in its quorum count. The suit also alleges the board violated the state's Open Meetings Act. On Friday morning, attorneys for both sides spent considerable time arguing about the Open Meetings Act. Those being sued say established state law and rulings from courts say the board can meet behind closed doors and make decisions. More: Half of Wayne State University board sues other half More: Wayne State: We don't have to meet in public, so suit against us should be tossed More: DMC, Wayne State fight for years with millions of dollars and care of poor at stake A the late June board meeting, half the board didn't show up in an attempt to stop the lease for a new pediatrician's physicians group. The other half of the board had a legal opinion saying Wilson should be counted when trying to get to a quorum. Those who were at the board meeting   and are being sued   are Bryan Barnhill, Kim Trent, Mark Gaffney and Marilyn Kelly. The four board members who weren't there and are suing are Michael Busuito, Sandra Hughes O'Brien, Anil Kumar and Dana Thompson. Their filing also claims there is no harm created by the meeting, and the suit is unfounded. In contrast, those suing say there is no method available to correct the moves made in the meeting other that having the judge step in. Contact David Jesse: 313-222-8851 or djesse@freepress.com. Follow him on Twitter: @reporterdavidj This article originally appeared on Detroit Free Press: Judge temporarily throws out Wayne State lawsuit",legal arguments,The Boston Globe,left
george conway urges trump to resign over aborted iran strike,"George Conway blasted President Trump and called for him to resign from office after he walked back a planned military strike against Iran in response to the downing of a U.S. surveillance drone. ""Trump didn't realize UNTIL TEN MINUTES BEFOREHAND that a planned airstrike would kill over a hundred people and would therefore be grossly disproportionate to the loss of a UAV?"" Conway, lawyer and husband of White House counselor Kellyanne Conway, tweeted Friday. ""To say this is amateur hour would defame amateurs."" ""Resign. If you didn't know this until it was almost too late, you're even more of an idiot than people think you are,"" Conway tweeted in response to Trump. ""Do the country and the world a favor. Go back to real estate, where the worst you can do is kill banks."" Trump didn't realize UNTIL TEN MINUTES BEFOREHAND that a planned airstrike would kill over a hundred people and would therefore be grossly disproportionate to the loss of a UAV? To say this is amateur hour would defame amateurs. - George Conway (@gtconway3d) June 21, 2019 Resign. If you didn't know this until it was almost too late, you're even more of an idiot than people think you are. Do the country and the world a favor. Go back to real estate, where the worst you can do is kill banks. https://t.co/k7z9KW4Elt - George Conway (@gtconway3d) June 21, 2019 Conway's comments came after Trump confirmed via Twitter that the U.S. had been ""cocked and loaded"" to retaliate against Iran, but that he called off the mission at the last minute after learning that 150 Iranians would die. ""We were cocked & loaded to retaliate last night on 3 different sights when I asked, how many will die. 150 people, sir, was the answer from a General. 10 minutes before the strike I stopped it, not proportionate to shooting down an unmanned drone,"" Trump tweeted. Iranian officials said Friday that Trump warned them that an attack was imminent. The officials also said Friday that they were informed of the planned attack in a ""short period"" before it was initially scheduled to be carried out. ""In his message, Trump said he was against any war with Iran and wanted to talk to Tehran about various issues,"" one Iranian official said. U.S. and Iranian officials are disputing the location of the drone when it was shot down late Wednesday, with Iran arguing that it had entered the country's airspace. The U.S. Central Command (Centcom) said the U.S. Navy RQ-4A Global Hawk drone was shot down by an Iranian missile system in an ""unprovoked attack."" Centcom denied claims from Iranian officials stating that the drone had flown over Hormozgan Province in southern Iran. ""This attack is an attempt to disrupt our ability to monitor the area following recent threats to international shipping and free flow of commerce, "" Lt. Gen. Joseph Guastella, commander of U.S. Air Forces Central Command, said in a statement. The New York Times reported late Thursday that Trump had ordered a strike overnight against Iran, but pulled back. Following that report, Conway railed against Trump in a late-night tweet that he has since pinned to his Twitter page , slamming the commander in chief as an ""erratic, unstable, incompetent, ignorant, intellectually lazy, narcissistic, and sociopathic man whose judgment no serious, intelligent person trusts.""",science,The Boston Globe,left
"260 guests are taken ill with 'food poisoning' at 90th birthday party for Imelda Marcos after 2,500 people gathered to honour widow of former Philippines dictator","Video by Reuters More than 200 guests fell ill with suspected food poisoning on Wednesday after a meal at a birthday party for 90-year-old Imelda Marcos, the notorious ex-first lady of the Philippines. Ambulances rushed vomiting friends and supporters from a sports stadium in Manila where around 2,500 people gathered to honour the widow of late dictator Ferdinand Marcos. Although Marcos was chased from power by a 1986 peaceful uprising, the family is still revered by many in the Philippines and has made a political comeback in recent years. 'Our ambulances took people to hospital after they complained of dizziness and vomiting. They apparently suffered from food poisoning,' Philippine Red Cross chairman Richard Gordon said. Health secretary Francisco Duque told journalists the number of ill was 260. The party featured singing and speeches, as well as water bottles adorned with Imelda's name and meals in plastic boxes. There were no immediate reports that the guest of honour was taken ill. Family matriarch Imelda was convicted in November in a corruption case stemming from the time of her husband's brutal dictatorship. Although currently free on bail pending an appeal, she faces decades behind bars after being found guilty of funnelling around $200 million through Swiss foundations decades ago. Ferdinand Marcos, who along with his cronies was accused of pilfering $10 billion from the Philippines, fled with his family to the US after his dictatorship fell in 1986. He died in exile in 1989, but his heirs later returned to Manila and have staged a something of a political comeback. Imelda Marcos just finished a term as a congresswoman, her son Ferdinand Junior has also served as a senator while eldest daughter Imee won a Senate seat in May's elections. The family has a powerful ally in President Rodrigo Duterte, who ordered the late dictator's remains interred at Manila's Heroes' Cemetery despite public protests. Read more",health,Reuters,center
usc to pay $50 million and apologize to uc san diego for poaching its alzheimer's research program,"USC has agreed to pay UC San Diego $50 million and to publicly apologize to the school for the way it wrested control of its prestigious Alzheimer's Disease Cooperative Study in 2015 during a raid that led to a highly contentious lawsuit. The penalty and apology have resulted in the settlement of a lawsuit the UCSD and the UC Board of Regents brought against USC in San Diego County Superior Court. The move also represents an extraordinary turnaround from four years ago, when USC took control of the program's data and contracts worth tens of millions of dollars and gave jobs to the program's star researcher, Paul Aisen, and some of his staff. ""USC and Dr. Paul Aisen regret that the manner in which Dr. Aisen and members of the ADCS staff left UC San Diego and brought research assets to USC [and] created disruption to UC San Diego,"" the university said in a statement late Tuesday. ""These actions did not align with the standards of ethics and integrity which USC expects of all its faculty, administrators, and staff. USC is committed to, and wants to be known for, ethics, integrity and the pursuit of academic excellence, and it has already implemented sweeping changes to this end. ""These standards will apply to all aspects of University operations, including the recruitment and/or transition of faculty members to or from USC. USC regrets that actions in this case fell short of these standards."" Dr. David Brenner, UCSD's vice chancellor of health sciences, told the San Diego Union-Tribune, ""We're glad there's been a settlement. USC undermined our ability to do research. We have recovered under new leadership, we're better than ever, and we're working on trials. We're working to find ways to cure Alzheimer's disease."" The bitter dispute concerned not only the fate of UCSD's prized Alzheimer's research program, but the personal feelings of Aisen, who said UCSD had failed to give the program the resources it needed. Meanwhile, USC used the opportunity to extend the strength of its own Alzheimer's research, with Aisen's new center giving the university a major presence in San Diego. Aisen said Tuesday evening that he's glad the matter has been put to rest, so he can continue the important work of finding better treatments for Alzheimer's. ""I'm very happy to be moving forward,"" Aisen said. ""We have a lot of work to do. We have two major trials (of experimental Alzheimer's therapies)."" The dispute turned ugly when USC disclosed that it had gotten eight of the project's 10 main contracts after convincing sponsors that it was better suited to manage their clinical trials of experimental drugs and therapies for the neurological disorder. Those sponsors defected from the Alzheimer's Disease Cooperative Study, or ADCS, and shifted to an institute that USC opened in San Diego. At the time UCSD confirmed the major setback, but said USC overstated matters by claiming that the contract transfers were worth up to $93.5 million. Officials at UCSD conceded in 2015 that they failed to tightly manage the Alzheimer's program and allowed it to drift away from campus life. Brenner said on Tuesday night that the dispute was never about Aisen. ""We lose people all of the time,"" Brenner said. ""This was about how USC sabotaged our program."" Robbins and Fikes write for the San Diego Union-Tribune. gary.robbins@utsandiego.com bradley.fikes@utsandiego.com",politics,The Washington Post,left
supreme court faults trump bid to add census citizenship question,"Video by FOX News WASHINGTON, June 27 (Reuters) - The U.S. Supreme Court ruled on Thursday that President Donald Trump's administration did not give an adequate explanation for its plan to add a citizenship question to the 2020 census, delivering a victory to New York state and others challenging the proposal. The justices partly upheld a federal judge's decision barring the question in a win for a group of states and immigrant rights organizations that challenged the plan. The mixed ruling does not definitively decide whether the question could be added at some point. The Republican president's administration had appealed to the Supreme Court after lower courts blocked the inclusion of the census question. A group of states including New York and immigrant rights organizations sued to prevent the citizenship question from being included in the decennial population count. Opponents have said the question would instill fear in immigrant households that the information would be shared with law enforcement, deterring them from taking part. The census, required by the U.S. Constitution, is used to allot seats in the U.S. House of Representatives and distribute some $800 billion in federal funds. The intent of the citizenship question, opponents said, is to manufacture a deliberate undercount of areas with high immigrant and Latino populations, costing Democratic-leaning regions seats in the House, benefiting Republicans and non-Hispanic whites. The administration argued that adding a question requiring people taking part in the census to declare whether they are a citizen was needed to better enforce a voting rights law, a rationale that opponents called a pretext for a political motive. Manhattan-based U.S. District Judge Jesse Furman ruled on Jan. 15 that the Commerce Department's decision to add the question violated a federal law called the Administrative Procedure Act. Federal judges in Maryland and California also have issued rulings to block the question's inclusion, saying it would violate the Constitution's mandate to enumerate the population every 10 years. Furman said the evidence showed that Commerce Secretary Wilbur Ross concealed his true motives for adding the question and that he and his aides had convinced the Justice Department to request a citizenship question. Businesses also rely on census data to make critical strategic decisions, including where to invest capital. Citizenship has not been asked of all households since the 1950 census, featuring since then only on questionnaires sent to a smaller subset of the population. The Census Bureau's own experts estimated that households corresponding to 6.5 million people would not respond to the census if the citizenship question were asked. While only U.S. citizens can vote, non-citizens comprise an estimated 7 percent of the population. Evidence surfaced in May that the challengers said showed that the administration's plan to add a citizenship question was intended to discriminate against racial minorities. Documents created by Republican strategist Thomas Hofeller, who died last year, showed that he was instrumental behind the scenes in instigating the addition of the citizenship question. He was an expert in drawing electoral district boundaries that maximize Republican chances of winning congressional elections. Hofeller concluded in a 2015 study that asking census respondents whether they are American citizens ""would clearly be a disadvantage to the Democrats"" and ""advantageous to Republicans and Non-Hispanic Whites"" in redrawing electoral districts based on census data. Hofeller suggested the voting rights rationale in the newly disclosed documents. The Trump administration called the newly surfaced evidence ""conspiracy theory."" A federal judge in Maryland is reviewing the Hofeller evidence. Most people living in the United States will be asked to fill out the census, whether online or on paper, by March 2020. For a graphic on major Supreme Court rulings, click https://tmsnrt.rs/2V2T0Uf",science,AP,center
trump vows to cure cancer and eradicate aids,"As President Trump officially kicked off his 2020 campaign in Orlando Tuesday night, he made sweeping promises to tackle two of mankind's most dreaded diseases. In front of the crowd at a packed Amway Center, Mr. Trump said his administration would work to cure cancer and again vowed to eradicate AIDS if he's elected to a second term. The president spent much of his speech attacking familiar foes and restating his position on issues like immigration. But he also said his administration will ""come up with the cures"" to devastating diseases. ""We will push onward with new medical frontiers,"" Mr. Trump said. ""We will come up with the cures to many, many problems, to many, many diseases including cancer and others. And we're getting closer all the time."" The remarks came after his son, Donald Trump Jr., mocked Democratic presidential candidate and former Vice President Joe Biden for making a similar promise to cure cancer. ""Wow, why the hell didn't you do that over the last 50 years, Joe?"" Trump Jr. tweeted. Biden, whose son Beau Biden died from brain cancer in 2015, founded the Biden Cancer Initiative and told the crowd at a recent campaign event in Iowa, ""I promise you, if I'm elected president, you're going to see the single most important thing that changes America   we're going to cure cancer."" In 2018, an estimated 1,735,350 new cases of cancer were diagnosed in the United States and 609,640 people died from the disease, according to the American Cancer Society 's latest statistics. President Trump also called attention at his rally to the fight against HIV and AIDS. In his State of the Union address earlier this year, he vowed to eradicate AIDS by 2030   though critics pointed out his budget proposal the previous year sought to divert money away from HIV/AIDS research to fund detention centers for undocumented immigrant children. In its 2020 budget proposal, the Trump administration has requested $291 million for the first phase of an initiative to reduce new HIV infections in the U.S. The budget also calls for an increase in funding for the Ryan White HIV/AIDS Program, to pay for health care services and support, and another $50 million to expand access to the anti-HIV drug regimen known as PrEP . ""We will eradicate AIDS in America once and for all   and we are really close,"" the president said at his Orlando rally. Approximately 1.1 million people in the U.S. are living with HIV today, according to the Centers for Disease Control and Prevention . Some observers couldn't help but wonder about the feasibility of the president's big promises, which also included a vow to send astronauts to Mars. In this single clip, Trump promises to cure cancer, AIDS, and ""lay the foundation"" for a Mars landing -- all in his second term pic.twitter.com/aLZqbx2p3N   Aaron Rupar (@atrupar) June 19, 2019 Mr. Trump, who has called for the creation of a military Space Force , also spoke again about sending astronauts to the Red Planet. ""We will lay the foundation for landing American astronauts on the surface of Mars,"" he said at Tuesday night's rally.",legal arguments,USA TODAY,center
climate crisis: alaska is melting and it's likely to accelerate global heating,"A city in western Alaska has lost a huge stretch of riverbank to erosion that may turn it into an island, amid renewed warnings from scientists over the havoc triggered by the accelerating melting of the state's ice and permafrost. Residents of the small city of Akiak were alarmed to find the Kuskokwim River suddenly much closer to housing after approximately 75ft to 100ft of riverbank disappeared over the course of just a few hours. The erosion, which occurred late last month, stripped away the riverbank for the entire length of Akiak, which has a population of around 340. ""We got about three houses in imminent danger, and the rest of them will be coming along pretty quickly,"" said David Gilila, Akiak's city administrator. Gilila said he was appealing for funding to relocate some homes, warning that the water could soon surround the city. ""We'll still be here, but we'll probably become an island,"" he said. Related: What happened to winter? Vanishing ice convulses Alaskans' way of life The drastic reshaping of Akiak is likely down to thawing permafrost, the frozen organic matter held within soils. Alaska is heating up twice as quickly as the rest of the US as a result of human-driven climate breakdown, increasingly causing this permafrost to thaw and destabilize buildings and cause roads to buckle . ""The changes are really accelerating in Alaska,"" said Susan Natali, a scientist and Arctic expert at the Woods Hole Research Center in Massachusetts. ""It's pretty likely this riverbank in Akiak was lost because of thawing permafrost, given where it's situated and the warm winter and spring they've had. It's not a problem that's going to go away."" Alaska has just experienced its warmest spring on record , breaking a record only set in 2016. Since the 1970s, springtime in the state has heated up by around 2.2C (4F), double the global temperature rise of the past century. Springtime in Alaska isn't what it used to be. This is the 3rd time past 21 years we can say"" warmest spring of record"". 1998 was the warmest to date, exceeded in 2016 and now 2016 exceeded in 2019. Trend +4.0F (+2.2C) since the 1970s. #akwx #Arctic @Climatologist49 @IARC_Alaska pic.twitter.com/Y1XaPVB3zy   Rick Thoman (@AlaskaWx) June 6, 2019 The breakneck speed of Alaska's rising heat is having cascading consequences, with vanishing sea ice exposing coastal communities to storms, altered wildlife and plant patterns that make it harder for people to find food. There is also a growing wildfire threat putting communities at risk. Unless it causes buildings to topple, permafrost thawing is often a more obscure feature of this warming, although it could prove to be among the most significant. As the frozen ground across the Arctic melts, it releases a huge amount of methane, a potent greenhouse gas. Scientists recently found this process could trigger a dangerous acceleration of global heating that would cause tens of trillions of dollars in climate-related damage. A separate study found that parts of the Canadian Arctic are experiencing a rate of permafrost thaw six times the long-term average. In Alaska, there are dozens of towns that the federal government has identified as being in potential need of relocation due to the damage caused by the climate crisis. The village of Newtok in western Alaska was granted $15m last year to start shifting homes to safer ground but the vast majority of communities have no pathway to do likewise. ""It's a real challenge because in the US there isn't the precedence to deal with this and there isn't the political framework to deal with it either,"" said Natali. ""The numbers needing relocation will grow, the costs are going up and people's lives and cultural practices will be impacted. ""Every year there's a new temperature record, it's getting worse and worse and you feel like a broken record saying it. This should be the number one urgent conversation happening right now because it's not just going to be Alaska, it's going to be other communities all over the US,"" Natali added.",environmental issues,AP,center
"trump rips 'horrible' new york times, washington post, wonders if people will 'demand' he stay in white house","President Trump on Sunday ramped up his attacks against the nation's biggest newspapers, saying that a poll should be done to see whether The New York Times or The Washington Post is ""more dishonest and deceitful."" ""A poll should be done on which is the more dishonest and deceitful newspaper, the Failing New York Times or the Amazon (lobbyist) Washington Post!"" he said on Twitter. ""They are both a disgrace to our Country, the Enemy of the People, but I just can't seem to figure out which is worse?"" .....news is that at the end of 6 years, after America has been made GREAT again and I leave the beautiful White House (do you think the people would demand that I stay longer? KEEP AMERICA GREAT), both of these horrible papers will quickly go out of business & be forever gone! - Donald J. Trump (@realDonaldTrump) June 16, 2019 ""The good news is that at the end of 6 years, after America has been made GREAT again and I leave the beautiful White House both of these horrible papers will quickly go out of business & be forever gone,"" Trump continued. He also asked if ""people would demand that I stay longer"" to ""keep America great"" after two terms in the White House. Trump has repeatedly criticized the press corps during his two years in the White House, often referring to it as the ""enemy of the people."" His Twitter latest tirade came just a day after he claimed that The Times committed a ""virtual act of treason"" by reporting on the administration's digital attacks against Russia. ""Do you believe that the Failing New York Times just did a story stating that the United States is substantially increasing Cyber Attacks on Russia,"" Trump tweeted, before claiming that the report was ""not true."" ""This is a virtual act of Treason by a once great paper so desperate for a story, any story, even if bad for our Country."" The Times on Saturday published a report about the United States' efforts to penetrate Russia's power grid. The Times, citing current and former government officials, noted that the actions are a warning to Moscow on how the Trump administration is using new authorities to unleash cyber tools in an aggressive manner. Two administration officials told the newspaper that they do not think Trump was briefed about the plans. The newspaper added that some Pentagon and intelligence officials said there was a hesitation about addressing the operations with Trump. Trump has also lashed out at the media over reports about his internal polling. He d enounced the ""fake news "" and ""fake polling"" after reports surfaced that he was trailing Vice President Joe Biden in a hypothetical 2020 matchup. ""The Fake News has never been more dishonest than it is today. Thank goodness we can fight back on Social Media. There new weapon of choice is Fake Polling, sometimes referred to as Suppression Polls (they suppress the numbers),"" Trump tweeted. Polls released in the past week have shown Trump trailing multiple Democratic presidential contenders in hypothetical 2020 matchups. A Quinnipiac University survey released last week found Trump trailing six candidates by healthy margins.",legal arguments,The Washington Post,left
Did Jared Kushner Violate the Hatch Act? Democrats Request Investigation After Kellyanne Conway Findings,"The Office of Special Counsel's recommendation last week that Counselor to the President Kellyanne Conway be removed from service for violating the Hatch Act led two Democratic congressman on Monday to demand an investigation into whether the president's son-in-law Jared Kushner similarly broke federal law. In a letter to Special Counsel Henry Kerner, who last Thursday recommended that Trump remove Conway, Representatives Donald Beyer Jr. of Virginia and Ted Lieu of California requested a probe into whether Kushner violated the Hatch Act by ""engaging in prohibited campaign fundraising activities."" The Hatch Act prohibits federal employees from fundraising for political candidates and only the president and vice president are exempt. Butthe congressmen, citing recent media reports, accused Kushner, in his official White House role, of ""taking a direct role in raising funds"" for Trump's reelection campaign. In February, a Trump 2020 campaign release referred to Kushner as ""Senior Advisor and Assistant to the President, and President Trump's son-in-law,"" before being amended to simply, ""President Trump's son-in-law."" Last month, Yahoo reported that Kushner had several discussions per day with Trump campaign manager Brad Parscale and plays a key liaison role. The New York Times then reported a meeting Kushner arranged at the White House with Parscale, the Republican National Committee chair, Treasury Secretary Steven Mnuchin and major donors to talk about the fundraising strategy. ""We have strong reason to believe that Jared Kushner is in violation of both the spirit and the letter of that Act,"" the congressmen wrote. Beyer and Lieu stated that Kushner's ""poor track record of compliance with the spirit of the Hatch Act,"" including the discussions and using his official title in Trump campaign materials, ""merit enhanced scrutiny."" ""Jared Kushner has repeatedly benefited from special treatment; as with his many deceptions regarding his security clearance this is something no rank-and-file federal employee would get away with,"" Beyer tweeted. ""He shouldn't."" Lieu has been a longtime critic of Kushner and his top security clearance, which was revoked and then reinstated against the advice of career national security officials reportedly after Trump intervened. ""National security is more important than party. Jared Kushner lied on his SF-86 form and must lose his security clearance,"" Lieu tweeted in July 2017, along with the hashtag #RevokeKushner. The White House and the Office of Special Counsel did not immediately respond to requests for comment from Newsweek on Monday on the call to investigate Kushner. Trump on Friday refused to fire Conway and defended her by saying, ""it looks to me like they're trying to take away her right to free speech and that's just not fair."" Related Articles Jared Kushner Wanted 2020 Re-Election Campaign Launch At Trump Tower but President Rejected Idea: Report Kellyanne Conway Violated Hatch Act and Should Be Fired, Special Counsel Tells Donald Trump ‚ÄãDonald Trump's Refusal to Fire Kellyanne Conway is 'Dangerous' and She Should Resign: Ethics Experts‚Äã Sign up to our newsletter and get Newsweek stories delivered to your e-mail",legal arguments,Newsweek,left
trump makes history in north korea: what we know now,"Slideshow by photo services A social media ask for a quick handshake turned historic Sunday when President Donald Trump became the first U.S. president to step foot in North Korea during a meeting in the Demilitarized Zone with Kim Jong Un. ""Stepping across that line was a great honor,"" Trump told the North Korean leader, adding that it was a ""a great day for the world."" Trump had said the duo would merely conduct a brief handshake, but they ultimately met for almost an hour. Afterward, Trump said each leader will provide a team of negotiators for talks aimed at persuading Kim to dismantle a nuclear weapons program that has kept the Korean Peninsula on edge for years. Trump reaches out to Kim on Twitter Trump suggested the meeting in a tweet on Thursday: ""After some very important meetings, including my meeting with President Xi of China, I will be leaving Japan for South Korea (with President Moon). While there, if Chairman Kim of North Korea sees this, I would meet him at the Border/DMZ just to shake his hand and say Hello(?)!"" Kim agrees to meeting Trump, while still in Japan, said the Koreans had responded ""very favorably"" to his suggestion. On Sunday, Kim gave Trump props for reaching out. ""I believe this is an expression of his willingness to eliminate all the unfortunate past and open a new future,"" he said. A photo opportunity, and maybe more Cameras clicked and whirred as Trump, during a planned visit to South Korea, made his sidetrip to the DMZ for the handshake seen around the world. Kim asked Trump if he wanted to step into North Korea, and the duo took about 10 steps in the North. They then walked back before retreating to Freedom House for their private chat. They emerged with an agreement to kick-start talks that had seen little movement since their February summit in Vietnam. Live from the DMZ: Donald Trump meets Kim Jong Un Limos, vokda nukes: A sanctions' sleuth traces North Korea's illicit transactions What happens now? Foreign policy analysts said the border meeting won't mean much unless it it leads to progress on a deal to dismantle North Korea's nuclear weapons programs. ""What matters is what is agreed to and actually happens,"" tweeted Richard Haass, president of the Council on Foreign Relations. ""It is not the personal but policy that counts."" Harry Kazianis, with the D.C.-based Center for the National Interest, sounded a positive note, saying the meeting could ""set the tone for ... carving out a path toward lasting peace on the Korean Peninsula."" Pope Francis prays for deal Pope Francis praised the meeting in his weekly address at St. Peter's Square, saying he prays that ""such a significant gesture will be a further step on the road to peace, not only on that peninsula, but for the good of the entire world."" We've been here before The Hanoi summit fell apart after Trump rejected Kim's calls for sanctions relief in return for dismantling his main nuclear complex, something that U.S. officials see as a partial denuclearization step. Kim has since fired missiles and other weapons into the sea. The duo also met a year ago in Singapore, but no deal emerged. Nukes on the Korean Peninsula North Korea withdrew from the global the Treaty on the Non-Proliferation of Nuclear Weapons in 2003. Three years later the rogue state conducted the first of a half-dozen increasingly complex nuclear tests. In July 2017, North Korea conducted what was believed to be a successful test of an ICBM   Intercontinental Ballistic Missile. The price of militarization Pyongyang's military upgrades have come at a price   a series of increasingly stiff economic sanctions that has crippled its economy. Trump has expressed a willingness to remove sanctions and provide economic aid if Kim is willing to end his nuclear program. Contributing: The Associated Press This article originally appeared on USA TODAY: Trump makes history in North Korea: What we know now",environmental issues,Thomson Reuters Foundation,center
tutankhamun sculpture's london auction sparks egyptian outcry,"A 3,000-year-old head sculpture of an eternally-young Tutankhamun -- the Egyptian pharaoh known as King Tut -- goes under the hammer this week in London despite an outcry from Cairo. Christie's expects the 28.5-centimetre (11-inch) brown quartzite relic from the Valley of the Kings to fetch more than ¬£4 million ($5.1 million, 4.5 million euros) on Thursday. The Financial Times reported that it was the first such Egyptian statuette to go on the market since 1985. The pharaoh's finely-chiselled head -- its serene eyes and puffed lips emoting a sense of eternal peace -- comes from the private Resandro Collection of ancient art that Christie's last sold in 2016 for ¬£3 million. But Egyptian authorities overseeing the north African country's unparalleled collection of antiquities want to see the auction halted and the treasure returned. ""The Egyptian embassy in London requested the British foreign affairs ministry and the auction hall to stop the sale,"" Egypt's foreign ministry said on June 10. Former antiquities minister Zahi Hawass told AFP on Sunday that the piece appears to have been ""stolen"" in the 1970s from the Karnak Temple complex of Egypt's great monuments. ""The owners have given false information,"" he said in a telephone interview. ""They have not shown any legal papers to prove its ownership."" The French-owned British auction house explained that the current lot was acquired by Resandro from a Munich-based dealer in 1985. It traces its prior origins to the 1973-74 acquisition by another dealer in Austria from the Princely House of Thurn and Taxis in modern-day Germany. The trail peters out shortly afterwords and little is known to the public about how the statue found its way to Europe. ""Ancient objects by their nature cannot be traced over millennia,"" Christie's said in a statement released to AFP. ""It is hugely important to establish recent ownership and legal right to sell which we have clearly done,"" it added. ""We would not offer for sale any object where there was concern over ownership or export."" Britain's Foreign Office has been in touch with Egyptian authorities but is not expected to intervene. - 'Legitimate market' - Tutankhamun is thought to have become a pharaoh at the age of nine and to have died about 10 years later. His rule would have probably passed without notice were it not for the 1922 discovery by Britain's Howard Carter of his nearly intact tomb. The lavish find revived interest in ancient Egypt and set the stage for subsequent battles over ownership of cultural masterpieces unearthed in colonial times. International conventions and the British government's own guidance restrict the sale of works that were known to have been stolen or illegally dug up. The British Museum has been wrangling for decades with Greece over its remarkable room full of marble Parthenon friezes and sculptures. Egypt's own campaign to recover lost art gained momentum after numerous works went missing during the looting that accompanied former president Hosni Mubarak's fall from power in 2011. The late Egyptian strongman turned the existing supreme council of antiquities into a separate ministry in the last year of his rule. It has worked with the Los Angeles-based Getty Conservation Institute to mend Tutankhamun's tomb from the damage it sustained from swarming tourists over recent years. The ministry also asked the UN cultural body UNESCO to halt Christie's sale. But Egypt has been unable to substantiate its case with firm proof that the bust was illegally obtained. The London auction house said in its defence that there was a ""legitimate market for works of art of the ancient world in which Christie's has participated for generations"".",health,Associated Press,center
House Democrats to hold hearing next week on treatment of migrant children,"The House Oversight and Reform Committee has scheduled a hearing next week to hear testimony from Trump administration officials about the separation and treatment of immigrant children at the southern border. Committee Chairman Elijah Cummings (D-Md.) has invited acting Homeland Security Secretary Kevin McAleenan and acting Customs and Border Protection Commissioner Mark Morgan to testify at a hearing on July 12. Neither have confirmed their appearance, according to the committee. ""The Trump Administration's actions at the southern border are grotesque and dehumanizing,"" Cummings said in a statement Tuesday. ""There seems to be open contempt for the rule of law and for basic human decency. The committee needs to hear directly from the heads of these agencies as soon as possible in light of the almost daily reports of abuse and defiance,"" Cummings said, adding that he hoped McAleenan and Morgan would appear ""voluntarily"" at the hearing. The announcement closely followed the release of a new Homeland Security inspector general report describing ""dangerous overcrowding and prolonged detention"" of immigrant children and adults at facilities in the Rio Grande Valley that require ""immediate attention and action."" The report, issued Tuesday, says that 31 percent of children at the facilities were being held longer than the 72 hours permitted, according to Border Patrol custody data. The hearing is expected to focus on reports of unaccompanied children being held in overcrowded and dirty facilities in Clint, Texas, and other parts of the country, as well as the newly issued inspector general report. A cadre of Democratic lawmakers visited a border facility in Clint on Tuesday to survey the conditions and investigate reports of mistreatment of migrants. Cummings has also sent a letter to Facebook CEO Mark Zuckerberg requesting information related to the committee's investigation into a report that Border Patrol agents used a secret Facebook group to mock immigrants and members of Congress and post racist and sexist content. The hearing next Friday is also expected to focus on the Facebook posts. In a letter to the acting Homeland Security chief on Tuesday, Cummings said he received a letter from McAleenan's staff requesting a separate panel for the hearing but suggesting he may not be able to appear on July 12. Cummings had initially requested that he testify on June 28. ""To address your staff's request on panel structure, the Committee will allow you and Acting Customs and Border Protection Commissioner Mark Morgan to testify on your own panel for this hearing,"" Cummings wrote. The chairman refused to postpone the hearing in light of recent ""troubling revelations"" about the conditions at migrant facilities. ""As Acting Secretary, you lead the agency responsible for these actions and these conditions, and your testimony is critical to the Committee's review,"" Cummings wrote. A Department of Homeland Security spokesperson did not immediately return a request for comment Tuesday. In the separate letter to Zuckerberg, Cummings asked that Facebook preserve ""all documents, communications and other data"" related to the Facebook group known as ""I'm 10-15."" According to a new report from ProPublica , current and former border agents who are members of the secret Facebook group posted derogatory comments about migrants and Latino members of Congress. Cummings also asked the Facebook CEO to produce by July 9 ""all postings and comments"" including pictures and deleted content related to the group from the date the group was created to present day. The Facebook group is said to be three years old. Updated at 4:35 p.m.",politics,The Hill,center
"ap fact check: trump promises not just the moon, but mars","WASHINGTON   President Donald Trump dismissed the hard realities of his trade dispute with China as mere foolishness Monday and told people to expect humans on Mars ""very shortly,"" which isn't happening. Here's a look at some of his statements in a news conference with Japanese Prime Minister Shinzo Abe and how they stack up with reality: TRADE TRUMP: ""You know, foolishly, some people said that the American taxpayer is paying the tariffs of China. No, no, no   it's not that way. They're paying a small percentage, but our country is taking in billions and billions of dollars."" THE FACTS: That's not true. U.S. consumers and the public are primarily if not entirely paying the costs of the tariffs, as his chief economic adviser, Larry Kudlow, has acknowledged . That's how tariffs work: Importers pay the taxes and often pass on the cost to consumers. The U.S. is not ""taking in"" billions from China as a result. A sustained trade dispute is not painless for China, either. Its goods become pricier and therefore less competitive. But China is not paying a tab to the U.S. treasury in this matter. As Kudlow said, accurately: ""Both sides will suffer on this."" But in his view, ""this is a risk we should and can take."" ___ MARS TRUMP: ""Prime Minister Abe and I have agreed to dramatically expand our nations' cooperation in human space exploration. Japan will join our mission to send U.S. astronauts to space. We'll be going to the moon. We'll be going to Mars very soon."" THE FACTS: Not very soon. The U.S. will almost certainly not be sending humans to Mars in his presidency, even if he wins a second term. The Trump administration has a placed a priority on the moon over Mars for human exploration (President Barack Obama favored Mars) and hopes to accelerate NASA's plan for returning people to the lunar surface. It has asked Congress to approve enough money to make a moon mission possible by 2024, instead 2028. But even if that happens, Mars would come years after that. International space agencies have made aspirational statements about possibly landing humans on Mars during the 2030s. ___ TRUMP on Iran : ""If you look at the deal that Biden and President Obama signed, they would have access   free access   to nuclear weapons, where they wouldn't even be in violation, in just a very short period of time. What kind of a deal is that?"" THE FACTS: That's a misrepresentation of what the deal required . Iran would not have access to nuclear weapons capability in a ""very short period"" without violating the terms of the 2015 accord. The U.S. withdrew from the multinational agreement last year. During the 15-year life of most provisions of the deal, Iran's capabilities were limited to a level where it could not produce a nuclear bomb. Iran was thought to be only months away from a bomb when the deal came into effect. After 15 years, Iran could have an array of advanced centrifuges ready to work, the limits on its stockpile would be gone and, in theory, it could then throw itself into producing highly enriched uranium. But nothing in the deal prevented the West from trying to rein Iran in again with sanctions. The deal included a pledge by Iran never to seek a nuclear weapon. In return, partners in the deal eased sanctions on Iran. ___ Find AP Fact Checks at http://apne.ws/2kbx8bd Follow @APFactCheck on Twitter: https://twitter.com/APFactCheck",science,The Boston Globe,left
"editorial: six months after california's landmark police transparency law, many agencies still won't release their records","Sexual assaults . Planted drugs. Illegal choke holds. We've learned quite a bit about police misconduct in the six months since SB1421 , the landmark transparency bill from state Sen. Nancy Skinner, D-Berkeley, went into effect on Jan. 1. But the biggest thing we've learned is that many police departments believe that compliance with the law is optional. SB1421 requires police departments to release internal affairs records, many of which had been under seal for decades, documenting serious incidents including use-of-force incidents, sustained findings of sexual assault, and sustained findings of police dishonesty. Previous to SB1421's passage, California had some of the strictest confidentiality standards for police records in the nation. But the public has the right to know about these very serious events, which is why it was so important to pass SB1421. Another reason we know why SB1421 is important? So many police departments are resisting compliance. The California Highway Patrol, for example, employs more than 7,300 officers but has yet to produce the records required under the law. Media organizations have reported that their requests to many large police departments, including Long Beach, have not been honored. San Jose, California's third-largest city, hasn't released any of the new law's required, requested documents yet . The San Francisco Police Department has released only documentation from a handful of officer-involved shootings, and no disciplinary records. ""Law enforcement in San Francisco is deliberately sandbagging the release of these records,"" Jacque Wilson, San Francisco's deputy public defender, said at a June 5 police commission meeting . The public defender's office has discussed litigation in an effort to speed along the release of the records. Other police departments have attempted to avoid their responsibilities under the law by charging exorbitant fees for the records. Finally, some police agencies   Fremont and Morgan Hill are among them   destroyed their internal record archives dating before Jan. 1. This is lawless conduct, and it's depriving the public from the right to know about the activities of police in their communities. Police groups even tried to avoid complying with SB1421 by pushing a novel argument in the courts. They claimed that the law did not apply to records dated before 2019. Two different courts ruled against them . But the fact that these groups have had a powerful champion in their attempts to deny the public this information   Attorney General Xavier Becerra   is another signal that this fight isn't going away anytime soon. To her credit, Skinner isn't giving up. She's planning to call for oversight hearings, and has said she's open to amending the bill to require agencies to release records more rapidly. Sadly, both of these actions may be necessary. Another option may be for interested parties   including news media organizations, free speech advocates, and, in some cases, city attorneys   to force compliance through the courts. This action would be expensive, time-consuming and slow. Becerra's obvious bias toward the police groups could prove an obstacle, too. But doing nothing is not an acceptable option. The passage of SB1421 was a hard-fought battle to give the public transparency about police misconduct in their communities. No one   least of all the agencies that have sworn to protect and serve the public   should be allowed to thwart the law. This commentary is from The Chronicle's editorial board. We invite you to express your views in a letter to the editor. Please submit your letter via our online form: SFChronicle.com/letters .",crime,USA TODAY,center
Trendy Chicago Restaurant Is Praised And Put Down After Trump's Son Is Spat Upon,"CHICAGO (CBS)   She's accused of spitting on President Donald Trump's son, Eric Trump. A waitress at a trendy Fulton Market cocktail lounge is now suspended. CBS 2 political reporter Derrick Blakley has the story from the Fulton Market District with a look at what happened. On social media, The Aviary, is now being praised by Trump opponents for being part of the resistance. At the same time, it's being vilified by Trump supporters for undue disrespect toward the first family, all the while the owners of the restaurant said it's not a debate that they want to be part of. Eric Trump went to The Aviary for a business meeting, but got a lot more than the exotic drinks and high-end food he was expecting. According to a spokesperson for the Trump Organization, the president's private business where Eric is Executive Vice President, a waitress at The Aviary spit in Eric Trump's face. Eric cast the act in political terms, telling Breitbart News: ""It was a purely disgusting act by somebody who clearly has emotional problems. For a party that preaches tolerance, this once again demonstrates they have very little civility."" Eric Trump said Chicago police wanted to press charges, but he declined. The Aviary is co-owned by Grant Achatz and Nick Kokonas, also owners of Alinea, known around the world for their highly inventive food and drinks. But the owners said they weren't entirely sure what happened. ""What is certain is this: no customer should ever be spit upon. We have not spoken with the employee but our human resources team has. In the meantime, placed her on leave."" And the owners criticized those both heaping praise or scorn upon their restaurant. ""Hundreds of people are calling for the demise of our business, threatening our employees and posting fake reviews‚Ä¶they are wrong to do so based on the actions of a lone individual. So too, however, are those people wrong who are praising this as an act of civil disobedience. A degrading act lowers the tenor of debate."" For his part, Nick Kokonas has stepped slightly into political waters before. After President Trump served Clemson's national football champs fast food at the White House, Kokonas invited them to Chicago for what an actual celebration dinner should be. Eric Trump said the waitress was detained in handcuffs for two hours by the Secret Service and by Chicago police before he declined to press charges.",crime,CBS,left
Owner of Bobo the slain tiger dies at 77,"To outsiders, he was the eccentric ""Tarzan"" actor who fed his pet lions and tigers by hand. But to those who knew him, Steve Sipek was a gentle giant who never really recovered from the tragic loss of his precious Bobo, a Bengal tiger shot dead by a wildlife officer in 2004. Sipek, a Croatian-born actor who blamed the Florida Fish and Wildlife Commission for the ""murder"" of 6-year-old Bobo, died Saturday. He was 77. ""He was larger than life,"" said Melanie Boynes, a teacher who befriended Sipek after Bobo was killed. ""He was soft-spoken for being as big as he was, 6-foot-4 and over 200 pounds. Everybody knew him. But he was always Steve to me. Not Tarzan."" Sipek, a former champion body builder, starred in a Spanish remake of ""Tarzan"" in 1970. According to a former website set up by Sipek, his love of big cats began during the filming of another ""Tarzan"" film. When a fire scene blazed out of control on set, a lion trained to save him in the film did so in real life. 'They murdered my Bobo' Fifteen years ago, Sipek made headlines when 600-pound Bobo escaped his five-acre Loxahatchee compound. Sipek wanted to bring Bobo home, but 26 hours later, his beloved tiger was dead. ""They murdered my Bobo,"" a distraught Sipek said at the time. The incident sparked a widespread outcry , with animal lovers taunting wildlife officers with outraged emails and death threats. A candlelight vigil for Bobo near Sipek's home attracted a crowd of at least 1,000 supporters. Some held signs saying, ""Save a tiger, shoot a wildlife officer."" In 2012, wildlife officers raided Sipek's compound and seized a trio of big cats from the property, citing caging violations. Sipek was arrested and jailed for one day. The following year, a judge ruled the animals should go to a big cat rescue in Okeechobee, close enough for Sipek to visit. But when Sipek's black leopard died a few years later, a friend who runs an exotic animal sanctuary in Live Oak offered to take in his tigers, Bo and Lepa. Sipek moved too, leaving behind his life in Loxahatchee. ""He walked away from everything he knew and a home he'd had for 50 years so he could be with his cats,"" said Vera Chaples, who runs the Mystic Jungle sanctuary in Live Oak. When Bobo died, Sipek buried him on the grounds of his compound next to a tombstone with an image of a tiger engraved in the marble. Saved by a lion When Sipek packed up his belongings for the move, he brought along Bobo's headstone and 18 others made for all the big cats still buried on the property, Chaples said. ""He wanted to dig them up, but I told him it was not a good idea,"" she said. ""I can tell you this, those cats were his life. They were his family."" Sipek's obsession with big cats began during his acting days, Chaples said. ""He was tied to a stake and the set caught on fire,"" she said. ""A lion rushed in and dragged him to safety. And he pledged his allegiance to cats after that."" Sipek left his last two tigers, Bo and Lepa, to Boynes. She visits them just about every day and manages their Facebook page, lordandladyofliveoak . ""I don't think he ever got over Bobo,"" Boynes said of Sipek. ""I didn't expect him to die now. But now he will live on through Bo and Lepa. He'll always be with me, through them."" Susannah Bryan can be reached at sbryan@sunsentinel.com or 954-356-4554     ¬¨¬©2019 the Sun Sentinel (Fort Lauderdale, Fla.) Visit the Sun Sentinel (Fort Lauderdale, Fla.) at www.sun-sentinel.com Distributed by Tribune Content Agency, LLC.",environmental issues,Sun Sentinel,left
'Beyond reprehensible': Fertility doctor who used his own sperm to impregnate 11 women loses license,"Canadian medical authorities have revoked the license of a fertility doctor who was found to have used his own sperm, or the wrong sperm, when he artificially inseminated between 50 and 100 patients. The College of Physicians and Surgeons of Ontario determined that Dr. Norman Barwin is incompetent, ""committed an act of professional misconduct"" and engaged in acts that ""would reasonably be regarded by members as disgraceful, dishonorable or unprofessional."" The college initiated an investigation in 2016 after a class action lawsuit was filed against Barwin, 80. Eleven cases of artificial insemination were genetically matched to Barwin through DNA testing. The allegations date to the 1970s and involved patients at the Ottawa General Hospital and another area clinic. In one case detailed in the lawsuit, a woman identified as Patient B conceived a child using what she thought was sperm from an anonymous donor in the 1990s. Her daughter contacted an online DNA registry looking for half-siblings in late 2015 and found a second cousin who she discovered as a relative of Barwin through family tree research. She contacted Barwin, who arranged a DNA test that confirmed he was her biological father. Barwin told her and Patient B's husband that his paternity must have occurred because of accidental contamination after he failed to clean an automated counting chamber that he tested using his own sperm. Dr. Edward G. Hughes, an obstetrician/gynecologist who practices fertility medicine and was hired by the college to review Barwin's case, outlined several reasons why this explanation was implausible. ""For a single pregnancy to have occurred in these ways would have been remarkable,"" Hughes wrote. ""For eleven pregnancies to have been sired in this way, over two or more decades is neither statistically plausible nor believable."" College officials reprimanded Barwin on Tuesday, calling his actions ""beyond reprehensible,"" the Ottawa Citizen reported. ""Your patients represent a group who were vulnerable and who placed themselves and their families completely in your trust,"" disciplinary committee chair Dr. Steven Bodley told Barwin's lawyer. ""You betrayed that trust and by your actions deeply affected individuals and their families and caused irreparable damage that will span generations."" Barwin received a two-month suspension in 2013 after he admitted to using the wrong sperm in four cases. After another complaint indicated that a child was conceived with the wrong sperm, Barwin voluntarily resigned his certificate of registration in 2014. On Tuesday, a disciplinary panel revoked Barwin's license and fined him just over $10,000 CAD ($7,867 USD). Follow N'dea Yancey-Bragg on Twitter: @NdeaYanceyBragg This article originally appeared on USA TODAY: 'Beyond reprehensible': Fertility doctor who used his own sperm to impregnate 11 women loses license",health,USA TODAY,center
venezuelans rush to peru before new requirements take effect,"AGUAS VERDES, Peru (AP)   Tired and thirsty, Betania Ram√≠rez crossed into Peru on Friday with her 1-year-old girl in her arms and her 8-year-old boy beside her. Ram√≠rez has no friends or relatives in Peru, and some of her luggage was stolen as she crossed two countries in cargo trucks and on foot from her home in western Venezuela. But as she finished the latest leg of her 1,500-mile (2,414-kilometer) journey, she was grateful she had made it to her destination on time - just hours before Peru started imposing stricter entry requirements on Venezuelan migrants and refugees. ""We are now in God's hands,"" Ramirez said, after passing through a border post in the region of Tumbes. ""We walked down country roads, we slept on the streets, we got robbed, but thankfully I did not get sexually assaulted."" With its relatively stable economy and flexible immigration laws, Peru has become a main destination for millions of Venezuelans escaping hyperinflation, medical shortages and political repression at home. But on Saturday, the South American nation will begin demanding passports and visas from Venezuelan migrants   requirements that many will not be able to meet. The new demands have prompted thousands of poor migrants like Ram√≠rez to make a desperate dash for the Peruvian border, where they can still enter before the weekend begins by presenting national ID cards. On Thursday, the U.N.'s refugee agency said 5,400 Venezuelans entered Peru through the Tumbes crossing   almost three times the daily average. The agency was ""supporting and complementing the efforts of Peruvian authorities as we face the largest number of Venezuelan people coming to Peru so far,"" said UNHCR Information Officer Regina de la Portilla. But at daybreak on Friday, hundreds were already standing in new lines outside the border post or sleeping on the sidewalk as they waited for immigration officials to check their IDs. ""My daughter came to Peru a year ago, and she sent for me,"" said Leyda Murillo, an elderly migrant who was waiting in the queue. ""You can't find medicines in Venezuela, and people are dying, that's why I decided to leave my country."" Many more migrants were still on their way to the Peruvian border, making one last push through Colombia and Ecuador to arrive before the requirements were implemented. Marianni Luzardo, a mother of two, was in the Ecuadorean city of Tulcan on Thursday, which is some 500 miles (805 kilometers) away from Peru's northern border. She said it took her 16 hours to cross the Colombian-Ecuador border due to the large numbers of Venezuelans heading south. ""In Venezuela it is almost impossible to get a passport,"" Luzardo said. ""We need to get to Peru soon."" According to Peruvian authorities, more than 820,000 Venezuelans have settled in Peru since 2016 of which 270,000 have sought refugee status. Peruvian President Mart√≠n Vizcarra has said that the new entry requirements will make immigration ""safer and more orderly"" and that the large influx of Venezuelan immigrants was making it harder for Peruvians to find jobs. But human rights groups in the country have criticized the move, describing it as an attempt to lessen the numbers of needy people who are entering the country. In a letter published earlier this week, Miguel Cabrejos, the president of Peru's Catholic Bishops Conference, warned that the requirements ""present an imminent danger"" to migrants who might be tempted to enter the country illegally. Meanwhile, Amnesty International said they will not be enough to stop desperate people from trying to cross the border, noting that passports were prohibitively expensive and take months to process in Venezuela. A poll conducted in the Peruvian capital of Lima in April found that two-thirds of residents had a negative perception of Venezuelan migrants. But that idea has been strongly disputed by Venezuelans, some of whom have opened their own businesses. ""Venezuelans here work very hard,"" said Jorge Macchia, a street vendor who sells empanadas in the streets of Lima and noted that his family has been affected by new requirements. ""My wife and my two daughters are on their way to Peru,"" he said. ""But I'm not sure if they will make it on time.""",politics,ProPublica,center
"Ocasio-Cortez, Sanders call for climate change emergency mobilization, seeks a re-do of failed Green New Deal","Rep. Alexandria Ocasio-Cortez and Sen. Bernie Sanders will introduce Tuesday a resolution declaring a climate change emergency, a move that comes after the Green New Deal failed to take off the ground earlier this year. The resolution, also co-sponsored by Oregon Rep. Earl Blumenauer, will call for a wide-scale mobilization to combat the emergency and restore the climate ""for future generations."" GREEN NEW DEAL FAILS SENATE TEST VOTE AS DOZENS OF DEMOCRATS VOTE 'PRESENT' ""The global warming caused by human activities,"" claims the draft resolution, according to the Mother Jones magazine, ""has resulted in a climate emergency that ‚Äö√Ñ¬∂ demands a national, social, industrial, and economic mobilization of the resources and labor of the United States at a massive-scale."" Ocasio-Cortez and Blumenauer, meanwhile, also wrote to fellow members of Congress urging them to declare climate change an emergency in a bid to ""swiftly mobilize federal resources in response."" The resolution, according to the outlet, details how climate change impacts public health and national security of the U.S., though it doesn't make any exact recommendations how to address the so-called emergency. The latest declaration comes after Ocasio-Cortez's signature Green New Deal, a sweeping Democratic proposal for dealing with climate change, failed a test vote in the U.S. Senate back in March, with 42 Democrats and Sen. Bernie Sanders, I-Vt., voting ""present."" OCASIO-CORTEZ ASSAILS BIDEN'S 'MIDDLE GROUND' CLIMATE CHANGE PLAN, SAYS IT'S 'DEALBREAKER' Both the New York Democrat and her colleagues decried Senate Majority Leader Mitch McConnell's move to bring the Green New Deal up for a vote, saying the Republicans purposely rushed the vote while McConnell only wanted Democrats to go on record to support the sweeping proposal that he himself called ""a radical, top-down, socialist makeover of the entire U.S. economy."" The Green New Deal calls for the U.S. to shift away from fossil fuels such as oil and coal and replace them with renewable sources such as wind and solar power. It calls for virtual elimination by 2030 of greenhouse gas emissions responsible for global warming. Republicans have railed against the proposal, saying it would devastate the economy and trigger massive tax increases. It remains unclear how the new resolution differs from the Green New Deal, though a spokesperson for Sanders told the magazine that unlike President Trump's emergencies, the climate change declaration warrants the use of emergency powers. CLICK HERE TO GET THE FOX NEWS APP ""President Trump has routinely declared phony national emergencies to advance his deeply unpopular agenda,"" the spokesperson said. ""On the existential threat of climate change, Trump insists on calling it a hoax.""",environmental issues,Fox News,right
"Biologist on uptick in alligator attacks, incident involving corpse: 'The populations have exploded'","A surge in alligator attacks in Florida has left residents concerned, and biologist Jeff Corwin reminded ""Fox & Friends"" viewers that the formally endangered beasts are still dangerous predators. Two people were bitten by alligators in Florida last month, including a five-year-old girl who was forced to get 11 stitches after the attack. In St. Petersberg, a group of about 10 alligators were seen eating the ""badly decomposed"" body of a 16-year-old boy on Thursday. During a Monday morning appearance on ""Fox & Friends,"" Corwin said it's ""very, very rare"" that an alligator would kill a living person and eat their remains, and that the instance in St. Petersburg likely happened after the person was already dead. However, both the human and alligator population is constantly increasing in Florida, and the tendency for people to forget their true nature leads to unfortunate mishaps. FLORIDA MAN DESCRIBES 'SHOCKING ALLIGATOR ATTACK ON 5-YEAR-OLD GRANDDAUGHTER IN LAKE ""The truth is, is alligator populations have exploded,"" Corwin said. ""What you need to keep in mind is that alligators just a few decades ago were critically endangered. They are one of our greatest conservation success stories, to the point now they are no longer endangered."" As alligators increase in numbers, so is the state's population, Corwin continued, claiming that 3,000 people move to the southern state each month. ""If there is a body of water in Florida, if there is a pond, a swamp, a lagoon, even a swimming pool, it's very likely there is an alligator nearby,"" he said. ""We both share this ecosystem together, and that is where you get situations like this."" FLORIDA ALLIGATOR ATTACK LEAVES WOMAN WITH SIGNIFICANT BITE INJURIES, OFFICIALS SAY An additional concern is that people seem to have lost sight of how dangerous alligators can be, and have begun to feed them and marvel at their size. As alligators become more exposed to humans, they become less fearful of them, Corwin said, and may even rely on them for food. ""People need to recognize is that these are powerful, powerful creatures,"" Corwin added. CLICK HERE FOR THE FOX NEWS APP ""A lot of the conflict and a lot of dangerous scenarios that unfold between human beings and alligators happens when people lose their respect for these animals,"" he continued. ""You have to respect them and give them space.""",environmental issues,Fox News,right
"Chris Wallace challenges Giuliani over Trump's 'no obstruction' claim: 'Mayor, that's not true'","Fox News anchor Chris Wallace on Sunday challenged President Trump's attorney, Rudy Giuliani, over Trump's claim that there is now proof he did not obstruct justice in special counsel Robert Mueller's investigation. ""But, mayor, that's not true,"" Wallace said on ""Fox News Sunday. ""The Mueller report makes it clear, especially on the issue of obstruction, that he's leaving it to Congress."" ""I agree with that,"" Giuliani interjected. Wallace replied ""good,"" before noting a passage in special counsel Robert Mueller's report that he said ""invites"" Congress to look into the issue of whether Trump obstructed justice. ""And the president, in terms of Congress, hasn't been exonerated at all on the issue of the obstruction,"" Wallace said. Trump made the ""no obstruction"" claim on Sunday morning in a tweet , as well as in a speech Thursday before the report dropped. He has also claimed ""total exoneration"" from Mueller, a word that is not used in the report. But Giuliani on Sunday said that a person under investigation never gets exonerated. ""You do not apply a standard of exoneration to anyone,"" Giuliani contended, calling the report infected and ""warped."" ""Whether it's a president, an impeachment. You can't exonerate. Exoneration means proving a negative."" The comments led to a back-and-forth between Wallace and Giuliani about the reasons why Mueller advised that the obstruction decision to be taken up by Congress. ""The issue here is did the president obstruct justice or not,"" Wallace said, before pointing to an example included in Mueller's report about Trump in 2017 directing former White House counsel Don McGahn to dismiss Mueller. McGahn refused to follow through on the request, according to Mueller. ""Had he done it, it would not have been obstruction of justice because there were very good reasons to fire Mueller,"" Giuliani responded , arguing that Mueller hired a staff that ""had people that I would find very, very questionable as people that should be investigating Donald Trump."" The exchange comes just days after the Justice Department released a redacted version of Mueller's report into Russian interference and Trump. Mueller did not uncover evidence to conclude that collusion occurred. The more than 400-page report also noted that Mueller was unable to ""conclusively determine"" that no criminal conduct occurred in regards to obstruction of justice.",legal arguments,Fox News,right
Kamala Harris tells Colbert that Senate panel will push on with Trump probe,"During Sen. Kamala Harris ' appearance on "" Late Night with Stephen Colbert "" on Wednesday, the 2020 presidential hopeful said the Senate Intelligence Committee will not stop its investigation into President Trump despite what Harris described as Trump's threats to ""hold America's infrastructure hostage."" The California Democrat and other intelligence committee members have been investigating Russian election interference and Trump's alleged ties to Russia for two years. The panel is expected to call on several witnesses to testify as it concludes the probe over the next few months. TRUMP DEMANDS END TO 'PHONY INVESTIGATIONS' IN FIERY ROSE GARDEN STATEMENT, AFTER MEETING WITH DEMS CUT SHORT Harris vowed that the committee would not stop investigating Trump. She argued the president's ""self-interests"" only hurt the American people. When Colbert asked Harris if she would concede to Trump's demands, she flatly responded ""No."" ""So he's going to hold America's infrastructure hostage   right?   over the issue of the investigation,"" she continued. Playing devil's advocate, Colbert suggested that the intelligence committee could ""halt"" the investigation in order to work with the White House on the nation's infrastructure, but Harris rejected the idea. ""This is a false choice,"" Harris stated. ""We cannot abandon our democracy for the sake of appeasing somebody who is completely focused on his interests only."" Harris argued that Trump's failure to work with Dems on infrastructure shows he does not represent most Americans. ""Almost half of American families are a $400 unexpected expense away from complete upheaval,"" she said. CLICK HERE TO GET THE FOX NEWS APP Earlier Wednesday, Trump said he told Congress' top Democrats to ""Get these phony investigations over with."" The president threatened not to cooperate with his political rivals on a massive infrastructure proposal if the probe continues. ""I told Senator (Chuck) Schumer and Speaker (Nancy) Pelosi, I want to do infrastructure ... but I can't do it under these circumstances,"" he told reporters during a news conference in the White House Rose Garden.",politics,Fox News,right
"Pelosi calls for Acosta to step down over Epstein plea deal, hits Trump","House Speaker Nancy Pelosi late Monday called on Labor Secretary Alexander Acosta to step down for what she called an ""unconscionable agreement"" with Jeffrey Epstein, who was charged earlier with sex trafficking in New York City federal court. Acosta, who was a U.S. attorney in Miami back in 2008, helped Epstein secure a plea deal that resulted in an 18-month sentence. He served 13 months. The deal was criticized as lenient because he could have faced a life sentence. Pelosi said in a tweet late Monday that Acosta's agreement with Epstein was kept from his ""young victims"" and prevented them from seeking justice. She said Trump was aware of the background when Acosta was appointed. Acosta negotiated a deal that resulted in two state solicitation charges a felony and resulted in county jail. There were no federal charges. The Washington Post reported that Epstein was allowed to work from his office six days a week. The alleged victims were not told about the deal, the report said. The Miami Herald called the allegations back then ""stomach-turning."" They included allegations that the wealthy financier lured dozens of troubled girls to an estate in Palm Beach and had sex with them. The paper's editorial called the allegations a ""Ponzi scheme,"" because he would allegedly use new girls to recruit more. BILL CLINTON KNOWS NOTHING ABOUT EPSTEIN'S 'TERRIBLE CRIMES,' EX-SPOKESMAN SAYS The Herald's editorial said that in 2008, Acosta kept the alleged victims out of the process and failed to ""even inform them of his lenient plea deal with Epstein. In February, U.S. Judge Kenneth Marra ruled that Acosta's office broke the law by not telling Epstein's victims of the sweetheart deal. In contrast, [U.S. Attorney Geoffrey] Berman, has issued a public call for women to contact his office to help him build his sex-trafficking case against Epstein."" Acosta has defended the plea deal as appropriate under the circumstances, though the White House said in February that it was ""looking into"" his handling of the deal. Epstein, the 66-year-old hedge fund manager, was charged in a newly unsealed federal indictment with sex trafficking and conspiracy during the early 2000s. He could get up to 45 years in prison if convicted. Prosecutors alleged that Epstein, who was arrested on Saturday, preyed on ""dozens"" of victims as young as 14. Sen. Ben Sasse, R-Neb., told Fox News that Epstein's initial sentence was ""absurd"" and said it is not a time ""for people to say, 'oh, is a Republican or Democrat going to be implicated?' Every American should stand on the side of those little girls."" GET THE FOX NEWS APP Two White House officials told The Washington Post that Trump does not have plans to force out Acosta. Epstein has pleaded not guilty. Fox News' Gregg Re and the AP contributed to this report",legal arguments,Fox News,right
Colorado Christian cakeshop sued a third time for discrimination,"The owner of Masterpiece Cakeshop -- which won a case before the U.S. Supreme Court recently -- was sued for a third time this week. Jack Phillips, the Lakewood, Colo. bakery owner who has refused to bake cakes that violate his Christian faith , is being sued again by Autumn Scardina, a transgender woman, for refusing to bake a gender transition cake. Scardina claims it is textbook LGBT discrimination . But Phillips said she is rehashing old claims that hold no merit. WASHINGTON SUPREME COURT RULES AGAINST FLORIST WHO REFUSED SERVICE FOR GAY COUPLE'S WEDDING Phillips describes himself as an artist who uses cakes as ""canvas"" to express ideas and celebrate events. He has insisted he doesn't want to do something that goes against his faith. He said the cases against him have directly affected his family and business and he's faced death threats and harassment. The Supreme Court ruled in favor of Phillips last year in a case where he refused to bake a cake for a same-sex wedding. The high court ruled the Colorado Civil Rights Commission showed ""anti-religious bias"" when it filed a discrimination charge against Phillips. The commission then filed another complaint against Phillips after he refused to make Scardina a cake celebrating a gender transition. He, in turn, sued the state claiming he was being singled out for his religious beliefs. The Commission and Phillips agreed to drop their cases in March after discovery showed ""anti-religious hostility"" from the state toward the family-run bakery. Scardina decided to pursue separate litigation, which attorneys filed Wednesday in district court. ""The dignity of all citizens in our state needs to be honored. Masterpiece Cakeshop said before the Supreme Court they would serve any baked good to members of the LGBTQ community. It was just the religious significance of it being a wedding cake,"" Paula Griesen, one of the attorneys representing Scardina, told the local CBS station. ""We don't believe they've been honest with the public."" PASTOR TELLS SBC CONFERENCE HE WAS UNDER 'INCREASED SECURITY RISK' AFTER TRUMP PRAYER Scardina claims Phillips violated Colorado's Anti-Discrimination Act and Consumer Protection Act for refusing to bake a ""birthday cake"" celebrating the plaintiff's gender transition, which was to be blue on the outside and pink on the inside, symbolizing a transition from male to female. Jim Cambell, senior counsel for Alliance Defending Freedom, which has represented Phillips in the other cases, called it further harassment rehashing old claims. CLICK HERE TO GET THE FOX NEWS APP ""So this latest attack by Scardina looks like yet another desperate attempt to harass cake artist Jack Phillips,"" Cambell said. ""And it stumbles over the one detail that matters most: Jack serves everyone; he just cannot express all messages through his custom cakes.""",legal arguments,Fox News,right
Navy SEAL Edward Gallagher found not guilty on murder and attempted murder charges,"A jury found decorated Navy SEAL Edward ""Eddie"" Gallagher not guilty Tuesday on almost all charges he was facing, including murder and attempted murder, in the killing of a teenage Islamic State member in Iraq. Gallagher was accused of stabbing to death a 15-year-old ISIS fighter in 2017 and posing with the corpse for photos. As he awaited the charges to be read, Gallagher, 40, bounced lightly on his feet, appearing nervous, but dissolved into joyful tears once the verdict came through, tightly embracing his wife, Andrea, who has publicly championed him throughout the case as they both cried. Also seated in the gallery were Gallagher's attorneys, brother and parents, all of whom he exchanged hugs. ""I'm happy and I'm thankful,"" Gallagher told reporters after the verdict as he joked with his legal team that ""it's Independence Day,"" his freedom coming days before the July 4th holiday. ""Suffice to say, huge victory, huge weight off the Gallaghers, huge victory for justice,"" Gallagher's attorney Marc Mukasey said adding that his client cried ""tears of joy, emotion, freedom, absolute euphoria and proud of the process."" ""I was feeling like we're finally vindicated after being terrorized by the government that my husband fought for for 20 years,"" Andrea Gallagher said. She also said she intends to ""continue to fight for the war heroes of this country"" and hopes to see Naval Special Warfare Group 1 Commodore Capt. Matthew D. Rosenbloom resign, among other things. He faced seven criminal charges in all. Six of the most serious charges included premeditated murder, willfully discharging a firearm to endanger human life, retaliation against members of his platoon for reporting his alleged actions, obstruction of justice and the attempted murders of two noncombatants. On all of those charges, the jury in San Diego found him not guilty. Jurors did find him guilty of the seventh charge, posing for a photo with a casualty, considered the least egregious of the crimes, which carries a maximum prison sentence of four months. ""We have a sentencing to do, but the maximum sentence of what they're about to sentence him on is much less than the time that they've already had him in the brig,"" defense attorney Tim Parlatore said. ""So he is going home."" Gallagher served nine months in prison awaiting trial but was released ahead of trial proceedings at the end of May as the judge attempted to rectify alleged prosecutorial misconduct which included the unauthorized tracking of the defense's emails. Nearly a dozen members of Gallagher's platoon testified against him, revealing that nearly all the platoon members posed for photos with the dead prisoner and witnessed Gallagher read his reenlistment oath near the body, actions prosecutors said proved that Gallagher was ""proud"" of his actions. Perhaps the biggest bombshell in the case occurred on June 20 when Gallagher's colleague, Special Operator 1st Class Corey Scott, admitted to asphyxiating the ISIS fighter back in 2017, contrary to the testimony of at least seven other SEALs who said Gallagher stabbed the ISIS fighter after medics administered treatment to him, ultimately resulting in the teenager's death. Gallagher, who served 19 years in the Navy and earned a Bronze Star with V for Valor twice, a Meritorious Unit Commendation and a trio of Navy and Marine Corps Achievement medals, has been publicly championed by his wife and even President Trump, who previously got Gallagher removed from the brig and transferred to better custody conditions at a Navy hospital before trial. Fox News' Dan Gallo in San Diego and Samuel Chamberlin contributed to this report.",legal arguments,Fox News,right
McConnell to force vote next week on Trump border funding request,"Majority Leader Mitch McConnell (R-Ky.) is pledging to force a vote on President Trump's $4.5 billion request for emergency border money, regardless of whether or not the GOP can reach a deal with Democrats. McConnell told Fox News's ""Fox & Friends"" during an interview on Monday that he was planning to bring up a ""freestanding"" deal in an effort to force Democrats to go on the record either supporting or blocking the request for humanitarian aid legislation. ""I'm going to bring it up freestanding next week and see if they really aren't interested in dealing with this massive humanity that we have to take care of at the border,"" McConnell said. ""What's the objection? This is not about the wall but about the humanitarian crisis."" McConnell's plan to force a vote on a bill next week comes as the Senate Appropriations Committee is scheduled to mark up Trump's $4.5 billion request in committee on Thursday. Senate Appropriations Committee Chairman Richard Shelby (R-Ala.) told reporters late last week that they were still drafting the legislation that would be taken up in his committee. Though Republicans can pass it through the panel without support from the other side of the aisle, they'll need at least seven Democrats on board to get the measure cleared through the full Senate. The White House's request includes $3.3 billion for humanitarian aid, which the administration says would be used to increase shelters and care for unaccompanied minors, in addition to processing arrivals. They've also asked for roughly $1.1 billion for other border operations like expanding the number of detention beds and providing more investigation resources. McConnell and Democrats on the House Appropriations Committee both say they want Congress to pass a bill before the end of the month, when they leave for the July 4th recess. But, so far, they haven't worked out what would be included in any agreement. Democrats say they support providing additional humanitarian aid for the U.S.-Mexico border, including shoring up a Health and Human Services (HHS) office that is responsible for unaccompanied minors detained along the border and on the verge of running out of funding. But trying to get funding for Immigration and Customs Enforcement (ICE) or expanding the number of detention beds is a non-starter for Democrats. McConnell, on Monday, argued that Democrats were suffering from ""Trump derangement syndrome."" ""Whatever he's for they are reflectively against,"" McConnell added. ""I think it's safe to say the president is getting more cooperation out of Mexico than he is out of congressional Democrats.""",politics,Fox News,right
White House feigns surprise at Pelosi 'prison' comments,"Video by FOX News House Speaker Nancy Pelosi's comment this week that she would rather see President Donald Trump ""in prison"" than impeached ""shows the true colors of the Democratic Party,"" the White House said Thursday. ""How shocking,"" White House director of strategic communications Mercedes Schlapp said sarcastically in an interview on Fox News. ""The Democrats are radical and out of touch. They're more focused on attacking this president, undermining this president, than they are to solving the major problems that we're seeing in the United States."" Pelosi made the comment during a meeting Tuesday night in which she clashed with House Judiciary Chairman Jerry Nadler about whether to open an impeachment inquiry into the president. Pelosi, who's resisted a growing chorus of calls for impeachment from her caucus, remained firm in that she wants to see Trump defeated at the ballot box next year, when he would then be free from the Justice Department's restraints on indicting a sitting president. ""I don't want to see him impeached, I want to see him in prison,"" Pelosi said at that meeting, multiple Democratic sources familiar with the meeting told POLITICO . ""I think it clearly shows the true colors of Speaker Pelosi and the Democratic Party that are focused and obsessed with investigation after investigation despite the fact that the president and this administration has been transparent through the whole process,"" Schlapp contended Thursday. Asked whether Pelosi's leaked comments would further imperil the White House's willingness or ability to work with congressional Democrats on things like infrastructure, Schlapp indicated that not much has changed. ""Look, I think that this president, this administration has tried time and time again to work with the Democrats,"" she asserted, though it has been Trump who orchestrated several high-profile walkouts of meetings with Democrats. ""The Democrats have continuously refused to work with our administration in solving the major problems we see in our country."" She pointed in particular to the surging number of Central American migrants crossing the U.S.-Mexico border and cast Trump as doing what he's able with his hands tied. ""Have we seen any cooperation coming from the liberal Democrats? Absolutely not,"" she said. ""They continue to live in this world where they believe this border crisis is a manufactured crisis. The president is doing what he can from an administrative standpoint to ensure we're able to deal with the overwhelming crisis we're seeing at the border.""",politics,FOX News,right
"Trump says he ""made"" Fed Chair Powell and would trade him for Europe's Draghi","President Trump said ""nobody ever heard of"" Powell before Trump named him to run the Federal Reserve.Instead, ""we should have [Mario] Draghi,"" who heads the European Central Bank, said Trump.The president has been outspokenly critical of the Fed chairman, who just yesterday stressed the need for the Fed to be independent. Washington - President Donald Trump is keeping up his attacks on Federal Reserve Chairman Jerome Powell, saying he ""made"" Powell but now would like to trade him in for Mario Draghi, the head of the European Central Bank. In an interview on Fox Business Network, Mr. Trump said Wednesday ""we should have Draghi"" instead of Powell because of Draghi's announcement last week that he was prepared to provide more stimulus if necessary to support the lagging European economy. Mr. Trump said in contrast, Powell was ""sucking [money] like from a vacuum cleaner,"" a reference to the Fed's efforts to lower its holdings of Treasury bonds. The president said of Powell, ""Here's a guy nobody ever heard of him before, and now I made him, and he wants to show how tough he is."" Mr. Trump selected Powell to be Fed chairman after deciding not to nominate Janet Yellen for a second four-year term. Powell, a Republican, had been nominated to the Fed's seven-member board by Barack Obama, Powell took over as chairman in February 2018. As the Fed kept raising interest rates last year, the president increased his criticism of the central bank and Powell. Mr. Trump has complained that last year's four rate hikes sent the stock market into a nosedive in December as investors feared the Fed's tightening could push the country into a recession. The Fed switched course in January and declared it was prepared to be ""patient"" before changing rates again, a move that bolstered the stock market. That is, until rising trade tensions between the U.S. and China again raised recession fears last month. Last week, the Fed left rates unchanged and signaled that it was prepared to begin cutting rates if needed to protect the economy from trade battles and other risks. Demotion or firing coming? In his interview Wednesday, Mr. Trump didn't acknowledge the Fed's change in policy. Before last week's meeting, he had pressured the central bank to begin cutting rates immediately and suggested that he might demote Powell as chairman if the Fed didn't follow his advice. In his interview Wednesday, Trump insisted he had the right to demote Powell or to fire him, something legal experts dispute. They contend that Powell can be removed only for malfeasance in office, not for a policy dispute. Powell's term as chairman runs until February 2022. Mr. Trump said one reason he's unhappy with the Fed's rate hikes was that it raises the cost of borrowing for the federal government. ""I want to pay it off,"" Mr. Trump said of the debt, a pledge he had made during the 2016 presidential campaign. The growth of the $22 trillion national debt has accelerated under Mr. Trump, whose last budget projected annual deficits would top $1 trillion beginning this year. Need for political independence Trump's latest Fed attack came a day after Powell made his most extensive comments on the Fed's need for political independence to do its job. Asked about the repeated criticism by Trump, Powell said, ""We are human. We make mistakes. I hope not frequently, but we will make mistakes. But we won't make mistakes of integrity or character."" Powell said the Fed's independence from direct political control had served the country well. He added that when central banks don't have that protection, ""you see bad things happening.""",politics,Fox Business,right
"Donald Trump Jr. mocks Roy Moore after campaign announcement, reigniting feud","The president's son took another shot at Alabama Judge Roy Moore on Thursday, alluding to sexual misconduct allegations the Republican senate candidate faced during his run in 2017. Donald Trump Jr.'s criticism came in response to a report that Moore said he would improve on his previous run by engaging in ""more personal contact with people."" ""This can't be real... can it? Based on the allegations I'd stay away from that but hey I'm new to this,"" Trump Jr. tweeted. This can't be real... can it? Based on the allegations I'd stay away from that but hey I'm new to this. https://t.co/IH4jJUmdHR   Donald Trump Jr. (@DonaldJTrumpJr) June 20, 2019 Moore announced his 2020 candidacy on Thursday despite leading Republicans criticizing him and President Trump publicly saying he couldn't win. ""Can I win?"" Moore said at his announcement on Thursday . ""Yes, I can win. Not only can I, they know I can. That's why there's such opposition."" Trump Jr. also disputed Moore's claim that he wasn't ""going against"" his father with his decision to run. ""This is pure fake news. I can assure everyone that by running, Roy Moore is going against my father and he's doing a disservice to all conservatives across the country in the process,"" Trump Jr. tweeted on Thursday. In May, he also mocked Moore after he teased another Senate bid. ""You're literally the only candidate who could lose a GOP seat in pro-Trump, pro-USA ALABAMA,"" Trump Jr. tweeted. ""Running for office should never become a business model. If you actually care about #MAGA more than your own ego, it's time to ride off into the sunset, Judge."" You mean like last time? You're literally the only candidate who could lose a GOP seat in pro-Trump, pro-USA ALABAMA. Running for office should never become a business model. If you actually care about #MAGA more than your own ego, it's time to ride off into the sunset, Judge. https://t.co/Twg9isFRkY   Donald Trump Jr. (@DonaldJTrumpJr) May 28, 2019 Republicans in Washington have made clear they don't want Moore to run again, saying they believe any other Republican will beat Jones in 2020. The National Republican Senatorial Committee has said its motto in the race is ""ABRM,"" which stands for ""anyone but Roy Moore."" ""We believe most Alabama Republicans realize that nominating Roy Moore would be gift wrapping this Senate seat for Chuck Schumer,"" Jack Pandol, a spokesman for the Senate Leadership Fund, which is aligned with Senate Majority Leader Mitch McConnell, said Thursday. ""It remains to be seen whether Moore can escape his baggage without his candidacy collapsing under its own weight, regardless of what groups on the outside do."" Fox News' Alex Pappas contributed to this report.",politics,Fox News,right
Crooked cop in NYPD's gun License Division sentenced to 1 year in prison,"A crooked cop in the NYPD's corrupt License Division tearfully apologized to the police department Friday before being sentenced to one year and one day in prison for bribery conspiracy. Ex-officer Robert Espinel's scheme accepting gifts and money to push through city firearm permits was so successful he planned in late 2015 to retire and continue the work in private practice by bribing his former colleagues. He accepted free meals and liquor from gun license holders and the so-called expediters who represented them. ""I'm sorry I harmed the reputation of the NYPD,"" Espinel said in Manhattan Federal Court, crying. ""I feel ashamed. I hate that I have damaged the trust of the community I served for over 20 years. I'm afraid I may never restore my family's pride in me, nor my pride in myself."" Prosecutors said that Espinel, 49, was in cahoots with former Lt. Paul Dean, who was sentenced to 18 months in prison. Judge Edgardo Ramos, who sentenced both men, said the License Division had become ""infested throughout with corruption."" Espinel and Dean had told their colleagues in the License Division that they would be more trustworthy than the sleazy cast of expediters , including a former Brooklyn prosecutor and Shomrim patrol leader, plying cops with gifts. After his arrest, Dean told the FBI about special treatment for VIPs seeking gun licenses like President Trump, Donald Trump Jr., Michael Cohen and many others. The probe of the License Division also intersected with the gifts-for-favors scandal that rocked the highest levels of the police department. Brooklyn businessman Jeremy Reichberg used his access at 1 Police Plaza to obtain a gun permit despite his lack of qualifications. ""We hold police officers to a much higher standard. We also endow them with great powers. It is imperative for the public to know police officers, to whom we endow such powers, are conducting themselves with integrity,"" Ramos said. The NYPD says it has taken steps to overhaul the License Division and prevent corruption.",crime,New York Post,right
NYCHA left dozens of lead-poisoned kids in their contaminated apartments: report,"NYCHA contested lead test results in 88 units by city health inspectors Children remained in nearly three dozen public housing apartments potentially years after city inspectors discovered definitive evidence of lead paint in their homes, according to a New York Post review of internal Health Department inspection reports. Instead of rushing repairs or relocating families, the Department of Health and Mental Hygiene (DOHMH) allowed the New York City Housing Authority (NYCHA) to appeal its inspectors' findings. Test results revealed that 34 apartments were the most severely contaminated of 91 units where lead was initially discovered between 2010 and 2017, but NYCHA appealed 88 of the cases over testing methods, according to the Post . Records obtained by the newspaper show that health officials overruled its own inspectors in 83 of those cases stymying abatement of a heavy metal that can damage almost every organ and system in the body, according to the U.S. Environmental Protection Agency . Children six years old and younger are especially susceptible to lead. Details of the testing were outlined in some 4,500 pages of DOHMH reports obtained by the Post through the Freedom of Information Law. The documents were released as the de Blasio administrations continues to deal with the fallout from a lead paint scandal that kicked off in 2017 and culminated with federal prosecutors bringing a lawsuit against the city, arguing that for years NYCHA officials lied about performing required inspections and hid the true conditions from federal inspectors. In January, the city settled the lawsuit after de Blasio agreed to a deal that put the agency under the thumb of a federal monitor , whose position is to provider oversight of the troubled agency. Then-chair and CEO of NYCHA, Shola Olatoye, was forced out and the city is in the midst of spending $88 million on lead testing in 135,000 public housing apartments by 2020. Exposure to lead typically occurs through peeling paint. When blood tests reveal a child is suffering from lead poisoning, DOHMH automatically sends an inspector to the child's apartment to test for lead. High-tech X-ray guns, which can scan through multiple layers of paint, were used in 88 inspections out of 97 at the 91 apartments. Of those, according to the Post , inspectors found lead levels at 34 apartments beyond what the city typical defines as conclusive evidence of lead such readings typically trigger swift remediation. But NYCHA refuted each of those findings and convinced health official to partially or completely retract removal orders for lead paint in 33 of the cases, records show. The Health Department and City Hall did not dispute the newspaper's findings, the Post notes. The de Blasio administration did not immediately return Curbed's requests for comment. ""We've significantly reduced lead exposure for kids in public housing, and now we're taking action to eliminate it altogether,"" mayoral spokesperson Marcy Miranda told the Post . ""NYCHA now immediately abates any apartment the Health Department identifies.""",health,New York Post,right
"at first democratic debate these 6 candidates beat warren on authenticity, specifics and guts","Editor's note: The opinions in this article are the author's, as published by our content partner, and do not necessarily represent the views of MSN or Microsoft. Two nights, twenty candidates, and just one party: The Democrats. Debate night number one on Wednesday in Miami was billed by many as an evening featuring Senator Elizabeth Warren, D-Mass. and the B Squad. To me, Wednesday night's debate was anything but that. FIRST 2020 DEMOCRATIC PRIMARY DEBATE -- NIGHT 1 LIVEBLOG Warren, who is ahead in the polls and gaining steam, did not steal the show in Miami in my humble opinion. The real stars of the evening were those who showed authenticity, specifics and guts. Let's take a closer look: Authenticity Many of those stars of the evening on Wednesday were lesser-known presidential candidates before the debate, but they made the most of their opportunity to introduce themselves to a broader audience. I was struck by Hawaii Rep. Tulsi Gabbard's authenticity which was captured in the way she spoke about her personal experience as an Iraq war veteran. She reflected on her time serving alongside LGBT service members, united with them in defending our nation. She brought her own military experience to bear when she explained why she feels it is necessary for the U.S. to leave Afghanistan. Specifics I paid close attention to any candidate on the stage in Miami who offered specifics on how to address a particular problem facing our country. I especially valued those candidates who pointed to actual programs they have implemented or laws they have passed. It is one thing to throw around buzzwords or catchphrases. It's another to actually govern. Those candidates with executive experience showed the most gravitas when it came to providing examples of tangible results. While discussing health care, Washington State Gov. Jay Inslee mentioned that he has actually signed a public health care coverage option into law in his state. Former HUD Secretary Julian Castro pointed to his record of developing community-policing standards as mayor of San Antonio when asked about how he would address some of the issues surrounding gun violence and the African-American community. New York City Mayor Bill de Blasio highlighted his administration's ability to deliver free universal pre-K education to parents as a building block of opportunity on his watch. Guts It doesn't take guts to memorize responses that have been focus group tested. It does take guts to stand on a stage with your peers, in front of members of your party, and call them out. My Congressman, Ohio's Tim Ryan, did that in a big way by making his fellow Democrats look in the mirror and face the fact that we have a problem connecting with America's heartland because we, Democrats, are perceived as a party by and for coastal elites. Minnesota Senator Amy Kloubachar showed moxie when she acknowledged that she worked on a number of bills that President Trump has actually signed and then point blank declared that she was not going to throw around a bunch of empty promises. Ryan and Kloubachar showed they both have the guts to lead and take a stand. I was happy to see Democrats focus mainly on policy Wednesday night and not on pummeling President Trump, or frankly taking shots at one another. Overall, it was a substantive exchange of ideas among these ten candidates. CLICK HERE TO GET THE FOX NEWS APP Political candidates, for any office, who just pander or repeat talking points do not impress me. I'm pretty sure most Americans are in the same boat. I am just glad there were some 2020 hopefuls on the debate stage in Miami who showed their fellow Americans that Democrats do have solutions and are not all cut from the same coastal elitist cloth. CLICK HERE TO READ MORE FROM CAPRI CAFARO",politics,Fox News,right
Senate committee OKs $4.6 billion humanitarian aid bill for migrant crisis,"A Senate panel gave its approval Wednesday to President Trump's $4.6 billion request for funding to tackle the escalating humanitarian crisis at the southern border -- but only after funding for a wall was pulled to get Democratic approval. The Senate Appropriations Committee approved the bill in a 30-1 vote, sending it to the Senate floor for a vote next week. The bill contains $2.9 billion to care for unaccompanied minors crossing the border and an additional $1.3 billion to care for adult asylum seekers and migrants. The Washington Examiner reports that it also included $1.1 billion for Customs and Border Protection to ""improve conditions at border entry points"" and for ""transportation, medical care and items like clothing, baby formula and other essential items."" It also includes $65 million for new immigration judges and to educate migrants on the legal process. But agreement on the Committee only came after Chairman Richard Shelby, R-Ala., agreed to drop requests for more detention beds and to a provision that blocks money from being diverted to a wall on the border. ""Let's stay with the humanitarian aid,"" Shelby said, describing his pitch to fellow lawmakers. ""Let's keep the poison pills out."" The agreement is in response to the Trump administration's urgent request for more funding amid increasing numbers of migrants flooding across the border, many of them coming as family units and therefore complicating both housing and removals. Trump announced this month that he had secured a deal with Mexico that would see the U.S. expand its policy of returning asylum applicants to Mexico while claims are processed, instead of applicants being released into the U.S. The Democratic-controlled House has not yet released the text of its bill, but Republican sources told Fox News that a number of ""radical"" riders were being attached by Democrats that would nullify immigration law and protect illegal immigrants who sponsor child migrants. Democrats on the committee acknowledged to Fox News that there are ""active discussions about a supplemental appropriations bill to address the humanitarian crisis President Trump has helped create at the border"" but brushed off GOP claims that such proposals would assist child smuggling as ""absurd."" The Associated Press contributed to this report.",politics,Fox News,right
"Cruz calls for 'legal action' against Portland mayor after clash between far-right, antifa protesters","Sen. Ted Cruz (R-Texas), a prominent conservative and member of the Senate Judiciary Committee, wants federal authorities to investigate and prosecute the mayor of Portland, Ore., after Cruz accused him of ordering police to allow attacks against a conservative activist. ""To federal law enforcement: investigate & bring legal action against a Mayor who has, for political reasons, ordered his police officers to let citizens be attacked by domestic terrorists,"" Cruz tweeted early Sunday, referring to Democratic Mayor Ted Wheeler. Wheeler, who is also the police commissioner, has faced criticism after Andy Ngo, a sub-editor and photojournalist for Quillette, a conservative online publication, was reportedly assaulted by antifa protesters, leaving him with scratches and a black eye. Rival demonstrations by far-right and anti-fascist groups turned into violent street clashes in Portland on Saturday, resulting in multiple injuries and arrests. Police reported the demonstrations became violent when some demonstrators starting throwing milkshakes of quick-drying cement and using pepper spray. The Daily Caller, a conservative outlet, published a photo of Ngo spattered with what appeared to be a milkshake and a bruised eye. He was later admitted to the hospital because of what a legal representative described as a ""brain bleed,"" according to the Daily Caller . Cruz retweeted a photo of Ngo and wrote, ""Sickening criminal assault. To mainstream 'journalists': don't cover this up, don't ignore it."" U.S. Ambassador to Germany Richard Grenell also jumped on the story, tweeting , ""Where is Mayor @tedwheeler? Where is the national media?! @MrAndyNgo."" Grenell, who is gay, tweeted , ""This was a pre-meditated attack on someone because intolerant radicals don't like that Andy happens to be gay, Asian and conservative."" Grenell later added that he had asked the Justice Department to investigate, writing, ""I can't just sit by and watch my friend be brutally attacked."" Video showed Ngo being punched and kicked by young men wearing black hooded sweatshirts and face masks. The video didn't show any police in the vicinity. When a police officer showed up, Ngo asked, ""Where the hell were all of you?"" according to a video he took on his phone. Three protesters were later arrested, though police did not say whether the arrests were in connection with assaulting Ngo or for other conduct. Gage Halupowski, 23, was charged with multiple counts of assault, including on a public safety officer; James Stocks, 21, was charged with harassment; and Maria Dehart, 23, was charged with disorderly conduct and harassment, according to Portland police.",crime,The Daily Caller,right
"Rand Paul wants Congress involved in Iran decision, says war would be 'a bigger mistake' than Iraq","Sen. Rand Paul , R-Ky, said a war with Iran would be an even bigger mistake than the war with Iraq, and pushed for Congress to get involved in the process of approval. Paul appeared on "" Your World with Neil Cavuto "" Tuesday and commented on the possibility of President Trump sending additional troops to the Middle East . ""You know, I'm for less troops in the Middle East. I think it's a mistake to keep ramping things up,"" Paul said. ""One of the things I like about President Trump is that he said the Iraq War was a mistake. I think an Iran war would be even a bigger mistake than the Iraq War. We lost over 4,000 soldiers over there. I don't think we need to get involved in another war. RAND PAUL SAYS MAN ARRESTED FOR THREATENING TO KILL HIM AND 'CHOP UP' FAMILY WITH AN AX ""Iran is really not someone that we depend on for oil. The Middle East, in fact, we don't depend on for oil anymore. And so no, I think it'd be a mistake to get involved in another shooting war."" Paul also addressed comments from Sen. Tom Cotton, R-Ark., urging Trump to launch a unilateral attack against Iran in response to the oil tanker incident off the Gulf of Oman. ""Well, that would be inconsistent with the Constitution. The Constitution is very clear that we don't go to war unless it's voted on by Congress,"" Paul said. ""The declaration of war is required to be voted on by Congress. ""Now if a ship is shooting at you, you can return fire. You can defend yourselves. But to go and retaliate and say, 'oh we're going to blow up one of their naval ships or we're going to drop a bomb on Tehran,' ... No, those are completely wrong-headed and unconstitutional ideas."" TOMMY BEHNKE: TRUMP'S TROOP SURGE WON'T CONTAIN IRAN; TRUMP'S DEAL-MAKING WILL The Kentucky Republican also highlighted why Saudi Arabia should be on America's radar and said they're currently locked in an escalating standoff with Iran, that could affect the United States. ""What a lot of people don't get out of this and don't examine this thoughtfully is that Saudi Arabia and the Gulf allies around Saudi Arabia spent eight times more on the military than Iran does. Saudi Arabia is the third biggest purchaser of weapons in the world,"" Paul said. CLICK HERE TO GET THE FOX NEWS APP ""I don't think Saudi Arabia is all of the sudden going to be overrun by Iran if we don't sell more weapons to them, and neither do I think Iran is going to be overrun by Saudi Arabia. I think there's somewhat of a standoff between the two and a counterbalance. ""But I think just continuing to dump arms into this cauldron is fuelling an arms race and particularly nuclear technology. If Saudi Arabia should misuse nuclear technology, Iran will quickly follow ... So if you had three regional powers all within about a couple hundred miles of each other with nuclear weapons, I think that would be the worst disaster any of us could imagine.""",politics,Fox News,right
Trump: Iran 'better be careful' after backing away further from nuclear deal,"President Trump lobbed a strong warning to Iran on Sunday after the rogue nation announced it had ratcheted up its uranium enrichment beyond the limit allowed by the 2015 nuclear deal with world powers. ""Iran better be careful. ‚Äö√Ñ¬∂ Iran is doing a lot of bad things,"" Trump said. ""Iran will never have a nuclear weapon."" Iran has said it was inching its program closer toward weapons-grade levels, while calling for a diplomatic solution to a crisis that has raised tensions with the U.S. ""Iran's latest expansion of its nuclear program will lead to further isolation and sanctions. Nations should restore the longstanding standard of no enrichment for Iran's nuclear program. Iran's regime, armed with nuclear weapons, would pose an even greater danger to the world,"" Secretary of State Mike Pompeo tweeted. Iran's move, coupled with abandoning the deal's limit on its low-enriched uranium stockpile earlier, has intensified pressure as the future of the accord, signed during the Obama administration remains in question. Trump pulled the U.S. out of the deal last year. He added Sunday, ""the Obama agreement... was the most foolish agreement that you will ever find."" Iranian officials said the new level of uranium enrichment would be reached later in the day, but did not provide the percentage they planned to hit. Under the nuclear deal, the cap for enrichment was set at 3.67 percent, a percentage closely monitored by inspectors from the International Atomic Energy Agency, the U.N.'s nuclear watchdog. ""Within hours, the technical tasks will be done and enrichment above 3.67 percent will begin,"" Iran nuclear agency spokesman Behrouz Kamalvandi said. ""We predict that the IAEA measurements early tomorrow morning will show that we have gone beyond 3.67 percent."" While Iran's recent measures could be easily reversed, Europe has struggled to respond, even after getting a 60-day warning that the increase was coming. In a statement, the United Kingdom said: ""Iran has broken the terms of the (Iran deal), following its announcement that it will start uranium enrichment above the 3.67 percent limit agreed in the nuclear deal. While the U.K. remains fully committed to the deal, Iran must immediately stop and reverse all activities inconsistent with its obligations. We are coordinating with other (Iran deal) participants regarding the next steps under the terms of the deal, including a Joint Commission."" CLICK HERE TO GET THE FOX NEWS APP International reaction to Iran's decision came swiftly, with Germany saying it was ""extremely concerned,"" and Israeli Prime Minister Benjamin Netanyahu, a longtime critic of the accord, urging world powers to impose so-called ""snapback sanctions"" on Tehran. The European Union said parties to the deal were discussing a possible emergency meeting after Iran's announcement, with EU spokeswoman Maja Kocijancic saying the bloc was ""extremely concerned"" about the move. Fox News' Rich Edson and The Associated Press contributed to this report.",politics,Fox News,right
Jeanine Pirro is off the air at Fox News,"Jeanine Pirro was off the air at Fox News on Saturday, one week after she was widely denounced for doubting Congresswoman Ilhan Omar's patriotism. Last Saturday night Pirro questioned whether Omar's Islamic religious beliefs stand in opposition to the US Constitution, prompting Fox to say ""we strongly condemn Jeanine Pirro's comments."" The network said at the time that the views Pirro expressed ""do not reflect those of the network and we have addressed the matter with her directly""   but declined to say if she was being sanctioned in any way. Several advertisers subsequently distanced themselves from Pirro's weekly show, called ""Justice."" The show did not appear on this weekend's cable schedule guide. In its place was an unusual repeat of a documentary series. Pirro has not said anything about taking a vacation. She hasn't tweeted since last weekend. All together, the circumstances suggest that she has been suspended by Fox in the wake of her comments. But if she has been suspended, Fox is not saying so. A network spokeswoman said ""we are not commenting on internal scheduling matters."" There is no word on whether Pirro's show will return next week. At the same time, there is no indication that she has been fired from Fox. She is one of the network's highest-rated weekend hosts, well known for her vehement defenses of President Trump and attacks against his perceived enemies. Last week Pirro targeted Omar   one of the few Muslim members of Congress   by noting Omar's religious head-covering called a hijab. ""Think about it: Omar wears a hijab,"" Pirro said. ""Is her adherence to this Islamic doctrine indicative of her adherence to Sharia law, which in itself is antithetical to the United States Constitution?"" Among many other critics, a Fox News staffer pushed back on Pirro's statements. Hufsa Kamal, a producer on Fox's ""Special Report with Bret Baier,"" tweeted : ""@JudgeJeanine can you stop spreading this false narrative that somehow Muslims hate America or women who wear a hijab aren't American enough? You have Muslims working at the same network you do, including myself."" When Fox condemned Pirro, she also issued a statement. She did not apologize. She said she intended to ""ask a question and start a debate."" ""Of course because one is Muslim does not mean you don't support the Constitution,"" she said. ""I invite Rep. Omar to come on my show any time to discuss all of the important issues facing America today."" Omar did not answer that invitation, but she thanked Fox News for rebuking Pirro.",politics,Fox News,right
"Trump defends deal with Mexico to stem migrant flows, prevent tariffs","President Trump on Saturday defended his agreement with Mexico that sees the country take tougher measures on illegal immigration in exchange for the U.S. dropping plans to impose tariffs on imports -promising that Mexico ""will try very hard"" and place as many as 6,000 troops at their southern border. ""Mexico will try very hard, and if they do that, this will be a very successful agreement for both the United States and Mexico!"" Trump tweeted. BORDER ARRESTS SKYROCKET IN MAY, AS OFFICIALS DECLARE 'FULL-BLOWN EMERGENCY' Trump announced late Friday that the U.S. had reached a deal with its southern neighbors that would see planned tariffs on Mexico stopped in return for Mexico taking further action to stop the flow of migrants from Central American to the U.S.-Mexico border. According to a joint declaration issued by the State Department, Mexico will take ""unprecedented steps to increase enforcement to curb irregular migration, to include the deployment of its National Guard throughout Mexico, giving priority to its southern border."" The U.S. will also expand its policy of returning asylum applicants to Mexico while their claims are processed. The U.S. committed to accelerate asylum claims while Mexico said it will ""offer jobs, healthcare and education according to its principles."" The document said that Mexico will also take ""decisive action"" to dismantle smuggling and trafficking operations, while both countries will increase cooperation to protect the border. Trump tweeted on Saturday that the deal includes Mexico sending 6,000 troops to its southern border, saying that currently ""there are few!"" In that tweet, he quoted Brandon Judd, president of the National Border Patrol Council, who praised the deal in glowing terms and called it a ""huge deal"" and a ""game changer."" Trump also said that the U.S. ally had agreed to buy ""large quantities of agricultural product from our great patriot farmers."" For now, the deal ends plans by the Trump administration to slap a 5 percent tariff on all goods coming into the U.S. from Mexico - something that had sparked fears from both Democrats and Republicans in Congress about the possible economic fallout from such a move, with concerns it could kill off an incoming trade deal between the U.S., Mexico and Canada. It also comes amid an escalating border crisis, with U.S. Customs and Border Protection reporting this week that it apprehended or encountered more than 144,000 migrants at the border in May - levels not seen in over a decade. Trump has repeatedly expressed frustration at the crisis and has repeatedly blamed both Congress and Mexico for the migrant surges. Democrats remained skeptical after the agreement was announced, with Senate Minority Leader Chuck Schumer, D-N.Y., tweeting (apparently sarcastically) that ""[n]ow that that problem is solved, I'm sure we won't be hearing any more about it in the future."" 2020 Democratic presidential hopeful Beto O'Rourke, meanwhile, said that ""the damage of Trump's reckless trade policies and tariffs has already been done."" CNN PANEL KNOCKS TRUMP'S MEXICO DEAL, SUGGESTS IT'S A DISTRACTION FROM WEAK US JOB NUMBERS ""What we see is yet another example of him trying to be both the arsonist who created this problem in the first place and the firefighter who wants credit for addressing it,"" he said. Republicans responded with relief, and with praise for the president. CLICK HERE TO GET THE FOX NEWS APP ""I fully supported President Trump's strategy of using tariffs to get Mexico to secure its border and stop the flow of illegal immigration to the United States,"" Sen. Thom Tillis, R-N.C., said in a statement. President Trump proved he wasn't bluffing, and his bold leadership just resulted in a huge win for America's safety and security."" Trump was apparently monitoring media reaction to the agreement, and while he said that the reporting was ""very good,"" he criticized what he described as false reporting from other outlets: ""These 'Fakers are Bad News!"" Fox News Mike Emanuel contributed to this report.",politics,Fox News,right
Killer of 16-year-old New York girl in 1980 released on parole despite outrage,"A New York man convicted of brutally murdering a 16-year-old girl in 1980 was released from prison Monday despite outrage from community members and criticism from the state's former governor. Richard LaBarbera, 66, walked free 38 years after he began serving a sentence of 25 years to life for the second-degree murder of Paula Bohovesky. 'SO HIDEOUS' THAT 16-YEAR-OLD NEW YORK GIRL'S KILLER IS BEING RELEASED, PATAKI SAYS IN PLEA TO CUOMO Bohovesky, an honors student, was walking home from her part-time job at the library on Oct. 28, 1980, in Pearl River, a quiet community some 30 miles north of New York City. Police say she was hit in the head with a concrete block, raped twice, strangled and stabbed five times just a block away from her home by LaBarbera and Robert McCain what the local medical examiner described as the most brutal murder he had ever seen. Both men were given the toughest sentence available at the time and had previously been denied parole every two years since becoming eligible in 2005. However, last month, LaBarbera was granted parole in a hearing with three members of the state's 12-person parole board while McCain, now 58, was denied parole . A non-profit organization ""Petition for Paula"" filed a lawsuit last week in New York Supreme Court along with the victim's mother, Lois Bohovesky , demanding that LaBarbera be given another parole hearing in front of all 12 members and that his scheduled release be delayed because full transcripts of the decisive hearing have not been released. The lawsuit also asked a judge not to allow LaBarbera to go within five counties of Pearl River because the victim's mother still lives there. The Journal News reported Monday that the state initially intended to release LaBarbera in Peekskill, less than an hour from Pearl River. However, attorneys for Lois Bohovesky convinced the state attorney general's office to reassign the parolee to an office in Buffalo and a judge in Albany ordered LaBarbera to stay at least three counties away from his victim's mother. A July 26 hearing has been scheduled to determine whether the restrictions should be made permanent. Last month, hundreds of protestors walked silently in the dark, with candles illuminating the same path Bohovesky walked on that fateful night, hoping to inspire New York Gov. Andrew Cuomo to intervene in the Parole Board's decision. HUNDREDS PROTEST PLAN TO RELEASE 16-YEAR-OLD GIRL'S CONVICTED KILLER Former New York Gov. George Pataki told Fox News last week Cuomo should force the parole board   filled with the governor's appointees   to reconsider its decision to parole LaBarbera. ""The governor can certainly ask the parole board to take another look and to look at the facts, to look at the lack of remorse, and if they did, they would have to see that this man should not be out in the streets,"" Pataki said. ""I have been very careful about not commenting on state government policies since I left office, but this release of this rapist and murderer is so hideous to me, I really feel an obligation to speak out so that first, hopefully, it won't happen, but if it sadly does, that it won't happen again."" All of these pleas were to no avail. Opponents of LaBarbera's release, including Lois Bohovesky, contend he has neither accepted full responsibility nor shown remorse for his crime. CLICK HERE FOR THE FOX NEWS APP ""He [LaBarbera] still hasn't taken responsibility for the murder,"" Bohovesky, 87, told Fox News last month in an exclusive on-camera interview. "" ... I don't think he's sorry. He's never accepted responsibility for it, so how can he be sorry?"" Fox News' Cristina Corbin contributed to this report.",crime,Fox News,right
"Fox's Ed Henry to Kyle Kashuv on past racist, anti-Semitic language: 'What were you thinking?'","Parkland shooting survivor Kyle Kashuv on Monday appeared on Fox News to apologize for racist comments he made while in an online chat when he was 16 years old following screenshots of the racial slurs, including the use of the N-word, that led to Harvard University rescinding Kashuv's acceptance to the school . Fox News national correspondent Ed Henry asked the teenager, ""What were you thinking?"" regarding the past language. ""Well, at that time, it was really a friend group on who can say the most shocking thing, the most extreme thing for the sake of shock value,"" Kashuv said. ""I'm extremely sorry for it and I wish I could take it back but I can't."" The apology came after Kashuv revealed in a Twitter thread that Harvard had rescinded his acceptance to the Ivy League school. In a series of tweets Monday, Kashuv called his remarks, which were made months before the February 2018 mass shooting at the school, ""offensive,"" ""inflammatory"" and ""idiotic,"" while adding that the massacre at Marjory Stoneman Douglas High School had changed him. ""All I can do now is seek to right the wrong. And I know forgiveness isn't given, it's earned. I know that the person who wrote those things is not who I am today,"" Kashuv said in his Fox News appearance. Henry pressed the teenager. ""How do we know that?"" Henry asked. ""You certainly sound heartfelt, but you want to get something - you want to get into Harvard or get into another school. And how do we know that you're not just saying 'Oh, I didn't mean it?' "" Kashuv then mentioned that Harvard was founded by slave owners in the 1600s, to which Henry pushed back. ""You're mentioning that they had slave owners in the 1600s. You using the N-word was, what, a year, a year-and-a-half ago?"" Henry said. ""Two years ago,"" Kashuv replied. ""Two years ago,"" Henry said. ""A little more recent. I go back to my first question: How do we know that you've really changed? What specifically - you went through an awful tragedy in Florida - and have been hailed by some, and you should be, for your poise going through a tragedy that I can't even imagine. But what specifically has changed in you the past two years where you would no longer write the N-word or say the N-word?"" ""It's because I matured tremendously,"" Kashuv replied. ""I no longer am in the friend group where we act immaturely, like idiotic children. It's the fact that I have condemned racism in every opportunity that I can in this public life that I didn't really ask for."" ""I never wanted and never quite frankly wanted to be in the position,"" the 18-year-old said. ""I'm not an entertainer, I'm not an actor. I'm a kid who went through a tragedy who saw the suffering that his community went through and doesn't want to see it for any other community."" According to the Washington Times and HuffPost, classmates had accused Kashuv of repeatedly using the N-word. In a written statement to The Hill, Harvard spokeswoman Rachael Dane said, ""We do not comment publicly on the admissions status of individual applicants.""",legal arguments,Fox News,right
metro council passes controversial budget in 24-1 vote,"LOUISVILLE, Ky. (WHAS11)   Officials with Metro Council have overwhelmingly passed the operating budget by a 24 to 1 vote. The city needs to trim around $25 million to make up for its pension obligations. Councilwoman Madonna Flood was the sole no vote. She says that she could not in conscience vote for it and that it would hurt the most vulnerable people. Councilman Anthony Piagentini released a statement on Twitter saying, ""This budget was done in the right way. The Mayor proposed a budget and Metro Council, the voice of the people, changed it to reflect the will of the people. Overwhelming bipartisan consensus."" Metro Councilmembers also voted 25-0 for its capital budget. That budget helps to improve infrastructure. Mayor Greg Fischer's full statement: ""Metro Council has approved a budget that reflects the difficult realities caused by our increasing state pension obligation. This increasing obligation is not the fault of Metro Council nor my office; however, when faced with the choice to raise revenue to prevent reductions in services to our citizens, Metro Council voted against new revenue. ""This budget is not what a thriving city like ours deserves, and it is not the budget that any of us want. ""Because we already have a lean government, there were no easy decisions. I proposed a balanced budget that prioritized public safety and basic city services, while working to minimize the pain on our most vulnerable citizens. ""Though the Council approved 99.5% of the budget I proposed, and I do appreciate that, I would not be doing my job if I did not share with you my concerns about their changes, including that their choices may deepen inequities in our community. ""While I understand and share the desire to keep our library hours the same   and I love our libraries   Council does that by closing Youth Detention Services, before we can work out a solution with the State to keep our most vulnerable youth near their families and their schools. ""The desire to keep the Middletown library is understandable, but Council has done that with deep cuts to our violence prevention efforts. ""And Council has increased their neighborhood spending accounts by cutting the offices that work to create economic development throughout our city, and the office that makes Metro Government more efficient. ""While I disagree with these choices, my team will move forward, balance the budget and find ways to implement them with the least amount of pain to our residents. My thanks go to Budget Chair Bill Hollander for his leadership throughout this process. ""With our pension costs continuing to increase over the coming years, more cuts will keep coming. I don't like it, but that's reality. I understand that many people do not want to raise taxes, but no one likes service cuts either. We must face the reality that we must have new revenue if we want to continue to pursue greatness for our city. ""I pledge to continue to work with the State and our Metro Council to find new revenue, and to keep fighting to make sure Louisville has the services it needs to be the thriving, compassionate city that we all deserve."" RELATED: Council budget committee unveils changes to mayor's spending plan RELATED: Agencies worry about funding as Metro Council vote on budget Tuesday RELATED: Waterfront expansion continues despite looming budget cuts RELATED: Youth Detention Center control could go to the state ‚Äö√±‚à´Make it easy to keep up-to-date with more stories like this. Download the WHAS11 News app now. For Apple or Android users. Have a news tip? Email assign@whas11.com , visit our Facebook page or Twitter feed .",crime,New York Post,right
Trump congratulates Navy SEAL for acquittal on war crimes charges: 'Glad I could help!',"President Trump on Wednesday praised a Navy SEAL who was acquitted of committing war crimes in the killing of a wounded ISIS captive in Mosul, Iraq. ""Congratulations to Navy Seal Eddie Gallagher, his wonderful wife Andrea, and his entire family,"" Trump tweeted Wednesday. ""You have been through much together. Glad I could help!"" A jury of seven soldiers found Special Operations Chief Edward Gallagher not guilty on Tuesday of charges that included killing unarmed civilians. Gallagher was found guilty of wrongfully posing with the corpse of the 12-year-old ISIS fighter, a charge that carries a maximum prison sentence of four months. Trump's tweet came after a Wednesday interview on ""Fox & Friends"" during which Gallagher thanked Trump, Fox News and two congressmen for their support during his trial. The president had previously considered pardoning Gallagher if he was found guilty. ""They tried to frame me as a criminal from the get-go, but we knew the truth the whole time,"" Gallagher told Fox News. ""We knew I was innocent of these charges the whole time and I overcame it by having my strong wife with me the whole time."" Video by Reuters Two Navy SEALs in Gallagher's unit testified that they saw Gallagher stab the fighter, but one changed his story on the stand by saying he, and not Gallagher, caused the victim's death by suffocating him. Gallagher's attorney said outside court on Tuesday that he would likely go home Wednesday because he has already served time in pretrial detention. Trump demanded in March that Gallagher be set free from a military brig and placed in confinement at a Navy base. The judge presiding over the case released Gallagher from custody altogether in May. In honor of his past service to our Country, Navy Seal #EddieGallagher will soon be moved to less restrictive confinement while he awaits his day in court. Process should move quickly! @foxandfriends @RepRalphNorman   Donald J. Trump (@realDonaldTrump) March 30, 2019 Rep. Duncan Hunter, R-Calif., one of the congressmen Gallagher thanked on Wednesday, previously advocated for pardoning Gallagher and admitted to taking a photo with a dead combatant during his time as a Marine. Gallagher is expected to be sentenced on Wednesday for the charge of posing for a photo with a casualty. Gallagher's lawyer told Fox News that he expects Gallagher to be released Wednesday because he spent more time in pretrial detention than the length of the maximum sentence.",legal arguments,Fox News,right
John Dean on Trump calling him a 'loser' and 'sleazebag': 'I'm honored to be on his enemies list',"Former Nixon White House counsel John Dean said Monday, after testifying before the House Judiciary Committee , that he is ""honored"" to be considered an enemy by President Trump . Dean, a CNN contributor, was asked by anchor Anderson Cooper about Trump attacking him as a ""loser for many years"" and a ""sleazebag attorney."" ""I think he was disbarred and he went to prison. Other than that, he's doing a great job,"" Trump said Monday afternoon. ""Well, I'm honored to be on his enemies list,"" Dean responded. ""I was able to make Nixon's at the end, and so I'm pleased that I'm on Trump's given my feelings about the threat he is to this country."" WATERGATE FIGURE JOHN DEAN FRONT-AND-CENTER AS DEMS PREPARE HEARINGS ON OBSTRUCTION, COLLUSION CLAIMS SENATE REPUBLICANS ENACT PROCEDURAL CHANGE TO SPEED CONFIRMATION OF TRUMP JUDICIAL PICKS Dean said he is ""deeply troubled by the president we're living with"" and it's one of the reasons he decided to speak out in recent years. ""One of the reasons that I did what I did back during Watergate was the thought that this will never happen again. And one of the reasons I've had a knot in my stomach, one of the reasons I'm on CNN is because I'm deeply troubled by the presidency we're living with,"" he said. CLICK TO GET THE FOX NEWS APP Dean was hammered by House Republicans on the Judiciary Committee Monday. At one point, the hearing room broke out into laughter, as Florida Republican Rep. Matt Gaetz grilled Dean for turning Nixon comparisons into a profitable ""cottage industry"" for himself. Dean assisted with the Watergate coverup and pleaded guilty to obstruction before becoming a key prosecution witness. Asked about the blistering ""personal attacks"" from House Republicans, Dean called them ""flamethrowers"" and said he wasn't surprised after watching their questions to Hillary Clinton during the Benghazi hearings.",legal arguments,Fox News,right
Attorney for journalist attacked by Antifa says she plans to 'sue everybody' the law permits,"The attorney for Andy Ngo, a conservative journalist who was attacked by Antifa during a protest in Portland on Saturday, said she plans to hold the city government responsible for his beating . ""I'm going to sue everybody who the facts and the law support being sued,"" attorney Harmeet Dhillon told ""Fox & Friends"" hosts on Tuesday. Ngo, a contributor for Quillette who covers Antifa, was seen on video being punched, kicked and doused with a milkshake during a clash between Antifa and those of the right-wing hate group Proud Boys on Saturday. Several people were arrested throughout the day, but Dhillon said those apprehended attacked police, and the people responsible for the attack on Ngo have not been held responsible. ""That's disturbing,"" Dhillon said. ""Law enforcement is aware of the names of those people, at least some of them."" JOURNALIST VIOLENTLY ATTACKED BY ANTIFA RECALLS 'COMPLETE ANARCHY AND LAWLESSNESS' Police were not seen in the video of Ngo's attack, and Dhillon argued that authorities in the city of Portland were not adequately prepared for what they should have known would be a violent confrontation between the two groups. She explained that although the police chief is responsible for designing a plan and presence, the mayor and other city leaders give specific instructions to law enforcement during such events. ""The situation on the ground in Portland and policing is so bad that the sheriffs of the adjoining counties have refused to send mutual aid to Portland because they don't want their own officers to be attacked,"" Dhillon said. ""Portland has been consistently understaffed these types of incidents, and there have been many incidents,"" she continued. ""They knew they were aware that this was going to happen and they did nothing to prevent it."" PORTLAND MAYOR SHOULD BE INVESTIGATED BY FEDS OVER ANTIFA ATTACK ON CONSERVATIVE WRITER, SEN. CRUZ SAYS The city's mayor and police chief were criticized earlier this week about their handling of the incident and silence afterward. On Monday, Portland Mayor Ted Wheeler issued a series of tweets addressing the situation and condemning the attack on Ngo. ""Over the weekend some chose to engage in violence in Portland, which is unacceptable and will not be tolerated,"" he wrote. ""We will do everything we can to make sure that those who have committed violence are held accountable."" Dhillon, who also represents former Google employees suing the company for discrimination, said the mayor's words are ""empty platitudes."" CLICK HERE FOR THE FOX NEWS APP ""This cannot go on in America, and I do intend to hold the city government and potentially the mayor liable to the fullest extent to the law,"" she said.",legal arguments,Fox News,right
Trump hits polling on Fox News: 'Something weird going on at Fox',"President Trump on Monday dismissed a new poll from Fox News that showed him losing to multiple 2020 Democratic presidential candidates, saying ""something weird"" is happening at the network favored by conservatives. . @FoxNews Polls are always bad for me. They were against Crooked Hillary also. Something weird going on at Fox. Our polls show us leading in all 17 Swing States. For the record, I didn't spend 30 hours with @abcnews , but rather a tiny fraction of that. More Fake News @BretBaier - Donald J. Trump (@realDonaldTrump) June 17, 2019 Fox News on Sunday released a poll that showed Trump trailing five Democratic presidential contenders in hypothetical 2020 match-ups. The survey showed former Vice President Joe Biden leading Trump by 10 points. It also showed Sen. Bernie Sanders (I-Vt.) carrying a 9-point lead in a hypothetical head-to-head match-up. Three other Democratic candidates - Sen. Elizabeth Warren (D-Mass.), Sen. Kamala Harris (D-Calif.) and South Bend, Ind., Mayor Pete Buttigieg - also polled ahead of Trump, albeit within the survey's margin of error. A Quinnipiac University survey released last week also showed Trump trailing a number of Democratic contenders, including Biden by 13 points. Trump has repeatedly downplayed recent polling of his 2020 election prospects in the last week. The president tweeted earlier Monday that ""only fake polls"" showed him behind 2020 Democrats, referring to them as a ""Motley Crew."" ""We are looking really good, but it is far too early to be focused on that,"" he said. ""Much work to do! MAKE AMERICA GREAT AGAIN!"" The new comments from Trump came just a day after news surfaced that his campaign had cut ties with some of its pollsters following a leak of internal surveys that showed Trump trailing Biden in multiple key states. Trump is known to have a cordial relationship with many Fox News personalities and has appeared on the network more than any other. But he has increasingly criticized it over its campaign coverage, particularly when it chooses to cover 2020 Democrats. He said in May that Fox News host Chris Wallace was ""wasting airtime"" by hosting a town hall with Buttigieg. ""Fox is moving more and more to the losing (wrong) side in covering the Dems,"" he said, adding, ""They forgot the people who got them there.""",politics,Fox News,right
Fox News's Shep Smith calls out Trump joking with Putin: Russian treatment of journalists 'not exactly the same',"Fox News host Shepard Smith on Friday called out President Trump after he shared a joke with Russian President Vladimir Putin in which they expressed their frustration with journalists. Trump took aim at the press while journalists were ushered out of the room ahead of his bilateral meeting with Putin at the Group of 20 (G-20) summit in Japan, telling the Russian leader: ""Get rid of them. Fake news is a great term, isn't it? You don't have this problem in Russia, but we do."" ""Yes, we have too. The same,"" Putin responded in English. Smith played the clip on his show before commenting on the exchange. ""Not exactly the same,"" he clarified, ""because the Russian president has a history of ordering the murders of journalists, as well as his political rivals."" ""And they joked about journalists there,"" Smith added. Trump also bonded with Putin over a scorn for journalists. ""Get rid of them. Fake news is a great term, isn't it? You don't have this problem in Russia, but we do."" ""We also have,"" Putin answered, in English. ""It's the same."" They shared a chuckle. pic.twitter.com/atGGYxnwfc - Jennifer Jacobs (@JenniferJJacobs) June 28, 2019 While Trump regularly deems reporting he doesn't like ""fake news"" and calls the press the ""enemy of the people,"" numerous Russian journalists and critics of Putin have wound up dead over the years. Russia ranks near the bottom among all nations worldwide in terms of press freedom, according to the World Press Freedom Index . As journalists shouted questions at Trump during the sit-down with Putin on Friday, asking if the president would tell Russia not to meddle in U.S. elections, Trump offered a deadpan response . ""Yes, of course, I will. Don't meddle in the election, please. Don't meddle in the election,"" Trump said, pointing to Putin and sporting a grin. Smith opened the segment on his show by noting that over the course of his nearly two-year investigation former special counsel Robert Mueller found that Russia launched a sweeping campaign to interfere in the 2016 U.S. presidential election. The Fox host noted that Trump was also slated to meet with Saudi Crown Prince Mohammed bin Salman at the G-20 summit following a United Nations report that recommended an investigation into the crown prince over the killing of U.S.-based journalist Jamal Khashoggi last year.",politics,Fox News,right
man says he killed black teen for listening to rap music. activists want #justiceforelijah,"PHOENIX - A man arrested on suspicion of killing a 17-year-old boy in an Arizona convenience store last week says that he killed the teenager, who did not say or do anything to threaten him, because he was listening to rap music, police said. The suspect, Michael Paul Adams, 27, admitted stabbing the teenager at 1:42 a.m. Thursday after he heard him playing rap music in his vehicle in a parking lot at a Circle K in Peoria, Arizona, according to police records filed in Arizona Superior Court. Adams had just been released from the Arizona State Prison Complex in Yuma on Tuesday, according to the Arizona Department of Corrections. Adams told police rap music makes him feel ""unsafe"" because he had been attacked by people who listen to rap music in the past, records say. He also said people who listen to rap music are a threat to him and the community. The suspect said he felt threatened by the music   not the teen himself   so he needed to be ""proactive rather than reactive,"" police records said. Surveillance footage shows the teen walking into the convenience store and Adams walking in a few seconds later. Adams walked around the store before lunging at the teen, according to records. Adams used his pocketknife to stab the teen in the back and slit his throat. The teen ran out of the store before collapsing underneath the gas pump canopy, where police began CPR. He was taken to a hospital, but died at 2:05 a.m., records say.. Adams was arrested on 67th Avenue near the Circle K, where he told an officer he was involved in the stabbing after being found with blood on his body and clothes. Adams was booked into a Maricopa County jail on suspicion of first-degree premeditated murder and is being held on a $1 million bond. He is scheduled for a preliminary hearing July 15. Adams' criminal history includes theft, shoplifting, marijuana violation, disorderly conduct, assault with a weapon and aggravated assault of a correctional employee, according to Maricopa County Superior Court records. Jacie Cotterell, Adams' lawyer, questioned his ability to access mental health services after he was released from prison. She said that he was ""set up for failure."" Adams needed to see a mental health counselor but he was not given a way to access those resources, Cotterell said. ""To be specific, he was given resources, he wasn't given means to get to those resources,"" she said. She said Adams' family did not know where he was after his release. ""He was on the street,"" she said. Bill Lamoreaux, a spokesman with the Arizona Department of Corrections, said in a written statement that Adams ""was not designated seriously mentally ill."" He said Adams was provided contacts for community services such as continuing care, housing and welfare. Adams was provided transportation to Maricopa County from the Yuma prison. From there, ""he was no longer under the Department's legal jurisdiction and the Department had no further legal authority over him,"" according to the statement from Lamoreaux. Lamoreaux said Adams will face justice in court. ""The tragic death is terrible, and Mr. Adams will have to answer for his alleged actions,"" he said in the statement. Follow Aubrey Carpenter on Twitter at @ aubreycarp1 . This article originally appeared on Arizona Republic: Man says he killed black teen for listening to rap music. Activists want #JusticeforElijah",crime,Fox News,right
GOP lawmaker suggests Colin Kaepernick move to a different country,"Rep. Mo Brooks, an Alabama Republican, suggested former NFL quarterback Colin Kaepernick should consider moving to another country if he is unhappy with the United States. When asked to weigh in on the controversy over Nike sneakers with a Revolutionary War-era flag, Brooks told SiriusXM Patriot's Breitbart News Tonight that Kaepernick ""ought to consider moving to a country where he believes the laws are better for his purposes."" Kaepernick, who is well known for his political activism, made headlines last week when he complained to Nike, who sponsors him, about their ""Air Max 1 Quick Strike Fourth of July"" trainer because it featured an image of the Betsy Ross version of the American flag. He told the company it shouldn't sell a shoe with a symbol that he and others consider offensive because the flag marked an era when slavery existed in the United States, according to the Wall Street Journal . After the company shipped the shoes to retailers, Nike asked for them to be returned. In a statement, Nike spokeswoman Sandra Carreon-John said, ""NIKE made the decision to halt distribution of the Air Max 1 Quick Strike Fourth of July based on concerns that it could unintentionally offend and detract from the nation's patriotic holiday."" The Betsy Ross American flag is the nickname for the design of 13 stars that represents the 13 colonies arranged in a circle. It has been used periodically by some white supremacist groups such as the Ku Klux Klan, but it does not appear in the Anti-Defamation League's database of hate symbols and is widely seen as a patriotic flag that even appeared at former President Barack Obama's second inauguration. Brooks said there are some ""very radical people in the United States of America who don't like America."" ""They don't like the foundational principles that have made us a great nation, and I would put Mr. Kaepernick in that category ... In my mind, perhaps he ought to consider moving to a country where he believes the laws are better for his purposes,"" he continued. ""I doubt he will do that because in this country we've had over a million Americans die fighting for our liberties. All of these things that we enjoy he seems to frown upon, and so I just assume he'd leave.""",politics,Breitbart News,right
"Missing Utah girl's uncle linked to disappearance by evidence, been 'quite deceitful,' police say","The uncle of a missing 5-year-old girl in Utah has been linked to her disappearance by evidence recovered at several scenes, authorities revealed Monday. They also said the main suspect in the case has been uncooperative with investigators. Logan Police Capt. Tyson Budge said at a news conference that 21-year-old Alex Whipple came to the home of Elizabeth ""Lizzy"" Shelley on Friday night unexpectedly around 9 p.m., her family saw her sleeping about 2 am and the two were gone by the time the family woke up at 9 a.m. on Saturday. Budge said that not long into their investigation, officers were able to locate several evidentiary items not too far from the residence, but did not disclose specifics on what investigators found. ""These items have been forensically tested and they do link Mr. Whipple to our missing child, Elizabeth,"" he said. ""They also have evidence that link them to the residence that they were in and also links them together outside the home."" UTAH POLICE HUNT FOR MISSING 5-YEAR-OLD GIRL; UNCLE NAMED 'MAIN SUSPECT' Whipple was located around 3 p.m. on Saturday in a rural area that is about a 15-minute drive from Logan, and was on foot when authorities found him with drug paraphernalia, according to Budge. The 21-year-old was booked into jail on an active warrant after he absconded from probation and during an interview with police made statements that authorities were ""able to verify as untrue very quickly,"" Budge said. ""Everything he has done has been quite deceitful and we have no reason to believe anything he told us was accurate,"" he told reporters. Budge added that authorities have executed search warrants on the home in question and several nearby areas. Ryan Liljenquist, who works at a convenience store, told FOX13 he saw Whipple on Saturday afternoon around 1:30 p.m. as he came in to buy cigarettes and beer, alone. ""Disheveled, like he had been on a binge of some kind,"" Liljenquist told the television station. ""He was wearing a gray hoodie. Underneath that hoodie, was a kind of a suit and tie, something really weird."" HAWAII WOMAN FOUND ALIVE AFTER MISSING FOR 2 WEEKS SAYS TIME IN FOREST WAS 'TOUGHEST,' BUT 'I CHOSE LIFE' The Logan Police Department said in a Facebook post on Monday they are still searching for the girl, but don't need any more civilian volunteers. ""We have over 200 law enforcement officers from a dozen agencies including local, State and Federal officers. We hope you can appreciate the sensitive nature of what is occurring. Please be patient,"" police said . ""We understand the frustration and the many willing persons who want to help with this search. As soon as we have that need we will reach out."" CLICK HERE FOR THE FOX NEWS APP Jill Parker, a spokesperson for the family, said Monday that they still ""hope for a safe return from our sweet girl Lizzy."" ""As a family we are overwhelmed, scared, and sad of the recent tragic events that have touched our lives,"" Parker said in a statement from the family. ""We are grateful for all of those who continue to search and help. We would like to thank law enforcement, volunteers, and all other agencies and businesses for their tireless efforts in helping us find our daughter."" Authorities are still asking anyone in the neighboring communities who may have seen Whipple on Friday or Saturday to contact police. Anyone with information is asked to call police at 435-753-7555. Fox News' Talia Kaplan and the Associated Press contributed to this report.",crime,Fox News,right
"NY woman, 53, died on vacation in Dominican Republic; son demands answers","A New York woman, 53, is the latest American tourist to die in the Dominican Republic , long one of the top Caribbean destinations for U.S. travelers. Leyla Cox of New Brighton went on vacation June 5 and was expected to return on June 12, as The Staten Island Advance reported. Cox, who had traveled alone before, was found dead of a heart attack in her hotel room, according to the news outlet. ""We can confirm the death of U.S. citizen Leyla Cox in the Dominican Republic on June 11. Out of respect for family members and loved ones we cannot comment further,"" a State Department official confirmed to Fox News. So far, at least six American tourists have died under oddly similar circumstances -- four this year, two last year -- in the Dominican Republic, a rash of deaths of seemingly healthy people. ""I am overwhelmed and confused and in shock,"" William, 25, her only child, said. ""With everything going on in the news right now, we think she's a casualty of what's been happening."" His mom's coworker posted a tribute on Facebook. Peggy McGinley Reilly wrote: ""She turned 53 on Saturday. I want the world to know, that another US Citizen passed away in this vacation destination, that as far as I know is not being held accountable for the past transgressions. Hopefully this will be investigated."" On Wednesday, Dominican tourism officials said they wanted to reassure U.S. tourists that U.S. federal agents and health specialists have been taking an active role investigating the deaths. Slideshow by INSIDER The Tourism Ministry said it wanted to ""extend its sincerest condolences to the families and friends of those affected in the tragic events that have been reported over the last few weeks in the country."" The FBI was conducting deeper analyses of toxicological results, warning that conclusions may take up to a month and urging ""patience during this process."" Leyla's son said his family didn't have the money to figure out any mysteries over his mother's death. CLICK HERE TO GET THE FOX NEWS APP ""They've put me against a wall where I don't have a choice,"" he said. ""Our own toxicology report would cost copious amounts of money."" He added, ""I have to get her ashes back."" Fox News' Elizabeth Llorente contributed to this report.",health,Fox News,right
Cruz adds 'context' after Kaepernick quotes from Frederick Douglass 'Fourth of July' speech,"Sen. Ted Cruz responded Thursday night after former NFL quarterback Colin Kaepernick posted a passage earlier on the Fourth of July from a famous speech by Civil War-era abolitionist Frederick Douglass. The passage Kaepernick cites is from Douglass' speech, ""What to the Slave is the Fourth of July?"" Douglass delivered the speech at a meeting of the Rochester Ladies' Anti-Slavery Society in Rochester, N.Y. , on July 5, 1852   nearly nine years before the Civil War began. MCCONNELL THROWS SHADE AT NIKE WITH 'BETSY ROSS' FLAG TWEET Kaepernick posted the following portion, without adding any comments: ""What have I, or those I represent, to do with your national independence? This Fourth of July is yours, not mine ... There is not a nation on the earth guilty of practices more shocking and bloody than are the people of these United States at this very hour."" But the former San Francisco 49ers signal-caller includes a video montage of a longer version of the speech, accompanied by drawings depicting American slaves and photos from the Civil War era. Interspersed are videos from recent years, showing police using force against people of color. ""You quote a mighty and historic speech by the great abolitionist Frederick Douglass,"" Sen. Cruz writes in response, ""but, without context, many modern readers will misunderstand."" Cruz goes on to acknowledge that slavery was an ""abomination"" in the U.S. but was eliminated through the efforts of Douglass and ""so many other heroes."" Related video by FOX News The senator then asserts that Douglass ""was not anti-American; he was, rightly and passionately, anti-slavery."" As evidence, Cruz quotes another portion of the same Douglass speech: ""Allow me to say, in conclusion, notwithstanding the dark picture I have this day presented, of the state of the nation, I do not despair of this country. ""There are forces in operation, which must inevitably, work the downfall of slavery. 'The arm of the Lord is not shortened,' and the doom of slavery is certain. ""I, therefore, leave off where I began, with hope. While drawing encouragement from 'the Declaration of Independence,' the great principles it contains, and the genius of American Institutions, my spirit is also cheered by the obvious tendencies of the age."" After quoting Douglass, Cruz then writes: ""Let me encourage everyone, READ THE ENTIRE SPEECH; it is powerful, inspirational, and historically important in bending the arc of history towards justice."" The senator then includes a link to the full text of the Douglass speech. Kaepernick has gained notoriety in recent years for drawing attention to the issue of police use of force against African-Americans and other minorities. It began with his kneeling protests during the playing of the national anthem before NFL games and continued in other ways after he left the league. Earlier this year, Kaepernick reached a settlement with the NFL after being unable to get a job with another team since leaving the 49ers. This week, the former quarterback made headlines for opposing the so-called Betsy Ross flag added to a new design of Nike sneakers, viewing the flag as a reminder of slavery. CLICK HERE TO GET THE FOX NEWS APP The apparel company agreed to halt sales of the sneaker after Kaepernick's complaint, ""based on concerns that it could unintentionally offend"" people. Kaepernick has been an endorser of Nike products . Others have argued that the 13-starred Betsy Ross flag is symbolic of America's fight for independence from Britain, and is separate from the slavery issue. Cruz was one of several top Republicans to oppose Nike's decision to end sales of the sneakers.",politics,FOX News,right
Gabbard was most searched Democratic candidate after debate despite getting third-lowest speaking time,"Rep. Tulsi Gabbard , a relative unknown mired at the bottom of the crowded Democratic 2020 presidential field, was the most searched candidate on Google by the time Wednesday's debate ended, making the Hawaii lawmaker and military veteran one of the night's biggest winners. Google Trends data show that prior to the debate, Gabbard was the most searched only in her home state, while Sen. Elizabeth Warren, D-Mass., dominated the country's Internet browsers. That changed when the debate was over, with Gabbard being the most searched candidate on Google in most states, with Sen. Cory Booker, D-N.J., a distant second. TULSI GABBARD'S SISTER CALLS OUT MSNBC FOR FAVORING ELIZABETH WARREN IN THE DEBATE Gabbard, an Army National Guard veteran who served in Iraq, grabbed the attention of the viewers every time she spoke about foreign policy and the military. During the debate, she called for scaling back U.S. military presence abroad and said ""this president and his chicken hawk cabinet have led us to the brink of war with Iran."" Slideshow by Tribune News Service Gabbard's military experience gave her authority in a harsh exchange with Ohio Rep. Tim Ryan, who said the U.S. must maintain forces in Afghanistan to ensure the Taliban is kept in check. ""When we weren't in there, they started flying planes into our buildings,"" Ryan said. *""The Taliban didn't attack us on 9/11, Al Qaeda attacked us on 9/11,"" Gabbard replied. The data show that the moment that generated the most search traffic for Gabbard was when she was making her closing argument. MEGHAN MCCAIN CALLS TULSI GABBARD 'THE MOST COMPOSED AND AUTHENTIC' IN FIRST DEM DEBATE The Hawaii congresswoman's performance at the debate was praised by even some unlikely media figures, including Meghan McCain, a co-host of ""The View,"" who said she was the most ""composed and authentic."" ""Tulsi and I literally couldn't disagree on more (and she fundraised off of my name for calling her out on her relationship with Assad) BUT so far she's coming across the most composed and authentic,"" McCain wrote. Gabbard's success came despite receiving the third-lowest amount of speaking time with just 6.6 minutes, according to the Washington Post. Warren got the third-highest amount of speaking time with 9.3 minutes, outpaced by Booker with 10.9 minutes and former Rep. Beto O'Rourke with 10.3 minutes. Gabbard's sister, Vrindavan Gabbard, tweeted mid-debate about the discrepancy, slamming MSNBC for favoring Warren. CLICK HERE TO GET THE FOX NEWS APP ""It's clear who MSNBC wants to be president: Elizabeth Warren. They're giving her more time than all the other candidates combined. They aren't giving any time to Tulsi at all,"" the sister tweeted from the official Gabbard account.",politics,Fox News,right
"Trump says any war with Iran 'would not last very long,' but he still hopes for no conflict","President Trump says ""I hope we don't"" have a war with Iran but it ""would not last very long."" In an interview on Fox Business, Trump also says ""I decided not to kill a lot of Iranians,"" referring to his decision to call off military strikes on Iran after it shot down a U.S. military surveillance drone last week. On Tuesday, Trump warned that any Iranian attack on Americans would be met with ""great and overwhelming force"" and ""obliteration."" President Donald Trump said Wednesday ""I hope we don't"" have a war with Iran, but it ""would not last very long."" In an interview with Fox Business Network, Trump also explained his decision to call off military strikes on Iran in retaliation for its downing of a U.S military surveillance drone last week. ""I decided not to kill a lot of Iranians,"" said. ""I like Iranians."" Asked about the possibility of war with Iran. Trump said: ""I can tell you that, it would not last very long."" ""We're in a very strong position,"" he added. Trump suggested that he would not deploy U.S. troops to fight Iran if there were a conflict. ""I'm not talking boots on the ground,"" he said. Trump on Tuesday warned on Twitter that any Iranian attack on Americans would be met with ""great and overwhelming force"" and ""obliteration."" ""Iran leadership doesn't understand the words 'nice' or 'compassion,' they never have,"" Trump wrote. ""Sadly, the thing they do understand is Strength and Power, and the USA is by far the most powerful Military Force in the world, with 1.5 Trillion Dollars invested over the last two years alone."" Trump told reporters in the Oval Office on Tuesday that he does not need an ""exit strategy"" on the dispute with Iran. ""We would love to be able to negotiate a deal if they want to. If they don't want to, that's fine, too,"" Trump said. Iranian President Hassan Rouhani on Tuesday called new sanctions slapped on the Islamic Republic by Trump ""outrageous and idiotic"" and said the White House was suffering from a ""mental illness.""",politics,Fox Business,right
"Fox News host Tucker Carlson says Kim Jong Un's atrocities in North Korea are part of the job, as ruling a country 'means killing people'","Fox News host Tucker Carlson on Sunday defended Trump's decision to meet with North Korean leader Kim Jong Un, who rules over a country with one of the worst human rights records on earth. Carlson remarked in a call-in with Fox and Friends: ""You know, you've got to be honest about what it means to lead a country, it means killing people."" In an historic meeting Sunday, Trump became the first serving US president to step foot in North Korea. Carlson accompanied Trump on his trip to the Demilitarized Zone. Visit Business Insider's homepage for more stories . Fox News host Tucker Carlson in an interview Sunday defended President Trump's decision to meet North Korean dictator Kim Jong Un, who has been accused of ordering the killing of political rivals and rules a country with one of the worst human rights records on earth. ""You know, you've got to be honest about what it means to lead a country, it means killing people,"" remarked Carlson, in a phone-in with Fox and Friends Sunday morning. Carlson, one of the most vocal media allies of the president, accompanied Trump to the Demilitarized Zone separating North Korea and South Korea, the venue of Trump and Kim's historic meeting on Sunday In the interview, Carlson shrugged off killing as part of the job for a political leader. ""There's no defending the North Korean regime, it's the last real Stalinist regime in the world,"" Carlson said. ""It's a disgusting place obviously, so there's no defending it."" ""On the other hand, you know, you've got to be honest about what it means to lead a country, it means killing people. ""Not on the scale the North Koreans do, but a lot of countries commit atrocities, including a number that we're closely allied with,"" Carlson added. ""I'm not a relativist or anything but it's important to be honest about that."" Read more: Tucker Carlson says immigrants have 'plundered' the US and want to steal Americans' wealth In recent weeks, Carlson has predominated in a battle for influence over the president. He reportedly played an important role in helping to persuade the president not to engage in a direct military conflict with Iran.",politics,Fox News,right
donald trump's criminal justice reform shows results,"Most people are not aware of the First Step Act, signed into law by President Trump in December of 2018. It is a major achievement in improving the criminal justice system, long overdue. This law seeks to incentivize prison inmates to participate in training programs targeted at increasing opportunities once released. Participation can earn as many as 47 days per year knocked off their sentences. Inmates also earn lighter sentences while ensuring, after release, they will become a productive member of society. We all want to see criminals pay their debts for committing crimes, particularly violent felonies. No argument there. But imposing extreme sentences on people who will spend 20 to 50 years behind bars does nothing to rehabilitate. Rather, it further reduces opportunities for ex-inmates to become productive citizens. Some want to see criminals enter prison for decades. But we forget that most of those inmates will be coming out one day, with nothing but the clothes on their backs. Not everyone has family members or friends. Not all have support systems. Many are released without any source of income. Ricky L. was a 31-year-old armed robber who had spent nearly 90% of his adult years in prison. He had no friends or family. No money, no transportation. When he applied for jobs, he was rejected because of his felony record. Finally, he resorted to committing a series of crimes in hopes of getting caught. Still free, he checked himself into a hospital and confessed to doctors. Ricky wanted to go ""home."" He didn't know how to be free. He died in prison. The president deserves kudos for his latest efforts in tackling long overdue needs of the criminal justice system in America. At a White House event this month, President Trump was joined by Tennessee Gov. Bill Lee and justice reform advocate and TV star Kim Kardashian West, who was a key figure in obtaining the release of Matthew Charles from a Tennessee prison. Charles spent two decades incarcerated for selling crack cocaine. Legislators and judges are certainly concerned about getting elected, or re-elected. A death knell against winning at the polls is to appear ""soft on crime,"" generally measured in sentencing practices. That, in turn, results in many years behind bars accomplishing nothing. Judges are subject to following rules. Sentences for many felonies are spelled out in minimum mandatory guidelines from which judges cannot ignore. The First Step Act helps judges circumvent minimum mandatories, in appropriate situations. Too often, an 18-year-old makes a mistake for which he will pay until he's 90 years old. Charles was the first person to be released under the First Step Act. According to the National Review, another 1,151 crack cocaine sentences have been reduced. With Trump by her side, Kardashian West announced that she has also been working on a ride sharing program to help former inmates get transportation to jobs and/or interviews. I have often written about the extreme and morally damaging sentencing practices of the modern era. Our prison system is supposed to be a source of rehabilitation, when in fact, it is little more than a system for warehousing human beings. Yes, we want bad people punished. Their victims deserve that. But we also must deal with the final outcome at the end of that tunnel. Overall, warehousing is a costly endeavor. According to the Vera Institute of Justice, taxpayers spend an average of $31,000 per year, per inmate. California's average is $60,000. That does not take into account the population of aging inmates, where costs run much higher. The prison population has now soared to roughly 131,000 inmates over age 55. That's a lot of medical expenses. America houses approximately 2.3 million people in jails and prisons. Prison rates in the U.S. are the world's highest at 724 per 100,000. Russia is second, at 581 per 100,000. We need to do better. The First Step Act is a great start. Marshall Frank is a retired police captain from Miami-Dade County, author and frequent contributor. Visit marshallfrank.com. This article originally appeared on Florida Today: Donald Trump's criminal justice reform shows results",politics,National Review,right
'Fox & Friends' host on detained children: 'These aren't our kids',"Fox & Friends co-host Brian Kilmeade on Friday defended President Trump's ""zero tolerance"" approach to migrants that illegally cross the U.S.-Mexico border, saying ""these aren't our kids"" being detained separately while their parents face legal prosecution. ""Like it or not, these are not our kids,"" he said. ""Show them compassion, but it's not like he's doing this to the people of Idaho or Texas. These are people from another country."" Kilmeade argued that people are treating migrant children as if they are more important than ""people in our country who pay taxes and have needs as well."" His fellow host, Ainsley Earhardt, responded by saying that Trump ""just wants to make sure we vet who's coming across the border, in case it's MS-13 or drugs."" ""It wasn't President Trump's idea to have everyone leave from Central and South America in June,"" Kilmeade said. ""Somebody has to deal with this issue. It doesn't matter who the president is. If you don't like his policy, he's also open to your policy, rather than just criticizing his. He's trying to send a message to the other countries, 'this is not the way you do it,' because this is a country that has rules and laws. We just can't let everybody in that wants to be here."" The comments came the same week that Trump signed an executive order to end an immigration policy that resulted in thousands of families being separated at the U.S.-Mexico border. It remains unclear how or when parents and families that were already separated will be reunited. Trump initially defended his policy, but faced increasing pressure from both Republican and Democratic lawmakers to change it. Rep. Adam Schiff (D-Calif.) said on Twitter on Thursday that Homeland Security Secretary Kirstjen Nielsen privately told lawmakers that the Trump administration's family separation practice could resume despite the president signing an order to end the practice. Trump insisted this week that Congress must enact broad immigration reform that includes increased border security. The House intends to vote on a compromise immigration bill next week, and has already rejected a hardline immigration bill.",politics,Fox News,right
'It's a fascist statement': Trump swipes back at Pelosi over charges of criminal conduct,"Video by FOX News P resident Trump hit back at Speaker of the House Nancy Pelosi, calling her statement fascist after she said he was involved in a ""criminal cover-up."" ""It's a fascist statement, it's a disgraceful statement,"" Trump said Friday in an interview on ""Fox & Friends."" ""For her to make a statement like that, it's outrageous."" Trump's comments were in response to Pelosi saying the president is involved in a criminal cover-up. ""I believe that he has been involved in a criminal cover-up. I've said that before, and our investigation is showing that,"" the California Democrat said at a Thursday press conference. Trump continued his criticism of Pelosi in the interview, saying that the Democrats were involved in criminal behavior. ""Her party got caught spying, if you look at what happened, Hillary Clinton with the money that ultimately went to Russia for the fake dossier that total fake pile of stuff. That money gets paid   by the way the amount of money that was paid and it was paid by Hillary Clinton and the DNC and went to Russia. That's the criminal, and when you look at what happened in terms of the campaign, when you look at what happened in terms of the spying, she never mentions that."" ""[S]he's allowing drug dealers and gang members into our country, maybe that's criminal when you talk about it,"" Trump added. Since the April conclusion of special counsel Robert Mueller's investigation, which found Trump's 2016 election campaign did not conspire with the Russian government, top Democrats have claimed the president is engaged in a cover-up after Trump stonewalled requests for information and witness cooperation in connection with congressional investigations. ""The big issue that I think needs to be made to the American people is that this president is conducting one of the biggest cover-ups of any administration in the history of the United States,"" House Majority Leader Steny Hoyer said in May in response to the Trump administration refusing to comply with congressional investigations. Trump has said he will be ""fighting all subpoenas"" from House Democrats.",politics,FOX News,right
Harlem fire victims' relatives sue NYC for $2.2 billion,"Mourning relatives of a family that was killed in a Harlem apartment fire on May 8 are planning to sue New York City for a whopping $2.2 billion, according to reports. New York Post spoke with the family's lawyer, Evan Oshan, who is representing the only surviving daughter of the fire. ""It's hard to put a dollar value on the loss of human life, but the $2.2 billion, we feel, is appropriate in light of the current situation,"" Oshan told the paper. While the figure may seem high, Oshan said it's reasonable consider that $2.2 billion is the same amount Mayor Bill de Blasio's administration agreed to pay to settle a probe into the health and safety conditions of New York City's housing projects. The NY Post also claimed that in addition to the $2.2 billion, Raven Reyes the surviving daughter of victim Andrea Pollidore, who was the 45-year-old matriarch of the family, is seeking an additional $18 million for emotional damages. Reyes filed a wrongful death claim on May 14. But she isn't the only one seeking damages. Natelle Pollidore, Andrea Pollidore's sister, wants compensation from her sister's estate for $ $37,773 to cover funeral costs, the Post reported. FDNY said the blaze was caused by an unattended stove which was not detected, as Andrea Pollidore is believed to have removed the apartment's smoke alarm. The fire trapped her and her children in two rooms in the apartment. The other victims have been identified as Pollidore's stepson Matt Abdularaph, 33, Nakaira Pollidore, 11, Andre Pollidore, 8, Brooklyn Pollidore, 6, and Elijah Pollidore, 3. Another surviving family member, Pollidore's 30-year-old son, Hakeem told the Post that, ""There are still a lot of red flags and questions we haven't had answered yet."" And additionally said, ""We just want answers. That's what we need.""",legal arguments,New York Post,right
"Week after debate, Biden and Harris campaigns engage in nasty Twitter feud over school busing","High-level campaign staffers for Joe Biden and Kamala Harris engaged in a fiery exchange on Twitter on Wednesday over the candidates' positions on school busing. The war of words followed the candidates' fiery exchange during last Thursday night's Democratic primary debate in Miami, when Harris challenged Biden over the issue. The face-off produced Harris' ""That little girl was me"" remark that got wide media attention. However, Harris' stance on busing isn't rock-solid, at least according to what she told reporters on Wednesday at a Democratic picnic in West Des Moines, Iowa. KAMALA HARRIS RIPS TRUMP: 'WE HAVE A PREDATOR LIVING IN THE WHITE HOUSE' ""I think of busing as being in the toolbox of what is available and what can be used for the goal of desegregating America's schools,"" Harris said, but when pressed on whether she believes in federally mandated busing, she responded, ""I believe that any tool that is in the toolbox should be considered by a school district."" That received a sharp response from Kate Bedingfield, Biden's deputy campaign manager and communications director. ""It's disappointing that Senator Harris chose to distort Vice President Biden's position on busing,"" Bedingfield tweeted, ""particularly now that she is tying herself in knots trying not to answer the very question she posed to him!"" That drew a reaction from Harris press secretary Ian Sams, who shot back by quoting Biden when he previously denounced busing. ""VP Biden said: 'Who the hell do we think we are that the only way a black man or woman can learn is if they rub shoulders with my white child?' He called busing an 'asinine concept.' C'mon. Y'all are better than this."" Then Bedingfield answered back: ""If we're cherry-picking quotes on Twitter, what about this one from this January? Sen. Harris: 'I think there are many people who would make a good president... I'm very fond of Joe Biden, so you're not gonna hear me criticize Joe Biden. I think he's a great guy.'"" CLICK HERE TO GET THE FOX NEWS APP ""She does think he's a good guy. So do I,"" Sams responded . ""That's why a simple 'working with segregationists to stop busing 40 years ago was wrong, and I shouldn't have done it' would be welcome."" Harris has seen a major surge in the polls since her widely praised performance at last week's Democratic debate . The U.S. senator from California has jumped into third place among the two-dozen candidates seeking the Democratic Party nod in the average of polls, according to Real Clear Politics. Several polls now put her close to Biden.",politics,Fox News,right
"Cal Thomas: Censoring the census citizenship question is about politics, not the law","Editor's note: The opinions in this article are the author's, as published by our content partner, and do not represent the views of MSN or Microsoft. The notion of history repeating itself is usually viewed as a negative statement, but some history is worth repeating because we might learn and be guided by it. In last week's 5-4 ruling by the Supreme Court rejecting the Trump administration's claim that adding a question about whether a person is a U.S. citizen was for the purpose of helping to enforce the Voting Rights Act, Chief Justice John Roberts left the door open for the administration to come up with a more compelling reason. Whether this can be done in time for the 2020 Census is doubtful without an extension for document printing. The Court is on summer recess and won't re-visit the issue, if at all, until its next session. A look at history should provide reason enough to make a citizenship question part of the 2020 Census. The ultimate irony is that people employed to ask the questions must be U.S. citizens, or legal residents. Since 1820, a question about U.S. citizenship has been on census forms with few exceptions. It was left off in 1960 and 2010. Proof of citizenship is required when applying for most jobs in the country. When I travel internationally and return home, there are two lines at Immigration and Customs. One is for noncitizens and the other for citizens. A form requires me to state my citizenship and show my U.S. passport. To apply for a U.S. passport I must provide proof of citizenship. In other countries, a stamp on my passport not only limits the amount of time I am allowed to stay, but also prohibits me from employment. In the UK, I can't use the National Health Service because I am not a citizen. Other nations have a right to pass and enforce such laws. Only in America do we pass laws and then allow people to get away with ignoring them. Here, a definition might be helpful. Dictionary.com defines ""citizen"" as a person who is ""a native or naturalized member of a state or nation who owes allegiance to its government and is entitled to its protection (distinguished from alien)."" That last part ""distinguished from alien"" is key. How does one determine whether a person is an alien, or a U.S. citizen, with the entitlements and benefits that go with citizenship? By asking the question, of course. There is no right to be in America and no right to become a citizen, especially when some people break our laws to get here and then break them again to remain by failing to show up for a court hearing on the legitimacy of their asylum claims and ignoring deportation orders, which are issued after giving due process. The Trump administration says 2,000 are breaking deportation laws and avoiding forced removal from the country. President Trump says he will order ICE raids as early as next week to return them to their countries. Democrats, including Sen. Chuck Schumer, D-N.Y., and presidents Obama and Clinton, have previously supported immigration laws designed to keep immigrants out and remove those who managed to get in illegally. CLICK HERE TO GET THE FOX NEWS APP A case can be made that Democrats want the citizenship question left off the 2020 form so they can import more future voters for their candidates and skewer districts to create a permanent electoral majority. Politics, not the law, has changed everything. Both parties are at fault for failing to enforce existing laws and by not reforming the broken system. It is not only a disgrace, but national suicide. If it continues, the country we inherited from our forebears will be no more. CLICK HERE FOR MORE FROM CAL THOMAS",politics,Fox News,right
'Fox & Friends' talks to some of the Trump supporters camped out ahead of Florida rally: 'We are former Dems',"President Trump is set to formally launch his 2020 re-election campaign Tuesday night in Orlando, Fla., and many of his supporters have been camped outside the Amway Center in anticipation. According to local reports, the first Trump supporters showed up as early as 2:30 a.m. Monday for Trump's rally, which is slated to start at 8 p.m. on Tuesday and will be broadcast live on Fox News Channel. Fox News correspondent Lauren Blanchard was on the scene Tuesday morning on ""Fox & Friends,"" meeting some of the folks who are looking forward to seeing the president. TRUMP PRESSED BY STEPHANOPOULOS ON MCGAHN'S TESTIMONY TO MUELLER: 'GEORGE, YOU'RE BEING A LITTLE WISE GUY' Three women, Maria, Nancy and Jenny, arrived Monday afternoon and camped overnight. ""We are all former Dems,"" Maria told Blanchard, saying they all support the Walk Away movement for disillusioned Democrats. Nancy said the president ""unites everybody"" at his rallies and it feels like a ""rock concert"" for those in attendance. ""What I want to hear is what he has planned for everybody to move forward,"" she said. The president tweeted on Monday morning that his campaign has received more than 100,000 ticket requests for the event in an arena that only holds 20,000 people. TRUMP ASKS MULVANEY TO LEAVE OVAL OFFICE FOR COUGHING DURING ABC INTERVIEW Co-host Dan Bongino said on the show that ""crowds matter"" and those on the left who say the opposite are ""clearly just making that up; it's nonsense."" ""[Trump] has a unique style of campaigning that appeals to a lot of people,"" said co-host Steve Doocy. In an appearance on ""Fox News @ Night,"" Buck Sexton argued that Trump will be very tough to beat as an incumbent running on a strong economy and without any ""foolish"" wars to defend. ""Even some of his most vociferous critics admit he is just a beast on the campaign trail. ... There is nobody on the Democratic side who comes even close to just the pure performance art on the campaign trail that this president can put forward,"" he said. CLICK HERE TO GET THE FOX NEWS APP However, new Fox News polls suggest a cause for concern for the president's re-election chances. The poll found former Vice President Joe Biden holding a sizable lead on the Democratic field, with a 10-point lead on Trump in a hypothetical head-to-head matchup.",politics,Fox News,right
house speaker robert deleo silent over nondisclosure agreements,"House Speaker Robert DeLeo is refusing to talk publicly about the use of secret deals to settle sexual misconduct complaints, a practice roundly criticized by advocates and a state senator who says she was pressured to sign a nondisclosure agreement as a House aide. Questions remain about the pervasiveness of these confidential deals across Bay State taxpayer-funded agencies. ""Public funds should never be used to protect perpetrators and silence victims through non-disclosure agreements   period,"" state Sen. Diana DiZoglio said Thursday. ""It's a shameful practice and an outright abuse of taxpayer dollars. I want to know how much in taxpayer dollars have gone toward the abuse of NDAs (nondisclosure agreements) across our state. ""The public has the right to know how much of their hard-earned tax dollars have been spent to hide abuse, harassment and assault of powerful perpetrators,"" she added. The Methuen Democrat and state Rep. Alyson Sullivan   both self-identified survivors of sexual misconduct   are slamming DeLeo for keeping NDAs as an option in the House. The Senate unanimously banned the agreements in January. Under DiZoglio's bill, a victim of sexual harassment cannot be required to sign an NDA across state government, but can request one if they choose to do so. The legislation also bans the use of taxpayer dollars in these secret deals. ""We need to be mindful of taxpayer dollars and where those dollars are going,"" said Sullivan, an Abington Republican. ""These agreements silence someone who was victimized by sexual harassment,"" she added. ""We need to make sure they're not used anywhere, in public or private workplaces."" DeLeo's office on Thursday rejected a sit-down interview about NDAs. The speaker's office has defended the practice, but DeLeo has refused to publicly discuss it. The House protocol requires House counsel, the director of Human Resources and the Equal Employment Opportunity officer to rule out sexual harassment before entering into a NDA, according to DeLeo's office. Since 2010, there have been 33 NDAs out of the House, the speaker's office said. A spokeswoman for DeLeo said ""none"" of them were to settle complaints of sexual harassment. But DiZoglio maintains that her NDA eight years ago involved sexual harassment. NDAs shouldn't be allowed in any state agency, attorney Mitchell Garabedian reiterated Thursday. ""These help perpetuate sexual abuse,"" said the Boston lawyer, who has represented victims in clergy sexual abuse cases. ""The public should be outraged at such a notion. ""Having a NDA in government is contrary to a government being open and accessible,"" Garabedian added. ""The public has a right to know where their money is being spent."" The Massachusetts State Police do not use NDAs, said spokesman David Procopio. When asked Thursday if the governor's office hands out NDAs, spokeswoman Sarah Finlaw dodged the question. She responded: ""The Baker-Polito Administration has zero tolerance for discrimination or harassment in the workplace, and has developed a new Investigations Center of Expertise to investigate employment-related complaints across the Executive Branch in a fair and expeditious manner."" Related Articles Legislators challenge nondisclosure agreements on Beacon Hill Greg Sullivan, the Pioneer Institute's research director and former inspector general, said these settlements should not be hidden away from the public. ""It's not right for taxpayer money to be used in exchange for a NDA,"" he said. ""It's inappropriate.""",legal arguments,Fox News,right
House Oversight Committee to vote on possible Kellyanne Conway subpoena over Hatch Act controversy,"The House Oversight Committee plans to vote Wednesday on whether to subpoena White House counselor Kellyanne Conway following a government watchdog's finding that she violated the Hatch Act. In a memo sent to the White House, the committee said it ""will hold a hearing to examine the recommendation of the independent Office of Special Counsel (OSC) that President Trump remove Counselor to the President Kellyanne Conway from federal service, as well as reports by OSC about Ms. Conway and other Trump Administration appointees."" The memo continued: ""The Committee also will hold a business meeting to consider a subpoena in the event that Ms. Conway does not appear."" The OSC recommended earlier in June that Conway be fired from the federal government for violating the Hatch Act on ""numerous occasions."" The Hatch Act is a federal law that limits certain political activities of federal employees. The OSC, which is separate from the office with a similar name previously run by Robert Mueller, said in a scathing report that Conway violated the Hatch Act by ""disparaging Democratic presidential candidates while speaking in her official capacity during television interviews and on social media. ""Ms. Conway's violations, if left unpunished, would send a message to all federal employees that they need not abide by the Hatch Act's restrictions. Her actions thus erode the principal foundation of our democratic system the rule of law,"" the OSC said in a statement, noting that Conway has been a ""repeat offender."" The White House, however, has stood by Conway - calling the OSC ruling ""unprecedented"" and suggesting it was politically influenced. ""The Office of Special Counsel's (OSC) unprecedented actions against Kellyanne Conway are deeply flawed and violate her constitutional rights to free speech and due process. Others, of all political views, have objected to the OSC's unclear and unevenly applied rules which have a chilling effect on free speech for all federal employees,"" White House Deputy Press Secretary Steven Groves said in a statement. Groves added: ""Its decisions seem to be influenced by media pressure and liberal organizations   and perhaps OSC should be mindful of its own mandate to act in a fair, impartial, non-political manner, and not misinterpret or weaponize the Hatch Act."" Fox News' Brooke Singman contributed to this report.",politics,Fox News,right
gasc‚àö‚â•n strongly considering running for la district attorney job,"San Francisco District Attorney George Gasc‚àö‚â•n on Friday said he is strongly considering running for district attorney in Los Angeles after announcing that he would not seek re-election when his term expires at the end of the year. ""This is a big decision for me and it is one I will ultimately be making in consultation with my family, but I am both proud and humbled that so many Angelinos have encouraged me to bring a data-driven vision of public safety and racial equity back to my home town of Los Angeles,"" he said in a statement Gasc‚àö‚â•n is widely seen as one of the most progressive district attorneys in the country, and he has pushed statewide criminal justice reforms to lower the prison population and create more equity in a criminal justice system where people of color are starkly overrepresented . But in San Francisco, Gasc‚àö‚â•n has been frequently criticized by activists groups over his decisions to not prosecute officers in fatal police shootings. Gasc‚àö‚â•n has spent much of his life in Los Angeles, where he began his career in law enforcement and rose to the rank of assistant police chief. He cited his mother's ailing health as the reason he bowed out of this year's race in San Francisco. The position in Los Angeles would bring him closer to his mother. Gasc‚àö‚â•n recently met with activist groups in Southern California, and he's being strongly pushed to run for the office in 2020. The groups believe he could challenge incumbent District Attorney Jackie Lacey, who was elected in 2012 as the first woman and African American to hold the position. Lacey has faced criticism for what's seen as a tough-on-crime record in a state that's been steadily moving toward reform. A recent report by the American Civil Liberties Union found that the Los Angeles County district attorney's office obtained death sentences for 22 defendants   all people of color   since Lacey took office. Gasc‚àö‚â•n has never sought the death penalty since being appointed district attorney in 2011. The last time anyone was condemned in San Francisco was 1991. Lacey's campaign did not immediately respond to a request for comment. She has already amassed a formidable list of endorsements, which includes Los Angeles Mayor Eric Garcetti and California Rep. Adam B. Schiff (D-Burbank). The state's prison population has steadily declined under Gasc‚àö‚â•n-sponsored reforms like AB 109, known as ""realignment,"" and Proposition 47, which reduced certain drug and theft offenses from felonies to misdemeanors. Gasc‚àö‚â•n supporters believe he could have a major impact in Los Angeles County, which has the largest jail system in the nation and the biggest prosecuting office in the state, sending people to prison more than four times the rate of San Francisco. ""While the one-size-fits-all strategy to prosecution is politically safe, in San Francisco we've proven that there are alternatives that yield better results for community safety and fairness, and that don't devastate budgets and entire generations of brown and black men,"" Gasc‚àö‚â•n said. As his term in San Francisco winds down, Gasc‚àö‚â•n has continued to unveil new reform measures in his office, raising speculation he had further political aspirations. In February, he announced he would scrub all of the city's marijuana convictions after California legalized recreational pot. A month later, he co-sponsored legislation that seeks to automatically wipe out eligible convictions for people who have completed local sentences. And in May, Gasc‚àö‚â•n launched a website providing data on prosecutions to increase accountability. Last week, he said he will launch a new ""blind-charging"" tool that removes racial information from police reports when prosecutors decide whether to criminally charge suspects. Gasc‚àö‚â•n may be seen as a progressive district attorney nationally and welcomed by activist groups in Los Angeles, but here in San Francisco he's faced strong criticism. Last year, he declined to prosecute the officers in the 2015 shooting of Mario Woods, sparking outrage in the Bayview community where Woods was killed. Every Friday, groups protest on the steps of the Hall of Justice, demanding that Gasc‚àö‚â•n resign. Evan Sernoffsky is a San Francisco Chronicle staff writer. Email: esernoffsky@sfchronicle.com Twitter: @EvanSernoffsky",politics,Fox News,right
Brother of New Jersey man who was found dead in Dominican Republic hotel room: 'Something is off there',"The brother of a New Jersey man who was found dead last week in his resort hotel room in the Dominican Republic spoke out Wednesday on ""Fox & Friends"" , cautioning Americans to reconsider their vacation plans in the Caribbean nation. The State Department confirmed Joseph Allen's death to Fox News Tuesday after the 55-year-old was found unresponsive on his hotel room floor last week. Allen, a native of Avenel in southern New Jersey, had reportedly complained about being hot at a pool and left to take a shower; he went to bed early and was found dead the next day. DOMINICAN REPUBLIC RESORT DEATHS MYSTERY: TIMELINE Jason Allen said his brother was not concerned about the recent deaths or the shooting of David Ortiz before he left for the Terra Linda Resort with a group of friends. Photo gallery by INSIDER Allen said he does not trust the Dominican authorities to provide the answers about how his brother died. He said an autopsy was performed Friday, but no ""official report"" has been provided to the family. ""We were told the body needed to be embalmed before my brother was transported back to the United States,"" he said. DOMINICAN OFFICIALS PLEAD FOR PATIENCE AS FBI, HEALTH SPECIALISTS PROBE TOURIST DEATHS Jason Allen said that Joseph's 23-year-old son was on his way to the Dominican Republic to spend Father's Day with his dad when he learned what happened. He said he does not believe anyone would have targeted his brother and said his brother never drank from the hotel room minibar. Co-host Steve Doocy asked Allen whether he would advise people to vacation in the country given the unexplained deaths. ""Hold your horses... Something is off there and I think it needs to at the very least be looked into,"" he responded. The popular Caribbean vacation destination has been grappling with a rash of deaths of U.S. tourists at various resorts. Families of the tourists said they were generally in good health. CLICK HERE TO GET THE FOX NEWS APP In nearly all the recent deaths in the Dominican Republic, officials said there were signs of pulmonary edema -- a condition in which the lungs fill with fluid. The tourists ranged in age from 41 to 67. The Dominican Ministry of Tourism has denounced what it has called an overreaction, characterizing the deaths as coincidental. Fox News' Frank Miles contributed to this report.",crime,Fox News,right
"White nationalist group interrupts Detroit pride event, members appear to urinate on Israeli flag","A group of white nationalists marched on an LGBTQ event in Detroit on Saturday, demonstrating Nazi salutes and carrying weapons. Members of the National Socialist Movement (NSM) caused outrage at the event meant to celebrate gay pride, and one member was photographed appearing to urinate on an Israeli flag. The Motor City Pride is described on its Facebook event page as the largest pride month event in Michigan, with 40,000 people marked as attending. On Saturday, some individuals tried unsuccessfully to stop the NSM group from entering the streets, which were blocked off by police and lined with rainbow flags. WHITE SUPREMACISTS CARRYING NAZI FLAGS INTERRUPT ARKANSAS HOLOCAUST REMEMBRANCE DAY EVENT NSM members were photographed tearing apart one of the flags, which represent gay pride. The group is considered one of the largest neo-Nazi organizations in the United States and is known for ""theatrical and provocative protests,"" according to the Southern Poverty Law Center. A prominent former NSM member, J.T. Ready, said in a blog post in 2008 that he felt permitted to protest because minority groups have done the same for their ""sick"" beliefs. AUSCHWITZ MUSEUM CRITICIZES AUSSIE COMPANY FOR SELLING PRODUCTS WITH IMAGES OF NOTORIOUS CONCENTRATION CAMP ""I do not see the n-----s, homosexuals, Mexicans, Jews, or even child molesters ashamed or afraid to speak their minds and rally, march, post, and be activists for their sick cause,"" he wrote. ""Too many brave men and women died to give me the chance to fight now. I will honor their blood and fight for soil."" Ready killed himself in 2015 after fatally shooting his girlfriend Lisa, her daughter Amber and Amber's boyfriend Jim, and Amber's 18-month-old daughter Lilly. CLICK HERE TO GET THE FOX NEWS APP No one was injured Saturday during NSM's demonstration at Motor City Pride, but seven people were hospitalized during a pride parade in Washington, D.C., after crowds panicked after hearing what was believed to be gunshots. The city's mayor later tweeted that there was no active shooter in the area.",crime,Fox News,right
Trump says Democrats are handing out subpoenas 'like they're cookies',"President Trump said House Speaker Nancy Pelosi (D-Calif.) is handing out subpoenas ""like they're cookies"" in a Fox News interview Wednesday night. The comment came in a wide-ranging interview during which he railed against the investigations into his administration and the media's treatment of his campaign. Trump told Fox News' Sean Hannity Pelosi "" hands out subpoenas like they're cookies,"" while former Speaker Paul Ryan (R-Wisc.) was more cautious in issuing the summons. ""The Democrats fight a dirtier fight. It's too bad,"" Trump said. Democratic leaders have issued a series of subpoenas to compel the administration to release disputed documents and witness testimony, an effort the White House has fought. A s speaker of the House Pelosi does not need to approve subpoenas requests issued by committees, nor did Ryan. The president had ridiculed Democrats earlier in the day for calling his former communications director Hope Hicks in to testify behind a closed-door House Judiciary Committee meeting, saying they were putting her ""through hell."" Hicks is seen as a key witness in the investigation into potential obstruction of justice. She was mentioned 180 times in special counsel Robert Mueller's report. Trump on Wednesday also repeated his claims that the Mueller report exonerated him of any wrongdoing. Mueller has said only that he found no evidence of collusion between the Trump campaign and Russia and would not make a determination on obstruction of justice because a sitting president cannot be indicted. During his Fox News interview Trump repeatedly mentioned the size and energy of his reelection launch rally in Orlando the night before, calling it a ""tailgate party of the country."" He also said that he's not concerned about any of the 24 Democrats running in the presidential primary for a chance to beat him in 2020. ""I look at some of them, I don't see George Washington, I don't see Churchill, I don't see anybody in particular that I worry about,"" Trump said.",politics,Fox News,right
iowa workforce development manager to retire amid dispute over bureau,"A state administrator will retire after criticizing a state investigation that found she created a hostile work environment for judges who rule on unemployment benefits disputes, records show. Iowa Workforce Development has for months sought to keep secret the details of the investigation into Emily Chafa, chief of its unemployment insurance appeals bureau. Director Beth Townsend and aides have declined to answer questions or release records requested by the Associated Press, including the reason Chafa was removed from the building and paid to stay home from work for a month this spring. But records recently filed by Chafa's attorney in a disciplinary appeal show that she was placed on paid leave March 8 amid an inquiry into her workplace behavior. The investigation found Chafa treated subordinates ""disrespectfully and discourteously which has created an uncomfortable, unprofessional work environment,"" according to an April 8 letter. The letter notified Chafa she was receiving the equivalent of a three-day suspension and final warning. She was allowed to return to work but directed to make changes to how she managed the office, to ""be cognizant of the tone and volume of your voice"" and ""refrain from disparaging or demeaning remarks."" A May decision, by a state lawyer who upheld Chafa's suspension, said her subordinates overwhelmingly described negative experiences to investigators, working in an environment of fear and receiving a lack of support. They told investigators that Chafa was known to lose her temper and dress down employees in public and that they feared retaliation for questioning her, the decision said. Chafa and her attorney, Paige Fiedler, have disputed those allegations and criticized how she has been treated. They said she was escorted from the building to ""publicly shame her"" and subjected to an investigation that was designed to elicit negative information about an employee previously seen as stellar. Chafa had been the division manager since 2015, overseeing a dozen administrative law judges who rule on unemployment appeals and support staff. She was hired after a U.S. Department of Labor investigation expressed concern that judges were facing improper political pressures to rule in favor of employers and against workers seeking benefits. The department ordered that Chafa's position be part of Iowa's merit system, not a political appointment as it had been. In an April 29 letter appealing the suspension, Fiedler wrote that it was becoming increasingly difficult for Chafa to continue to shield judges from political influence. She wrote that Townsend had elevated managers ""who appear to be chosen for their personal and political loyalty rather than for any particular experience or competence related to the mission of the agency."" The appeal included Chafa's most recent performance reviews that found she exceeded expectations. One, signed by Iowa Workforce Development's deputy director in March 2018, praised Chafa's communication and teamwork and credited her with ensuring appeals were addressed within federal timelines. ""Emily has turned the Appeals Unit into one of the highest performing in the region and nationally,"" it read. Chafa, a lawyer who made $137,000 annually, has complained that the agency hasn't given specifics about her alleged inappropriate behavior. She contends that a judge filed the complaint that prompted the investigation after Chafa scolded her for failing to show up to a November appeal hearing. In a new appeal of her discipline this month, Chafa indicated that she is on an extended vacation before retiring July 11. She complained that the agency has cut off her ability to access email and her office and asked for that to be restored so she can gather her items. Townsend refused to confirm that Chafa was on leave or under investigation this spring. On April 9, the day after the investigation concluded, department lawyer Nicholas Olivencia denied AP's request for the date Chafa was removed, the notice she was given explaining why and the investigation's findings. He didn't cite any exemptions as required by the Iowa Open Records Act. Asked again, Olivencia said in a letter last month that Chafa is ""a current employee"" and declined to release records. This article originally appeared on Des Moines Register: Iowa Workforce Development manager to retire amid dispute over bureau",politics,Fox News,right
Myrtle the Turtle in Boston playground has to go!,"A blue tarp still lies on top of the Myrtle the Turtle so-called ""play structure"" in Beacon Hill's Myrtle Street playground   an accident waiting to happen. The city reopened the playground after the installation of the bronze sculpture without inspecting the turtle, which kids play on and have gotten burned from during hot days with the sun beating down on it. World famous local sculptor Nancy Schon created this piece of art. Her work includes the famed ""Make Way for Ducklings"" sculptures in the Public Garden as well as the ""Tortoise and the Hare"" piece in Copley Square. Concerned moms asked for a copy of the inspection after several kids were burned on it and met with the city Parks Department only to find out when the renovations were done to the playground, other items were inspected such as the trees and fences, but not the new play structure. Seems like that should have been the most important thing to ensure it complied with safety regulations, especially in a place where toddlers play. One Beacon Hill mom whose young kids play there told me, ""Our only concern with the turtle is the safety of all the children who use the playground. It was not inspected until parents put serious pressure on the city and violations were found that call for immediate action. I am shocked and disappointed by the city's decision to do nothing. The city's potential liability is significant."" Another mom who also uses the playground said, ""The metal sculpture belongs in a park as public art, not in the middle of a playground as it does not meet safety requirements for a play structure. It is a tripping hazard that interferes with the toddlers' use and enjoyment of what should be safe space to run and play. We would have liked the opportunity to raise these concerns at a Beacon Hill Architectural Commission or Boston Arts Commission hearing, but there wasn't one."" The parks commissioner who oversaw this process acknowledged the failure to have it evaluated during the inspection process. Chris Cook said, ""My preference would have been to include the turtle."" Asked if he is worried the city could be held liable if kids slip on the blue tarp and knock their front teeth out Cook responded, ""I don't think it is an unsafe ‚Ä¶ there's a sign that says don't play on it."" I reminded Cook that toddlers can't read and a blue shiny tarp could be very attractive to a young kid. All it takes is a second for a caregiver to look away and a child could be injured. This is why as parents we baby-proof our homes and why the city is supposed to inspect any piece of equipment kids are allowed to play on. But an independent inspector hired by the city after parents complained found three issues with the turtle and even wrote to ""relocate the turtle so it is not exposed to intense sun."" But it's still there. A dad said, ""The turtle is located drop dead in the middle of the playground. The heat issue is real. There are a lot of other places in Beacon Hill that would love it. If there are a bunch of people who are at the playground all the time and don't want it, it should be moved. ‚Ä¶ I hope it gets resolved."" Kate Enroth, the head of the Garden Club that raised the money for the turtle, was surprised to learn it had not been inspected before kids were allowed to play on it. ""We only wanted to do something nice for the neighborhood ‚Ä¶ it was designed in the conception with children in mind. It is all an unfortunate surprise ‚Ä¶ and I hope the parents could be more patient with the city."" But parents tend to be short on patience where their kids' safety is concerned. The city needs to acknowledge it messed up and allowed a play structure to be installed without being inspected. City Hall should listen to the parents who actually use the playground   they don't want it!",health,Boston Herald,right
Former CIA spy Valerie Plame set for Senate run as Democrat,"V alerie Plame, the former CIA officer who shot to fame when she was outed during George W. Bush's presidency, is poised to run for U.S. Senate in New Mexico. The ex-spy told the Washington Examiner on Friday that she would run as a Democrat and would ""like another opportunity to serve my country."" An early problem for Plame, 55, will be a 2017 anti-Semitism scandal. The subject will be tricky to navigate after the recent controversy involving comments by Rep. Ilhan Omar, which led to Speaker Nancy Pelosi warning of ""bigoted or dangerous ideologies masquerading as policy."" Plame was forced to apologize after sharing on Twitter an anti-Semitic article from UNZ.com entitled ""America's Jews Are Driving America's Wars."" The article stated that Jews ""own the media,"" that they should wear labels while on national television, and that their beliefs were as dangerous as ""a bottle of rat poison."" Her initial response was: ""First of all, calm down. Re-tweets don't imply endorsement. Yes, very provocative, but thoughtful. Many neocon hawks ARE Jewish."" But she later added: ""OK folks, look, I messed up. I skimmed this piece, zeroed in on the neocon criticism, and shared it without seeing and considering the rest."" She later apologized and resigned from the board of the Ploughshares Fund, which provides grants for projects aimed at preventing the spread of nuclear weapons. But in the space of three years she had posted nine UNZ articles, including one titled ""Why I Still Dislike Israel"" and another about ""Dancing Israelis"" on 9/11. Plame has been a strident critic of President Trump, launching a GoFundMe effort to buy a stake in Twitter and ban Trump from the platform. It raised $89,719 towards its $1 billion goal. She has been active in Democratic politics since moving to Santa Fe, New Mexico, in 2007, after the scandal over the leak of her identity. She hosted a fundraiser for Hillary Clinton's super PAC in 2014 and another fundraiser for Clinton's presidential campaign in 2015. Conservative columnist Robert Novak revealed Plame's identity in a 2003 column, attributing the information to ""two senior administration officials."" Plame maintains that the leak of her name was ""payback"" from the Bush administration for her then-husband, former Ambassador Joe Wilson, writing an op-ed questioning the validity of the administration's intelligence used as a basis for the Iraq War. Lewis ""Scooter"" Libby, former Chief of Staff to Vice President Dick Cheney, was convicted in 2007 of perjury and obstruction of justice in connection to the leak of Plame's identity. It emerged that former deputy secretary of state Richard Armitage was the primary source for Novak's story, but he was never charged. Donald Trump pardoned Libby in 2018, saying that he was treated unfairly. Plame has since written three books , two spy novels and one memoir about the scandal over the leak of her name. She is now divorced from Wilson. It was her second divorce and his third. Their twin children, Trevor and Samantha, are 19. Plame's bestselling memoir Fair Game was made into a Hollywood movie of the same name in which she was played by Naomi Watts and Wilson by Sean Penn Democratic New Mexico Sen. Tom Udall announced Monday that he will not seek re-election in 2020, opening up the field in a state that leans Democrat. Rep. Ben Ray Lujan, D-N.M., is expected to announce his candidacy next week. Democratic Secretary of State Maggie Touluse Oliver and freshman Democratic Rep. Deb Haaland said in tweets that they are also considering running for the seat. On the Republican side, businessman and former Senate candidate Mick Rich said he is thinking about jumping into the Senate race. Former Rep. Steve Pearce and former Lt. Gov. John Sanchez are also rumored to be considering a run.",politics,Washington Examiner,right
"City Council, PWSA and the public weigh in on proposed agreement","City Council members spent the majority of Tuesday hearing input from colleagues and the public on the proposed agreement between the city and its water authority. The cooperative agreement   which requires council's approval   promises to keep the city's water system public and outlines financial responsibilities in a pact between the Pittsburgh Water and Sewer Authority and the mayor. Just six residents spoke at an evening public hearing, the majority in favor of making clear the murky relationship between the two entities. As of now, city water usage is not even metered. The agreement ""gets us a step closer to everyone in the city paying their fair share for water. The city should be paying for water,"" said Aly Shaw, Squirrel Hill resident and organizer for Pittsburgh United Our Water Our Rivers Campaign. ""You can't ask low-income ratepayers to continue to face the burden of rate increases alone."" Under the agreement, PWSA would begin phasing in a commercial customer rate for city water usage and fire hydrant service fees over the next five years. On the opposite side, PWSA would begin paying into the city's pension fund and making voluntary payroll tax contributions, something the authority was not required to do under the old agreement. ""We know we owe you at least $4.9 million [a year],"" Paul Leger, PWSA board chair, said at an earlier afternoon fact finding meeting in council chambers. ""If it's more than that, we'll pay you whatever the actuaries say it is."" Other terms mandate the city take responsibility for water lines and laterals in parks fewer than 50 acres; that PWSA be granted easements without additional council approval; and that PWSA compensate the city 50% of street sweeping costs to keep sewer grates clear. ""This is literally a daily operating manual,"" Councilwoman Deb Gross said, as opposed to current ""loosey-goosey"" arrangements. The seven council members present took turns probing the agreement at the afternoon meeting alongside Mr. Leger, PWSA Executive Director Rob Weimar, City Controller Michael Lamb and the mayor's Assistant Chief of Staff Grant Gittlen. ""Just saying you're wanting to keep it public isn't enough,"" Mr. Lamb said. Either party could terminate the agreement with 90 days' notice. Ms. Gross, who also sits on the PWSA board, said she's researching recent legislation passed in Baltimore protecting its public water system. Council members Darlene Harris and Theresa Kail-Smith, who both support keeping the utility in the public sphere, said they would like to see measures in the agreement that addressed water quality and flooding. ""To this day, I won't have a glass of PWSA water,"" Ms. Harris said, referring to the lead issues in recent years . Two of Ms. Kail-Smith's constituents approached the hearing podium holding pictures of their flooded homes in the city's Banksville neighborhood. ""On July 6, 2019, I stood alone helpless and watched my neighbors' driveways fill like a swimming pool,"" said Gina Pollice, of Hayson Avenue in Banksville, which flooded last weekend . Ms. Pollice said PWSA measures including an underground storage tank and higher curbs are not working. Ms. Kail-Smith said if PWSA is not kept public ""our residents here would have no voice whatsoever."" ""I will be discussing this issue with my colleagues before the agreement is finalized to get these residents some solutions and some answers,"" she said. Ms. Gross said council will continue public discussion. No date has been set for a vote. Council members the Rev. Ricky Burgess and Danial Lavelle were absent. PWSA is governed by the Pennsylvania Utilities Commissions. Ashley Murray: 412-263-1750, amurray@post-gazette.com or on Twitter @Ashley__Murray",politics,Pittsburgh Post-Gazette,right
Massport won't say who they're looking at for next chief,"The super-secret search for a new Massport CEO may come down to a familiar refrain: Who has the most political connections. It's actually buried in the fine print of the job invitation put out by Massport's search firm- the phrase is ""political astuteness."" ""Experience working effectively with elected and appointed officials"" is one of the key job requirements, according to Massport. ""Preference will be given to candidates with such experience in Massachusetts."" That means Massport is unlikely to go with an outsider   say, an airport director from another state. But because Massport has chosen to keep its search secret, we'll never know what qualifications tip the scales in favor of the winning contender. That's a mistake that could come back to haunt the agency. Massport is a ""public entity, serving public missions that enhance the quality of life for the residents of the region."" That language is lifted from Massport's own invitation to job seekers. A public agency with one of the most powerful positions in state government should not be guided by a private search led by board members who refuse to give the public a glimpse of their decision-making process. So far. we have only hints, gleaned from the job description. Like this one: ""While transportation, aviation, port and/or multi-modal experience is a distinct plus, it is not a requirement for consideration."" In other words, you don't need experience running an airport or large transportation agency. According to past reports and sources close to Massport, the final list of candidates includes former Boston state rep Brian Golden, who now runs the Boston Planning and Development Agency, formerly known as the BRA. Golden certainly has the required political acumen, but if he gets the nod Massport will be criticized for going with yet another white male. Other finalists could be the insider candidate, Lisa Wieland, who is now Massport's port director. Sources said she has the support of state Transportation Secretary Stephanie Pollack, who is leading Massport's CEO search. Here's another surprise name to watch: Salem Mayor Kim Driscoll, who two sources said has been under consideration. Driscoll is a Democrat, which is a check mark against her. But she's also a big supporter of Gov. Charlie Baker, which is a big check mark in her favor. Related Articles Battenfeld: Biden's cave-in leaves no place to Hyde Joe Battenfeld: Hey Seth, be careful what you ask for! Joe Battenfeld: Liz Warren   now dubbed Rachel Dolezal   can't hide from fake heritage claim Joe Battenfeld: Dems weigh next move after Mueller declines to deliver punch Joe Battenfeld: When UMass and Beacon Hill clash, students lose Another name being floated is former U.S. Rep. Michael Capuano. The last time Massport picked a defeated congressman to run the agency was when former Gov. William F. Weld picked former Republican Rep. Peter Blute as CEO. And we know how that turned out   Blute was forced to resign in 1999 after the Herald reported on his exploits on a Massport-funded booze cruise. All of the top candidates should be forced to face the public and explain why they'd be the best choice for CEO. But instead we've got a search shrouded in secrecy, which is bound to end up with a lot of unanswered questions.",politics,Boston Herald,right
RMV probe turns to violations the state was obliged to send,"Gov. Charlie Baker is acknowledging a ""complete failure"" at the Registry of Motor Vehicles, adding the investigation will now include a look into Massachusetts' notifications to other states about violations here   while watchdogs say audits could reveal deeper failures. ""That's part of the review and I'm uncomfortable speaking to it beyond that at this point,"" Baker said of what other states may or may not have been told. ""I view what happened at the RMV as a complete failure,"" Baker said Tuesday. State Rep. Shaunna O'Connell said she was rebuffed by the Registry of Motor Vehicles in her recent attempts to have a full audit that would look into illegal immigrants using fraudulent identities after a series of arrests of drug dealers and other criminals. The Taunton Republican said she plans to call for a further hearing to haul the RMV brass in front of the oversight committee on the issue, and she wants to push further for her bill that would order a full audit. ""A full audit of the RMV database will uncover other problems people aren't aware of,"" O'Connell said Tuesday. ""Once you scratch the surface, who knows what will blow up?"" O'Connell added, ""It's scary to think what other problems could be happening. People aren't doing their jobs, and it starts with leadership."" Her criticism comes a day after Baker and Transportation Secretary Stephanie Pollack outlined the series of problems uncovered in the aftermath of the RMV's failure to suspend the license of trucker Volodymyr Zhukovskyy following an out-of-state drunken-driving arrest that happened a month before he was criminally charged with killing seven bikers in New Hampshire in a car crash June 21. Following RMV chief Erin Deveney's resignation last week after the fatal crash, Baker and Pollack have pointed to two different areas in which the RMV dropped the ball on notifications about out-of-state violations   which both contributed to allowing the 23-year-old West Springfield man to remain on the road. No RMV employees were doing the manual checks needed on commercial driver's license violations from out of state, and the tens of thousands of notices for infractions on regular Massachusetts licenses from other states had also ended up unchecked, stashed away in 53 bins of paper. Former State Inspector General Greg Sullivan said the failings revealed so far are ""indicative of broader problems"" at the RMV. ""What else isn't being done? That represents a very serious problem,"" Sullivan said. ""You're talking about life and safety of the general public."" James Scott, a Saugus police officer who has trained more than 1,700 officers across New England and beyond in detecting fraudulent identities, said the RMV has had no interest in taking on his program that other states such as New Hampshire use to track fraudulent identities, like O'Connell was talking about. ""I've pitched it directly to the registrar at the State House about a year and a half ago,"" Scott told the Herald. ""They wanted no part of it."" State Rep. Paul Tucker supports O'Connell's idea of a broader audit, saying now's the time to push for one that also includes a look into people who have multiple licenses. ""Why not do a top-to-bottom review and see what comes of it?"" the Salem Democrat said. ""It's pretty clear that when there's bins of these notices that are sitting somewhere that there are issues.""",politics,Boston Herald,right
"No, Joe Biden, President Trump is not 'an existential threat to America'","Editor's note: The opinions in this article are the author's, as published by our content partner, and do not necessarily represent the views of MSN or Microsoft. Wages are rising, unemployment is at record lows, and the economy is booming. But if you ask Joe Biden, the world might end tomorrow unless we toss President Trump out of office. In a Tuesday afternoon stump speech in Iowa, the supposedly moderate 2020 candidate is set to paint a bleak vision of life under Trump. In his prepared remarks, Biden says that ""Trump is an existential threat to America"" and that he hopes ""we choose hope over fear. Unity over division. Truth over lies. And science over fiction."" This likely won't resonate with voters. In the eyes of sane people, the last two years of the Trump presidency have been full of ups and downs, but it's been far from the nightmare scenario Biden describes. Almost 60% of Americans, whether they personally approve of Trump or not, approve of his handling of the economy. And almost half either approve of Trump's performance as president or have no opinion. You'd expect an ""existential threat"" to generate a broader resistance, not just a louder one. The alarmist rhetoric distracts from Biden's actual message. After all, does anyone really know what his candidacy stands for? He launched his campaign by bashing Trump, and since then, he has rambled on incessantly about the Oval Office's current occupant, describing this election as a battle for ""the soul of the nation"" and saying the president is a ""threat to this nation, to our democracy."" Give me a break. If you want to be president of the United States, you're probably going to need a more compelling pitch than ""pick me, I'm not that guy."" Still, it's worth engaging with the apocalyptic argument that Trump's presidency poses a threat to America, even if it's absurd when taken at face value. Is it that Trump's climate policy will doom us to death by global warming? This is quite the stretch. Trump has exited a voluntary climate agreement and rolled back a few environmental policies, but U.S. emissions fell in his first year in office   the last one for which we have data. Besides, many states such as Pennsylvania and Oregon are taking their own initiatives to decrease carbon emissions, and the global climate crisis is really driven by emissions in developing countries such as India anyway. Or is it that President Trump is a buffoon with the nuclear codes, who will drag us into a war? So far, he's done more to end wars (in Afghanistan and Syria) than start them. Also, his record in North Korea might be a mixed bag, but on balance, he has succeeded in de-escalating very high tensions. But surely, as Biden says, Trump is a threat to our democracy who won't accept the result of our elections? That certainly doesn't seem to be the case, as the GOP suffered landslide losses in 2018 that went into effect without a hitch, and the president allowed an entire investigation into his campaign to reach completion without firing special counsel Robert Mueller or otherwise shutting it down. This is the great flaw with Biden's   and, to a lesser extent, the other 2020 Democrats'   approach rooted in Trump-alarmism. There's a portion of American voters that may always swear by Trump, and another base that might hate him no matter what. But many reasonable people are open to criticism of the president, be it of his foolish trade policy, his overly harsh immigration stances, or the multiple outlandish or offensive things he's said (or tweeted) since taking office. When criticism of Trump becomes extreme and overblown, as Biden's often has been, those of us in touch with reality may start to tune out. For now, Biden is still beating Trump in most head-to-head polls. If he wants that to continue, Biden should stand for something   not just against someone.",politics,Washington Examiner,right
"RMV Fail: 546 license suspensions, more to come","The Registry of Motor Vehicles let tens of thousands of alerts on Massachusetts drivers' violations in other states accumulate for more than a year, unprocessed in 53 bins, in a deadly bureaucratic failure that Gov. Charlie Baker admits has tested public confidence in his administration. In a stunning press conference detailing the scope of the crisis Monday, Baker and Transportation Secretary Stephanie Pollack laid out the registry's failures revealing no one at the RMV was doing the required manual checks on license infractions from out of state   a backlog dating to March 2018. ""No registry employees had been tasked with the job of monitoring that queue,"" Pollack said. That backlog included West Springfield trucker Volodymyr Zhukovskyy, accused of killing seven motorcyclists in New Hampshire on June 21, despite a Connecticut OUI arrest on May 11 that should have triggered an automatic license suspension. As of Monday, a total of 546 drivers have now been suspended based on previously overlooked out-of-state notices. When asked about how people could trust his administration's transportation management after major failings at the RMV and MBTA, Baker replied, ""We have a lot of work to do to earn back some of that."" Pollack, when asked whether she intended to resign as RMV chief Erin Deveney did last week, told reporters, ""The governor has asked me to fix this, and I'm going to fix it."" Baker said he has launched an independent audit of the Registry of Motor Vehicles with findings due in 60 days. More suspensions are expected as officials go through tens of thousands of out-of-state notices that were filed and forgotten in 53 bins in the RMV's Quincy headquarters. ""The RMV failed to act on critically important information that had been previously communicated by another state,"" Baker said. ""This failure is completely unacceptable to me, to the residents of the commonwealth who expect the RMV to do its job and track drivers' records."" Pollack said the responsibilities for the state-to-state communications shuffled around within the registry   and ultimately fell by the wayside in March 2018, for some unknown reason, when people stopped dealing with the notifications altogether. Pollack said the RMV has ""worked around the clock"" to address the backlog. Acting Registrar Jamey Tesler is heading the internal scrub. Most of the paper notifications are moving violations that would not automatically lead to suspension, Pollack added, but work is ongoing to find violations that might warrant suspension. There was no information available about whether any of those drivers who shouldn't have been on the road have been involved in any crashes. Baker said the secretary and acting registrar have taken some ""immediate steps"" to address the failure by establishing a new process to implement same-day processing of new out-of-state violations and establishing a dashboard so that registry managers have the information available in ""real-time."" Related Articles Timeline of the RMV's fatal failure Lawyers: State could be sued for letting dangerous drivers stay on the road Sorry Charlie, your third-term dream just collided with the RMV Jarheads leader slams RMV; 'Someone's dropping the ball' Investigation reveals thousands of notifications awaiting review at RMV; outside audit planned Pollack said an initial review of the state's 115,000 commercial licenses in the system will be expanded to include all of the roughly 5.2 million licensed drivers in the state, which would run them all directly against the national databases. MassDOT officials wouldn't say whether any RMV employees have been disciplined for the deadly oversight or why the out-of-state violation responsibilities had moved around within different RMV offices, and was ultimately abandoned. House Speaker Robert DeLeo said he is waiting to see whether the Legislature needs to act. ""We're anxiously awaiting to see exactly where there may have been a failure in the system,"" DeLeo said. ""Once we have more of the information, as provided by some of the initial investigations, I think we'll be in a better place to decide.""",legal arguments,Boston Herald,right
trump campaign rakes in stunning $25m in single day for re-election launch,"Slideshow by photo services President Trump's campaign operation raised a whopping $24.8 million in less than 24 hours amid his 2020 re-election launch in Florida on Tuesday   a figure that blows past what any of the Democratic candidates raised in the entire first quarter. ""@realDonaldTrump has raised a record breaking $24.8M in less than 24 hours for his re-election. The enthusiasm across the country for this President is unmatched and unlike anything we've ever seen! #trump2020 #KeepAmericaGreat,"" Republican National Committee Chairwoman Ronna McDaniel tweeted early Wednesday. The president tweeted ""THANK YOU!"" in response. TRUMP LAUNCHES CAMPAIGN MACHINE WITH MASSIVE WAR CHEST, DESPITE POLLING LAG According to an RNC spokesman, the fundraising - at a clip of $1 million an hour - came through the Trump re-election campaign and joint-fundraising committees Trump Victory and Trump MAGAC (Make America Great Again Committee). Minutes later, RNC Communications Director Michael Ahrens tweeted: ""For those keeping score, that's more than the 5 highest polling Democrats   combined."" Ahrens was referring to the top five polling Democratic candidates' fundraising during the 24 hours after they announced their presidential bids. Among them, former Vice President Joe Biden raked in $6.3 million and Sen. Bernie Sanders, I-Vt., brought in $5.9 million, with the others raising significantly less than that. But none of the candidates hit $20 million even in the first quarter. Sanders brought in $18.2 million in the first 41 days of his campaign; Sen. Kamala Harris, D-Calif., brought in $12 million during the first three months of this year; former Rep. Beto O'Rourke of Texas raised $9.4 million; and South Bend, Ind., Mayor Pete Buttigieg raised $7.1 million. Democratic presidential primary front-runner Biden, who announced after the first quarter, hinted this week at raising roughly $20 million so far, as he tours the fundraising circuit with a series of top-dollar events. But the Trump campaign re-launch surpassed that in 24 hours, counting various fundraising committees, coinciding with his energetic rally in Orlando to a packed arena crowd. The fundraising numbers underscore what has, since before the Democratic candidates even started campaigning, been a huge cash advantage for the incumbent. Going into Trump's rally on Tuesday, the re-election campaign had $40.8 million in cash-on-hand at the start of second-quarter fundraising on April 1. Combined with the RNC's joint fundraising committees, they have a combined $82 million cash-on-hand for the second quarter. AMID ATTACKS FROM RIVALS, BIDEN HOLDS TOP-DOLLAR FUNDRAISERS AND HINTS AT $20M HAUL But despite Trump's massive war chest, the latest Fox News Poll shows Biden topping the president by 10 points and Sanders ahead of the president by 9 points. But Trump's campaign and the president himself have dismissed recent polling. ""Our country is soaring to incredible new heights,"" Trump said Tuesday night, to loud applause. ""Our economy is the envy of the world, perhaps the greatest economy we've had in the history of our country, and as long as you keep this team in place - we have a tremendous way to go - our future has never, ever looked brighter or sharper."" Trump continued: ""The fact is, the American Dream is back. It's bigger, and better, and stronger than ever before."" Fox News' Paul Steinhauser contributed to this report.",crime,Washington Examiner,right
"'if you're directly complicit in spreading hate, consider dining at home': restaurant owner who kicked sarah sanders out last year defends chicago server who spat on eric trump in a cocktail bar","The Virginia restaurant owner who kicked Sarah Huckabee Sanders out of her restaurant last year is defending the Chicago cocktail bar server who spat in Eric Trump's face last week, saying politicians involved in 'spreading hate' should consider dining at home. Stephanie Wilkinson made headlines last year when she booted Sanders out of her restaurant the Red Hen in Lexington, Virginia. Now she's backing the unnamed server at the upscale Chicago bar The Aviary who spat in Eric Trump's face as he walked in on Tuesday night and was briefly detained by Secret Service agents. Wilkinson says restaurants are 'a part of the soundstage for our ongoing national spectacle'. 'Whether the bar or restaurant serves merely as the backdrop... or takes an active role in the drama, as was the case with Cracker Barrel, Aviary or my restaurant last June, the business involved inevitably comes under attack,' Wilkinson wrote in an opinion piece for the Washington Post published Friday. 'A portion of the public will scold owners and managers about ""staying in their lane"" and express chagrin at the loss of a perceived ""politics-free zone,""' she added. Despite an open service policy where it's illegal to deny someone service because of their race, religion or national origin, Wilkinson says eateries have the right to refuse service. 'If you're an unsavory individual - of whatever persuasion or affiliation - we have no legal or moral obligation to do business with you,' she said. She added that the high-profile clashes usually have nothing to do about the meals themselves. 'It's more often a frustrated person (some of whom are restaurant employees) lashing out at the representatives of an administration that has made its name trashing norms and breaking backs,' she said. 'Not surprising, if you think about it: You can't call people your enemies by day and expect hospitality from them in the evening,' she added. Wilkinson closed her op-ed saying that when the world returns to 'its normal axis' there will be less 'highly charged encounters' making headlines. But for now her message is clear. 'In the meantime, the new rules apply. If you're directly complicit in spreading hate or perpetuating suffering, maybe you should consider dining at home,' she said. 'For the rest, your table is waiting,' she added. Wilkinson's bold move to ask Sarah Sanders to leave the Red Hen in June 2018 when she arrived with seven family members was met with public outrage and support. Following the incident Sanders tweeted about the encounter saying she 'politely left' and '[Wilkinson's] actions say far more about her than about me. I always do my best to treat people, including those I disagree with, respectfully and will continue to do so.' Wilkinson said that her employees felt uncomfortable having Sanders there and took a vote before asking her to leave. On Tuesday June 25 Eric Trump was visiting Chicago for work when he walked into the upscale Aviary bar - run by the famed chef Grant Achatz. After entering a female server approached him and allegedly spat on him. U.S. Secret Service took that employee into custody and Chicago Police arrested her. Eric then asked Chicago Police to let her free when told she would otherwise be charged. Alinea Group, which runs the bar, says that the employee has been placed on leave.",politics,Boston Herald,right
family of man fatally shot by police in eagan seeks answers,"The family of Isak Abdirahman Aden on Monday asked state investigators to release more information about an officer-involved shooting last week in Eagan that left him dead. Aden, 23, of Columbia Heights, died of multiple gunshot wounds during a July 2 standoff with police outside a business. Aden was a domestic assault suspect armed with a gun, Eagan police said. ""He didn't deserve to die the way that he did,"" his sister, Sumaya Aden, 21, said at a news conference held at the South Minneapolis offices of the Minnesota chapter of the Council on American-Islamic Relations. ""I refuse to be silent and will never rest until his justice is served."" CAIR-MN Executive Director Jaylani Hussein said there are ""so many questions"" related to the incident that are not being answered by law enforcement. He called upon the Minnesota Bureau of Criminal Apprehension, which is leading the investigation, to release ""all information"" regarding the shooting, including police reports, 911 audio tapes and video footage from squad cars and body-worn cameras. ""We're seeking that information today so that we can come to a conclusion based on the full facts that are still missing from this case,"" Hussein said. Last week, Eagan Police Chief Roger New said little about the alleged domestic assault that led to police being called to the area. He said officers negotiated with Aden for more than four hours before several officers fired shots at him. New said it was too early to say what prompted the officers to shoot and which agencies they are with. Numerous suburban metro police agencies had responded. A gun that Aden had was found at the scene, New said. Aden's brother, Badrudin Aden, 20, said Monday he was at the scene of the standoff ""when my brother was executed by law enforcement officers."" Hussein said the family would not comment about the domestic assault allegation or the shooting. ""At this point, right now, because there's so much information that is being withheld from the family, we're holding off about speaking directly about the incident,"" Hussein said. BCA INVESTIGATION CONTINUES In a statement Monday, the BCA said its investigators continue to conduct initial interviews with incident participants and witnesses. The BCA said it would not discuss an active investigation or release investigative data, including video evidence, while the case is open. ""Most investigative data, including video evidence, will be made public once the case is closed,"" the statement read. The BCA said it has met with and will continue to meet with Aden's family and they ""will be provided the opportunity to view the video evidence prior to its release."" The agency said names of the officers who fired their guns will be released once ""all who took part in or witnessed the incident have made themselves available to be interviewed by BCA agents."" 'HE HAD GOALS AND DREAMS' Aden was taking IT classes at the University of Minnesota and had a full-time job at a bank, his family said. ""I can wholeheartedly say that my brother truly embodied what it meant to be a kind and good person,"" his sister said. Related Articles Suspect arrested in Mounds View after car chase ends with police unit being struck Men swiped keys from St. Paul woman's walker at Walmart then stole her car and burglarized her apartment, charges say Rape, vehicle thefts rose across MN last year, but most other major crimes fell, report finds After record year of violence, assaults on Minnesota prison staff decrease Minneapolis cops responding to shots find Shakopee man fatally injured Besides petty misdemeanor convictions for traffic and vehicle violations, Aden did not have a criminal record, court records show. He was a 2014 graduate of Learning for Leadership, a Northeast Minneapolis charter school where he excelled in art, athletics and ""most importantly our school community,"" said Jason Stockwell, who was an adviser and teacher of the now-closed school. ""My brother's work ethic was unquestionable,"" his sister said. ""He had high hopes for not only himself, but for us as well. He had goals and dreams just like any of us.""",health,Pittsburgh Post-Gazette,right
fort worth police hope to alleviate lgbtq community's fears after 2 trans women killed,"After two transgender women were killed in Dallas in the past month, a meeting Monday night between the Fort Worth Police Department and LGBTQ groups in Fort Worth was both timely and needed, attendees and community leaders said. Muhlaysia Booker , a black transgender woman, was killed in Dallas on May 18. After a second black transgender woman, Chynal Lindsey, was found dead in a lake, some Fort Worth members of the LGBTQ community were afraid they were the next target. About 60 people went to a transgender group's meeting last week, and many of them were scared, said Finnigan Jones, executive director of Trans-Cendence International , at Monday night's meeting. ""That entire day, I had taken calls from community members, particularly some of our senior citizen transgender women, who were afraid to walk their dog. They were afraid to just go to the grocery store and get toilet paper,"" he said. ""And that is the fear that is happening in the community."" About three weeks ago, Fort Worth's interim police chief, Ed Kraus, asked Felipe Gutierrez to help him reach out to the LGBTQ community in Fort Worth in response to the killings in Dallas. Gutierrez, Director Development and Engagement for One Safe Place , helped coordinate Monday's meeting, where about 40 officers, community members and local groups talked about fears in the community, how Fort Worth police can help and how people can defend themselves. Jones asked Kraus and the police department to help set up self-defense training for the LGBTQ community in Fort Worth, particularly for transgender women. He also said some women want help learning how to conceal and carry guns. ""They are just scared because they are transgender women. They feel that transgender women are being targeted,"" he said. Naomi Green, a black transgender woman, said she has felt that fear herself and called the murder of trans women in the U.S. ""a state of crisis."" As the intervention specialist at the nonprofit Abounding Prosperity , Green said Fort Worth has the opportunity to show the U.S. the benefits of the LGBTQ community and police working together. ""We are being killed at alarmingly high numbers,"" she said about transgender women. ""Right now in Dallas and Fort Worth, we have the opportunity to be the face of change."" In 2018, at least 28 transgender people were killed in the U.S., according to data gathered by CNN . All but one of the victims were transgender women, and all but one were people of color. The meeting also comes a week after the 10-year anniversary of the Rainbow Lounge raid , in which a ""bar check"" by Fort Worth police and Texas Alcoholic Beverage Commission agents resulted in injuries to two patrons, several arrests and citywide protests. Fort Worth officers and LGBTQ leaders at the meeting said they have seen a shift in LGBTQ acceptance in Fort Worth since the raid. In 2000, Fort Worth was the first city in Texas to protect people from discrimination based on their sexual orientation. In 2009, the law was updated to include the same protection for transgender people. Kraus said sensitivity training in the department and more interaction with the gay community has spurred positive change. Finnigan said he tells group members who are fearful of law enforcement that Fort Worth police are on their side. Fort Worth police are far ahead of Dallas law enforcement when it comes to LGBTQ protections, another panelist, Rafael McDonnell with Dallas' Resource Center, said at the meeting. ""Fort Worth is doing right; Dallas needs to catch up,"" he said. Still, leaders said they are working to provide more protections for the LGBTQ community in DFW. ""It was encouraging to hear some of the positive things that were said about the Fort Worth Police Department,"" Kraus said at the end of the meeting. ""I wasn't sure exactly what the feeling was, and it encourages me. But I know we have some improvements we can make, and that's what we'll strive to do.""     ¬©2019 the Fort Worth Star-Telegram Visit the Fort Worth Star-Telegram at www.star-telegram.com Distributed by Tribune Content Agency, LLC.",crime,Deseret News,right
metro council passes controversial budget in 24-1 vote,"LOUISVILLE, Ky. (WHAS11)   Officials with Metro Council have overwhelmingly passed the operating budget by a 24 to 1 vote. The city needs to trim around $25 million to make up for its pension obligations. Councilwoman Madonna Flood was the sole no vote. She says that she could not in conscience vote for it and that it would hurt the most vulnerable people. Councilman Anthony Piagentini released a statement on Twitter saying, ""This budget was done in the right way. The Mayor proposed a budget and Metro Council, the voice of the people, changed it to reflect the will of the people. Overwhelming bipartisan consensus."" Metro Councilmembers also voted 25-0 for its capital budget. That budget helps to improve infrastructure. Mayor Greg Fischer's full statement: ""Metro Council has approved a budget that reflects the difficult realities caused by our increasing state pension obligation. This increasing obligation is not the fault of Metro Council nor my office; however, when faced with the choice to raise revenue to prevent reductions in services to our citizens, Metro Council voted against new revenue. ""This budget is not what a thriving city like ours deserves, and it is not the budget that any of us want. ""Because we already have a lean government, there were no easy decisions. I proposed a balanced budget that prioritized public safety and basic city services, while working to minimize the pain on our most vulnerable citizens. ""Though the Council approved 99.5% of the budget I proposed, and I do appreciate that, I would not be doing my job if I did not share with you my concerns about their changes, including that their choices may deepen inequities in our community. ""While I understand and share the desire to keep our library hours the same   and I love our libraries   Council does that by closing Youth Detention Services, before we can work out a solution with the State to keep our most vulnerable youth near their families and their schools. ""The desire to keep the Middletown library is understandable, but Council has done that with deep cuts to our violence prevention efforts. ""And Council has increased their neighborhood spending accounts by cutting the offices that work to create economic development throughout our city, and the office that makes Metro Government more efficient. ""While I disagree with these choices, my team will move forward, balance the budget and find ways to implement them with the least amount of pain to our residents. My thanks go to Budget Chair Bill Hollander for his leadership throughout this process. ""With our pension costs continuing to increase over the coming years, more cuts will keep coming. I don't like it, but that's reality. I understand that many people do not want to raise taxes, but no one likes service cuts either. We must face the reality that we must have new revenue if we want to continue to pursue greatness for our city. ""I pledge to continue to work with the State and our Metro Council to find new revenue, and to keep fighting to make sure Louisville has the services it needs to be the thriving, compassionate city that we all deserve."" RELATED: Council budget committee unveils changes to mayor's spending plan RELATED: Agencies worry about funding as Metro Council vote on budget Tuesday RELATED: Waterfront expansion continues despite looming budget cuts RELATED: Youth Detention Center control could go to the state ‚ñ∫Make it easy to keep up-to-date with more stories like this. Download the WHAS11 News app now. For Apple or Android users. Have a news tip? Email assign@whas11.com , visit our Facebook page or Twitter feed .",crime,New York Post,right
"dems' dream candidate is trump-defeating white man, poll shows","LOS ANGELES, CA   Diversity is taking a back seat to the Democrats' desire to dump Trump, according to a poll published Wednesday. The 2020 presidential candidate field is well stocked with women, people of color and millennials, but a majority of voters who said they expected to cast ballots in a Democratic primary thought that candidates who were white, middle-aged and male would be the party's best bet for defeating President Trump, the Los Angeles Times reported. That finding from the latest USC Dornsife/Los Angeles Times national poll (a poll that proved more accurate than most in 2016) illustrates the hurdles that female, black and Latino presidential candidates still face despite Democrats' celebration of diversity in their ranks. The poll also illustrates the wariness, bordering on pessimism, that many Democratic voters continue to show in the aftermath of Trump's upset victory in 2016. Asked to describe the ideal candidate to beat Trump, two-thirds of Democratic primary voters said a white candidate had the best chance of winning in 2020; 7 in 10 said a man would have the best shot; and about three-quarters said the strongest candidate against Trump would be age 41-65. A small majority favored a moderate over a more liberal or progressive candidate. Combined, 56% said they thought their best bet would be a white male candidate, with just over one-third opting for a white male moderate. Such calculations about electability have become a prominent and controversial part of the 2020 campaign. The belief on the part of many voters that a white male candidate has the best shot against Trump has buoyed the candidacy of Vice President Joe Biden, who has led in polls this spring. Other candidates, including Sens. Elizabeth Warren of Massachusetts and Kamala Harris of California, have criticized the focus on who is most electable. ""I remember when people said Barack Obama couldn't be elected,"" Warren said at a recent MSNBC town hall. ""I remember when people said Donald Trump couldn't be elected. And here we are."" Warren, like other candidates lagging behind Biden in polls, has been urging voters to focus on candidates' leadership qualities and policies, rather than trying to gauge their electability because guessing who can win an election a year away is all but impossible. Although voters preferred a middle-age nominee in the abstract, when they were asked about specific candidates, majorities chose the two oldest candidates -- Biden, 76, and Sen. Bernie Sanders of Vermont, 77 -- as the ones mostly likely to beat Trump. More than 8 in 10 said Biden would definitely (39%) or probably (47%) win in November; 60% said that about Sanders, although only 17% said they thought he would definitely win. Democratic voters were less optimistic about six other candidates the survey asked about. A majority said Trump probably or definitely would beat Warren, Harris or Sens. Cory Booker of New Jersey and Amy Klobuchar of Minnesota, as well as former U.S. Rep. Beto O'Rourke and Pete Buttigieg, mayor of South Bend, Ind. Even as Warren has been gaining ground in recent polls, the USC poll found that 55% of Democratic primary voters said Trump would probably (42%) or definitely (13%) beat her. Harris and O'Rourke were given roughly the same odds. Booker, Buttigieg and Klobuchar were judged less likely to win. City News Service",politics,Pittsburgh Post-Gazette,right
trump signs executive order calling for upfront disclosure of hospital costs,"Video by FOX Business President Trump on Monday signed an executive order demanding the upfront disclosure by hospitals of the actual prices for common tests and procedures. Trump's order also requires that patients be told ahead of time what their out-of-pocket costs like deductibles and copays will be for many procedures. ""This landmark initiative continues our work to put American patients first,"" Trump said during remarks at the White House before signing the order. ""We are fundamentally changing the nature of the health care marketplace."" Health and Human Services Secretary Alex Azar told reporters before Trump's remarks that the idea is to give patients practical information that they can use to help save money. For example, if a hospital charges your insurer $3,500 for a type of echocardiogram and the same test costs $550 in a doctor's office, you might go for the lower-price procedure to save on copays. The executive order calls for a rule-making process by federal agencies, which typically takes months or even years. The details of what information will have to be disclosed and how it will be made available to patients must be worked out as part of writing the regulations. That will involve a complex give-and-take with hospitals, insurers and others affected. Consumers will have to wait to see whether the results live up to the administration's promises. Lack of information on health care prices is a widespread problem . It's confusing for patients, and experts say it's also one of the major factors that push up U.S. costs. The same test or procedure, in the same city, can cost widely different amounts depending on who is performing it and who is paying the bill. Hospital list prices, which are available, don't reflect what they actually get paid by insurers and government programs. The health insurance industry said disclosing negotiated prices will only encourage hospitals that are now providing deeper discounts to try to raise their rates to match the top-tier facilities. ""Publicly disclosing competitively negotiated proprietary rates will reduce competition and push prices higher   not lower   for consumers, patients, and taxpayers,"" Matt Eyles, head of the industry group America's Health Insurance Plans, said in a statement. While the prices Medicare pays are publicly available, private insurers' negotiated rates generally are not. Industry officials say such contractual information is tantamount to trade secrets and should remain private. Azar pushed back against that argument, saying insurers do ultimately disclose their payment rates when they send individual patients an ""explanation of benefits."" That's the technical term for the form that patients get after they've had a procedure or seen the doctor. The president used his remarks to also take shots at former President Barack Obama's Affordable Care Act as well as 2020 presidential hopeful Bernie Sanders and his ""Medicare for all"" plan. Sanders' plan would replace job-based and individual private health insurance with a government-run plan that guarantees coverage for all with no premiums, deductibles and minimal copays for certain services. ""Democrats in Congress support Bernie Sanders' socialist takedown of American health care,"" Trump said. ""Under my administration, we will not let that happen."" The Associated Press contributed to this report.",politics,The Daily Caller,right
paul muschick: big name democrats shined but one dazzled in thursday's debate,"Now, that was better. Thursday night's Democratic debate had the life that Wednesday's lacked. Candidates challenged each other more and forced each other to answer some difficult questions. The big names   Joe Biden, Bernie Sanders and especially Kamala Harris   dominated the conversation. In their first opportunity to go toe-to-toe, they worked hard to make their points and to discredit the points of the others. Some of the other candidates fared well at times, while others were invisible. As expected, poll leader Biden was targeted by opponents. Thirty-eight-year-old Eric Swalwell cleverly took a few shots at Biden's age by using his own words against him. He told the story of when a young Biden said 32 years ago it was time ""to pass the torch"" to a younger generation. Swalwell told Biden it was time for him to do that now. ""I'm still holding on to that torch,"" responded Biden, 76. Harris scolded Biden for opposing busing for all students and for supporting whom she described as racist former colleagues on the Senate, a reference to comments Biden made at a recent fundraiser where he touted his relationship early in his career with senators who were segregationists. Biden denied doing either: ""I did not praise racists,"" he said. He said he opposed only the federal government's order to bus. What was interesting: The performance of Harris. She made her points well on nearly every topic that came up. Her personal stories, including being a young black girl riding the school bus, resonated. The Medicare-for-all divide: The candidates generally agreed that all Americans should be able to have government health insurance. They disagreed about how to get there. Sanders' plan to eliminate private insurance in favor of Medicare-for-all is well known. Others, including Biden, Michael Bennet and Pete Buttigieg said they prefer to build on the Obamacare system and add an option for people to choose government coverage. Immigration: Every candidate said they supported making illegal immigrants eligible for government-provided health insurance. Several said they did not believe people here illegally should be deported solely for that reason. Several also said they would decriminalize it, echoing comments made by some candidates during Wednesday's debate. College debt: While other candidates called for public colleges (Sanders) or community colleges (Biden) to be free for all, Buttigieg brought a voice of reason, questioning why the children of the filthy rich shouldn't have to pay something. Didn't belong: Andrew Yang and Marianne Williamson are wasting their time and money staying in the race based on their performance Thursday. Mute the mics: The moderators lost control several times as candidates talked over each other trying to be heard. In future debates, microphones should be kept off and activated only when a candidate is recognized to speak. And they should be cut off when a candidate rambles on after being told their time is up. Limit the field: Two 10-candidate panels was not manageable. Like I said in my column after Wednesday's session , this wasn't a debate. It was speed dating. Candidates barely had time to make a point before their talking time was up. The bar to qualify for future debates in this election, and in future ones, must be set higher. Morning Call columnist Paul Muschick can be reached at 610-820-6582 or paul.muschick@mcall.com     ¬©2019 The Morning Call (Allentown, Pa.) Visit The Morning Call (Allentown, Pa.) at www.mcall.com Distributed by Tribune Content Agency, LLC.",politics,Pittsburgh Post-Gazette,right
Boston ICE chief: Democratic 'concentration camp' slur 'disheartening',"A top Boston ICE official is slamming Democratic comparisons of immigrant detention centers to ""concentration camps,"" while also taking aim at any implementation of sanctuary city policies as ""a crime in itself."" ""To be compared to a concentration camp is very disheartening,"" Todd Lyons, deputy director of Boston's Immigration and Customs Enforcement field office, said Tuesday on Boston Herald Radio . He dismissed the remarks by hard-left freshman U.S. Rep. Alexandria Ocasio-Cortez (D-New York) and others as an anti-Trump political backlash that is unfairly targeting ICE. ""We did a lot of good immigration enforcement from 2010 to 2016, so it's extremely frustrating when that same work is compared to being such horrific acts   when in the past we were praised for the enforcement actions we took,"" Lyons said. ""To be painted with a broad brush like that, especially with comments that are so inaccurate, is disheartening."" Ocasio-Cortez made the comparison in a video and then tweeted, ""This administration has established concentration camps on the southern border of the United States for immigrants, where they are being brutalized with dehumanizing conditions and dying."" The comments drew fire from Republicans and Jewish groups who said the comparison to the camps where Jews were held and killed en masse by Nazi Germany cheapens the memory of the Holocaust. Lyons said the detention centers where migrants are held while U.S. authorities determine whether they have viable asylum claims or will be deported have higher standards than normal U.S. prisons. Lyons also took aim at sanctuary city policies. ""To tie the hands of ICE or to block us from doing our job and supporting local law enforcement   it's really a crime in itself,"" Lyons said. A number of Massachusetts cities have policies that bar cooperation between local police and federal immigration officials, including Boston. A state judge, meanwhile, is under federal indictment, accused of helping an illegal immigrant defendant evade ICE agents. ""We do have a lot of sanctuary city-style policies. We do have a lot of laws through the state which hamper how law enforcement deal with ICE,"" Lyons said. ""It hampers public safety   it really does."" Supporters of such laws say that if local cops work with ICE, illegal immigrants will less likely call police. Lyons said his office is monitoring nearly 70,000 immigrants in New England. He said his office prioritizes illegal immigrants who have committed other crimes, but added, ""Just because we prioritize doesn't mean that a specific class of removal proceedings are exempt. As we encounter individuals through our daily immigration duties we will take immigration action throughout Massachusetts.""",politics,Boston Herald,right
Shakespeare in the Parks turns 15 with all-female 'Julius Caesar',"Pittsburgh Shakespeare in the Parks' 15th-season offering is a sign of the times   an all-female cast and production team in ""The Tragedy of Julius Caesar."" The company that brings free Shakespeare productions to city parks will perform the 90-minute adaptation Sept. 7-29 at sites and times that have not been determined. ""Many of us coming up in theater have experienced a lot of patriarchy and a lot of sexism, and we quite simply want to do it our way, and tell our story,"" said Jennifer Tober, PSIP founder and artistic director. She added that ""the person who is running the country now, making misogynistic remark after misogynistic remark"" is another reason for women in the arts to push back. ""It's our way of saying, 'No, we're not going to be told to be pretty or to be sexy or to be quiet or that we can't do the things that men can do.' And all of us working in this production have experienced that in the theater."" Pittsburgh Shakespeare in the Parks is on trend with other all-female or female/nonbinary productions of the Bard's plays, including Pittsburgh Public Theater's ""The Tempest"" in January. The cast for ""Julius Caesar"" includes Lisa Ann Goldsmith, currently seen in Kinetic Theatre's ""The Speckled Band,"" as Cassius, Shammen McCune as Brutus, Irene Alby as Caesar and Harper York is Mark Antony. Beside taking a stand as part of the #MeToo/#TimesUp movement, the all-female team reflects the company's push for more diversity in both its audience and hiring, Tober said. After 15 years, it's still exciting to see people from foreign countries or other states finding their way to city parks and joining Pittsburghers in celebrating the Bard's work, she said. ""Free art and free exposure to classical art is necessary. Doing theater is great, but doing Shakespeare is better and doing Shakespeare outside for free is the best."" Sharon Eberson: seberson@post-gazette.com or 412-263-1960. Twitter: @SEberson_pg. Sign up for the PG performing arts newsletter Behind the Curtain at Newsletter Preferences.",politics,Pittsburgh Post-Gazette,right
Immigrant advocates blast Trump over census citizenship question,"Immigrant advocates and sanctuary city leaders are ripping President Trump for pushing forward with the controversial citizenship question on the census, despite the Supreme Court ruling against the query. Attorney General William Barr on Monday said the Trump administration will soon take action that he says will allow the question. Trump, who has been pressing for the government to demand information about citizenship, is expected to issue a memorandum to the Commerce Department instructing it to include the inquiry. This is another example of the Trump administration ""pretending that it is above the law,"" the executive director of Lawyers for Civil Rights in Boston said Tuesday. ""We see no way the White House or Commerce Secretary can possibly provide a legitimate and lawful explanation in support of the citizenship question,"" Ivan Espinoza-Madrigal said in a statement. The Trump administration had argued the question would help enforce the Voting Rights Act, which protects minority voters' access to the ballot box. But a majority of the Supreme Court said last week that reasoning was ""contrived."" The Justice Department had never previously sought a citizenship question in the 54-year history of the landmark voting rights law. Somerville Mayor Joe Curtatone said the citizenship question is ""designed to get a census undercount that isn't good for the nation, for Massachusetts, or the Boston region."" The U.S. Census Bureau's experts have said requiring such information would discourage immigrants from participating in the survey and result in a less accurate count. That in turn would redistribute money and political power away from Democratic-led cities where immigrants tend to cluster to whiter, rural areas where Republicans do well. ""Instead of recognizing that he lost, the President is trying to sabotage the Census in a new way: by openly linking the citizenship question to his campaign to terrify and drive out immigrants,"" Eva Millona, executive director of the Massachusetts Immigrant and Refugee Advocacy Coalition, said in a statement. Local Republicans said Tuesday they support the question. ""It seems to be a natural question, whether you are a citizen of this country,"" Massachusetts Republican Party Chairman Jim Lyons said. ""To me, that's information we would want to know."" Out of the 23 censuses conducted in the U.S. since 1790, a citizenship question has been asked 10 times   or 43% of the time. According to calculations by the Census Bureau, adding a citizenship question would cause lower response rates among noncitizens, leading to an increased cost to the government of at least $27.5 million for additional phone calls, visits and other follow-up efforts to reach an estimated 630,000 missed households. ""I don't know what the big deal is with putting it back on,"" said Mary Lou Daxland, Northeast regional VP of the National Federation of Republican Assemblies. ""It's just one more reason for Democrats to go against our president."" Herald wire services contributed to this report.",politics,Boston Herald,right
ICE raids could start Saturday: 'This is extremely troubling',"President Trump's reported decision to move ahead with nationwide ICE raids, targeting recent arrivals including migrant families and those with final deportation orders is ""extremely troubling,"" area immigration-rights advocates said Thursday. Trump postponed the operation in late June, but now it appears the sweep could begin this weekend in 10 major cities, including Chicago, Los Angeles, New York and Miami, according to news reports. Boston is not on the list, but local advocates remain concerned. ""This is extremely troubling,"" said Eva Millona, executive director of the Massachusetts Immigrant and Refugee Advocacy Coalition. ""It institutionalizes destruction and fear. ""How many millions of taxpayer dollars are being used to terrorize families?"" she added. ""Children will be traumatized by agents storming their homes and taking their parents away."" Trump announced on Twitter last month that the sweep would mark the beginning of a push to deport millions of people who are in the country illegally. Then he abruptly canceled the operation after a phone call with House Speaker Nancy Pelosi, while lawmakers worked to pass a $4.6 billion border aid package that recently was approved. Trump started hinting anew in recent days that more removals were coming. He said last weekend they would be starting ""fairly soon."" Related Articles Rollins declines prosecution of 18 ICE protesters Suffolk DA: No prosecution of 18 protesters arrested at Boston ICE facility Attorney: Suspended judge presumed innocent, should be paid ICE moves against Ukrainian charged in New Hampshire crash that killed 7 bikers Truck driver in fatal New Hampshire motorcycle crash had drunken driving history In response to the impending ICE raid, U.S. Rep. Katherine Clark (D-Melrose) on Thursday wrote on Twitter: ""Mr. President, arresting babies doesn't make the U.S. safer. It makes you evil."" Meanwhile, activists ramped up efforts to prepare by handing out know-your-rights pocket guides, circulating information about hotlines and planning public demonstrations. Vigils outside of detention centers and other hundreds of locations nationwide were set for Friday evening, including at 7 p.m. on the steps of the State House in Boston. ""We're very concerned for the safety of our immigrant brothers and sisters, and the security of their families,"" said Leah Bloom, one of the organizers for Friday's Boston Lights for Liberty: A Vigil to End Detention Camps. She said the candlelight vigil will bring people together to honor the memories of those who have died fleeing to the United States and in Customs and Border Patrol custody   and also to ""protest the inhumane conditions faced by refugees.""   Herald wire services contributed to this report.",politics,Boston Herald,right
The Michelle Wu train is coming down the tracks!,"City Councilor at Large Michelle Wu has dubbed her big MBTA fare protest Monday the ""Boston T Party"" but the camera-friendly rally looks like it might have another planned destination   a 2021 challenge to Boston Mayor Marty Walsh and an unprecedented progressive, minority takeover of City Hall. ""Michelle Wu is the leader we need,"" wrote Boston resident Jordan Meehan on Twitter Sunday morning, one of many tweets and messages thanking the two-term councilor for organizing the event. The Roslindale Democrat has proven politically nimble during the MBTA firestorm over the past month   leveraging her well-known profile as a T critic to organize widespread frustration about the notoriously problem-plagued subway system. Riders have faced two derailments and ongoing delays in the last month alone. She will continue to flex her organizational muscle Monday as dozens of lawmakers and other local politicians are expected to hit up T stops across Greater Boston to listen to commuter outrage on the very day those riders are hit with a 6% fare increase. ""These fare hikes should never have been approved in the first place,"" Wu told a crowd at Sunday's Park Street protest. Several other local pols vented their frustration. ""Thousands of Cantabrigians will pay more for a public service that has become synonymous w/ delays, derailments & disappointment,"" Cambridge Mayor Marc McGovern wrote on Twitter. ""We will be in Central Square as we protest."" On top of her keen sense of timing, Wu has used her populist message to gather names and numbers of Boston voters, information that helps build a vast campaign network if she decides to launch a 2021 challenge. Perhaps most importantly, Wu has already shown she's willing to take Gov. Charlie Baker to task more than Walsh, who seems to be in a continual bromance fog when it comes to the governor. ""This is about a system that lacks leadership and vision at the top and accountability to those most impacted,"" Wu said. Remember those words, Marty. Next time you hear them, they may well be directed at you. Related Articles Hillary Chabot: No wonder in Encore Boston Harbor casino Hillary Chabot: Trump's mane a media magnet, liberal antagonizer The high-profile event carries plenty of risk for Wu, however. Change at the hulking MBTA happens slowly if at all, and Wu could face an embarrassing political loss if the agency simply shrugs off her complaints ‚Ä¶ or worse, if her T army fails to show up in force Monday. Meanwhile, the thus-far politically popular Mayor Walsh will be absent from Wu's party today. Undoubtedly entirely by coincidence, she's scheduled her launch while he's thousands of miles away, off at the U.S. Conference of Mayors in Hawaii. A main theme of that confab? Infrastructure.",politics,Boston Herald,right
2020 candidate slams DNC for 'arbitrary' rule change that could keep him out of debate,"One 2020 presidential hopeful's chances of securing a spot on the Democratic National Committee's debate stage have been dashed by what his campaign is calling an ""arbitrary"" rule change. Montana Gov. Steve Bullock's campaign manager Jenn Ridder ripped the DNC on Thursday, six days before contenders have to meet the polling and fundraising criteria to participate in the first debate series, for disqualifying a public opinion survey on which Bullock was relying. ""While Governor Bullock was expanding Medicaid to one in ten Montanans despite a nearly 60% Republican legislature, the DNC was making arbitrary rules behind closed doors. The DNC's unmasking of this rule unfairly singles out the only Democratic candidate who won a Trump state   and penalizes him for doing his job,"" Ridder said in a statement. The poll, conducted for Washington Post and ABC News, was excluded because it questioned respondents using an open-ended format. Bullock's campaign said they were only made aware of the development this week, a claim the DNC disputed in a report by Politico . ""An open-ended poll is actually harder to register in, as voters must name their preferred candidate without reading from a list of names,"" the campaign wrote in a memo sent to reporters. A DNC spokeswoman didn't immediately respond to the Washington Examine r's request for comment. Bullock, who waited until the end of Montana's legislative session in May to announce he was running for the White House, was previously considered to be one of seven contenders who'd reached the DNC's polling target set in February of at least 1% support in three polls. He'd yet to satisfy the second criterion of attracting 65,000 donors, with 200 contributors from 20 different states, necessary to participate in Miami. The hopefuls who, so far, seem certain to take part in the debate line-up on June 22 and June 23 include: former Vice President Joe Biden, New Jersey Sen. Cory Booker, South Bend, Ind., Mayor Pete Buttigieg, Obama administration housing secretary Juli√°n Castro, Hawaii Rep. Tulsi Gabbard, California Sen. Kamala Harris, Washington Gov. Jay Inslee, Minnesota Sen. Amy Klobuchar, former Texas Rep. Beto O'Rourke, and Vermont Sen. Bernie Sanders, self-help author Marianne Williamson, and entrepreneur Andrew Yang.",politics,Washington Examiner,right
"Pelosi feud with AOC, Pressley sows division among Democrats","The ongoing feud between House Speaker Nancy Pelosi and ""The Squad""   four progressive freshmen representatives including Boston's Ayanna Pressley and New York's Alexandria Ocasio-Cortez   is sowing division at a time when the Democratic Party needs to project a unified   and more centrist   front to retain its majority and knock Donald Trump from office, political observers say. The battle that began over an emergency border aid package in late June has now sparked a war of words between Pelosi and Ocasio-Cortez   the leader of the so-called ""squad"" that includes Pressley, Rep. Ilhan Omar (D-Minn.) and Rep. Rashida Tlaib (D-Mich.)   with Pressley joining the fray. The barbs have turned personal, despite Pelosi's public message of unity. At her weekly press conference Thursday, Pelosi told reporters, ""We respect the value of every member of our caucus. The diversity of it all is a wonderful thing."" But behind closed doors, Pelosi sounded a different note, reportedly saying, ""You got a complaint? You come and talk to me about it. But do not tweet about our members and expect us to think that that is just OK."" Ocasio-Cortez told the Washington Post earlier this week, ""The persistent singling out ‚Ä¶ it got to a point where it was just outright disrespectful ‚Ä¶ the explicit singling out of newly elected women of color."" While other minority representatives have jumped to the freshmen lawmakers' defense, political experts tell the Herald that Pelosi is doing what she needs to do to maintain Democratic control of the House. ""What she's doing is singling out four women from very left-wing, safe Democratic districts,"" Elaine Kamarck, of the Brookings Institution, said of Pelosi. ""If there were white guys doing the same thing, she'd be doing the same thing."" Pressley and Ocasio-Cortez are ""wonderful representatives,"" Kamarck said. But ""the reason Nancy Pelosi is speaker and not minority leader is because Democrats won a lot of purple districts   districts that are very much unlike Alexandria Ocasio-Cortez's district, and unlike Ayanna's district   and if they want to retain leadership ‚Ä¶ they've got to worry about those districts."" Democratic strategist Patrick Dorton said, ""Attempts by some of the progressive freshman to bully the Democratic Party or their own leadership are counterproductive. If the Democratic Party wants to win in 2020, they need to be on the same team. And right now, that's Pelosi's team."" Larry Sabato of the University of Virginia Center for Politics said, ""I think at some point, if they don't start playing ball, they'll find themselves frozen out of real power."" Lina Francis, Pressley's communications director, said in a statement, ""The Congresswoman remains committed to working in partnership with her constituents and her colleagues in congress to develop bold solutions to solve pervasive inequalities felt throughout the country.""",politics,Boston Herald,right
Councilwoman Darlene Harris disapproves of process to pay $45K in city ethics legal fees,"Pittsburgh City Councilwoman Darlene Harris on Wednesday took issue with the city's process of paying $45,000 in legal fees for ethics hearings   some of which focused on her refusal to file local campaign finance reports. The two resolutions   to approve $30,000 for David Berardinelli and $15,000 for retired Judge William F. Ward, who respectively served as prosecutor and hearing officer for the board   received a negative recommendation from council's standing committee. ""I do not have any kind of gain from any of this. I'm making sure council knows that publicly,"" Ms. Harris said during discussion, adding that she took issue with a private executive session held Tuesday to discuss the legal payments. ""The councilwoman is expressing legitimate concerns about the administration's use of an executive session on matters of payment without adequate explanation as to why such matters could not be adequately addressed at an open council session in the public eye,"" said her attorney Jim Burn, of the Downtown Abes Baumann firm. The mayor's office maintains that the resolutions for budgeted payments ""aren't about [Harris'] hearing before the board or fanciful claims about executive sessions,"" said Timothy McNulty, mayoral spokesman. Ms. Harris refused to file her local campaign finance reports. Council passed campaign finance regulations in 2015. Mr. Burn said the city's ""restrictive"" campaign finance regulations violate state preemption law. Of the 11 times the board has met in 2019, two were hearings regarding an ""alleged March 1, 2019, campaign finance violation,"" according to meeting records. The body's findings have not yet been released. ""Mayor Peduto believes it is absolutely necessary to have an independent Ethics Board that is free from interference by any elected official, including the mayor or members of City Council. To be fully independent the board needs its own legal counsel, just as the Citizen Police Review Board does,"" Mr. McNulty said. Five council members abstained from Wednesday's committee vote. President Bruce Kraus, and members Ricky Burgess and Daniel Lavelle voted in favor. Councilman Corey O'Connor was absent. Mr. Burgess said the board ""needs legal support."" Council will take a final vote Monday. Ashley Murray: 412-263-1750 or amurray@post-gazette.com",legal arguments,Pittsburgh Post-Gazette,right
Workers wanted: Allegheny County lags in gearing up for career-focused jobs,"Allegheny County students remain under-enrolled in career and technical education programs even though they can lead to rewarding, family-sustaining jobs that employers will be struggling to fill. That's the main takeaway of a new report from the Pittsburgh nonprofit Allies for Children. The report should be viewed as a companion or follow-up to a pair of Allegheny Conference on Community Development studies, one issued in 2016 and the other last year, warning that the region will be short as many as 80,000 workers by 2025. Many of those openings will be in positions that don't require four-year college degrees but do require the kind of specialized training provided by high school and postgraduate CTE. Allies for Children and the Allegheny Conference both noted low student enrollment, funding challenges and other problems with CTE programs. Three years after the conference's initial report, it's clear the CTE landscape isn't changing quickly enough, with potentially grave repercussions for workers and the region. Only 8% of Allegheny County high school students are enrolled in CTE programs, compared to about 13% statewide, according to Allies for Children. Parity would require another 2,400 students to enroll in the county's CTE programs. The report noted that Forbes Road Career and Technology Center in Monroeville has fewer students now than 10 years ago. The region has lost population, so that is likely a contributing factor. However, with training in advanced manufacturing, automotive technology, building construction technology, warehouse management and computer network security, among other programs directly bearing on the region's growing economy, the school should be bursting at the seams. Allies for Children calls for more outreach so that students, parents and K-12 teachers better appreciate the potential value of CTE. Utterly laughable is the lingering notion that CTE is for students who can't make it in other educational settings. Forbes Road says students in its advanced manufacturing program ""will read blueprints"" and ""cut, shape and finish metal products on state‚Äêof‚Äêthe‚Äêart manual and computer-controlled machines."" None of that sounds easy. Exposure to CTE should start as early as possible   no later than middle school   and promotion of these programs should include employment projections so students can make sound plans for their future. State and local governments should make the necessary investment in CTE programs   especially equipment   so students can hit the ground running after graduation. Also, as Allies for Children and the Allegheny Conference have noted, schools and employers should work together to develop a workforce for CTE-related jobs that are open now or at risk of going unfilled in the future.",education,Pittsburgh Post-Gazette,right
Official: Mt. Lebanon deer management program has prevented almost 300 accidents,"The number of deer-vehicle collisions in Mt. Lebanon has steadily declined in recent years. That was the assessment made by Ian McMeans, municipal assistant manager/planner during a presentation to commissioners Tuesday on the municipality's deer management program. Mt. Lebanon uses both sharpshooters and archery hunters to cull the deer population. In 2014, the municipality set a goal to reduce deer-vehicle collisions by 50%. In 2013-14, there were 44 deer-vehicle collisions, but that number spiked in 2016 to 122. In 2016, the municipality started contracting with sharpshooters who are granted special authority by the state Game Commission. The next year, collisions involving deer dropped to 86. In 2018, the number dropped even further to 61. According to municipal mapping information, a majority of deer-related accidents happen on Bower Hill Road near the Scott Township border and in the area of Cedar Boulevard between Robb Hollow Park and Bird Park, Mr. McMeans said during the commissioners' discussion session meeting. ""Generally they are around the large, wooded areas,"" Mr. McMeans said. Mt. Lebanon has spent $296,578 on deer management since 2015 with a total of 466 deer culled   271 through sharpshooting and 195 through archers. The archery season typically runs from September through January, with sharpshooting in February and March. ""We would have likely seen 296 more deer collisions if we had not implemented the program,"" Mr. McMeans said. He said if there were 296 more crashes, that would have cost between $444,000 and $1.2 million   based on the average cost of vehicle damage from a deer-related crash. Mr. McMeans added that even with the cost of the cull, there is a savings to residents because there is less potential for a crash. The municipality also has been able to donate 9,500 pounds of venison to local food pantries, including Bethany Presbyterian Church and the Greater Washington Food Bank, through Hunters Sharing the Harvest. Resident Kimberly Schevtchuk disputed the municipality's claims in the deer management report at the regular commissioners meeting that followed the discussion meeting. ""It is a carefully constructed pseudo-scientific report that grossly exaggerates the findings,"" she said. ""The projected cost savings are entirely misleading,"" she said, adding she wanted to sit down and discuss the findings with municipal officials. The commissioners asked Ms. Schevtchuk to put her complaints in writing, but she declined. Deana Carpenter, freelance writer: suburbanliving@post-gazette.com.",environmental issues,Pittsburgh Post-Gazette,right
Ruling: Highmark members lose UPMC access June 30,"Highmark insurance members will no longer have discount access to many UPMC doctors after June 30, a Commonwealth Court judge ruled Friday in what is unlikely to be the last word in the bitter divorce of warring Pittsburgh-based health care systems. Judge Robert Simpson ruled the consent decrees that guided business relations between Highmark and UPMC for nearly five years ends June 30, closing the doors to UPMC doctors for thousands of people in Western Pennsylvania who have Highmark health coverage. An appeal of the decision to the state Supreme Court is expected   the second time in as many months the issue will come before the justices. The state attorney general and Highmark officials ""cannot state a cause of action for extension of the termination/expiration provision of the consent decrees,"" Judge Simpson wrote. Judge Simpson's ruling comes eight days after UPMC unexpectedly announced that it would continue allowing in-network access for Highmark members after June 30 to three UPMC specialty hospitals, including Children's Hospital in Lawrenceville. UPMC specialty hospital access for Highmark members had been a bitterly divisive issue in public hearings in the Pittsburgh area that were conducted in recent months by Allegheny County Controller Chelsa Wagner. The state Supreme Court last heard an appeal of the agreement's runout date on May 16 before ruling in a 4-3 decision May 28 to return the issue to Commonwealth Court to decide. Judge Simpson heard two days of arguments in the case June 10-11 in Harrisburg. The issue of when the consent decrees expire was first raised in February by Pennsylvania Attorney General Josh Shapiro, who filed a four-count civil lawsuit against UPMC for allegedly violating its nonprofit tax-exempt status in excluding Highmark members from access to institutions that public and philanthropic dollars helped build. In court papers, UPMC lawyers said the attorney general was exceeding his authority in trying to get UPMC to accept Highmark members and replace UPMC's board. During the two days of hearings earlier this week, UPMC lawyer Leon F. DeJulius from the law office of Jones Day argued that the consent decrees were never intended to be extended indefinitely. Moreover, the attorney general had not provided independent evidence that the consent decrees' modification clause included an extension. ""This was not a document negotiated for an indefinite extension,"" Mr. DeJulius told the court. ""There's not one document that supports the attorney general's case."" In earlier testimony, executive deputy general James Donahue said the Highmark-UPMC agreement was the first time in his 34-year career with the attorney general's office that an extension had been sought. However, the extension was justified by serving the public interest, where Highmark members   some critically ill   would be forced to find new doctors outside UPMC. The attorney general's lawsuit seeks a UPMC mandate to reach agreements with ""any willing insurer,"" an idea that legal experts say is without precedent. Kris B. Mamula: kmamula@post-gazette.com or 412-263-1699",legal arguments,Pittsburgh Post-Gazette,right
Rollins declines prosecution of 18 ICE protesters,"Suffolk District Attorney Rachael Rollins said her office won't pursue charges against the 18 protesters arrested Tuesday outside the Boston ICE detention center. ""I believe that challenges to ICE's actions are most effectively effectuated in court,"" Rollins said in a statement. ""The protesters' peaceful challenge of the inhumane detention policies of the Trump administration is protected by the First Amendment."" Through the ""Never Again Action"" group, hundreds of protesters Tuesday marched from the New England Holocaust Memorial to the Suffolk County House of Correction, where ICE houses some of its detainees. Protesters called for the end of the Trump administration's immigration crackdown, closure of the border camps and to abolish ICE. Cata Santiago, community organizer for Movimiento Cosecha, said the 18 arrested were from the Jewish community, who ""expressed their solidarity for the broad immigrant community through their arrests."" ""It was a way to set the example of what it means to care for and respect the immigrant community,"" Santiago said, describing how the 18 locked arms and sat on the building's steps. Santiago said Rollins' refusal to prosecute demonstrated that politicians are beginning to show their support and that it ""spoke volumes."" Maddy Popkin, with the Boston Workmen's Circle Center for Jewish Culture and Social Justice, confirmed that some of those arrested were from their organization. ""We feel that we can't be complacent and sit and wait for change because we the people have the power to demand and enact change,"" Popkin said when asked about the arrests, adding that it was important for the Jewish community to stand with immigrants because they knew what it was like ""to be persecuted and families torn apart"" when immigrating to the United States. ""So we marched and inherited the fight of our ancestors,"" Popkin said. Lily Fisher Gomberg, who said she was one of the 18 protesters arrested Tuesday, said she commends Rollins on her decision. ""As activists, we protested peacefully, did not resist arrest, and did not have past charges. There would have been no reason to process our charges,"" Gomberg wrote in a statement to the Herald. Gomberg said that when the case was dismissed, many of the activists ""cried tears of relief and pride.""",politics,Boston Herald,right
Ilhan Omar fined by state for unlawful use of campaign funds,"R ep. Ilhan Omar, D-Minn., has to personally pay a fine for multiple violations of the state's campaign finance laws. The Minnesota Campaign Finance and Public Disclosure Board ordered the freshman Democrat to personally pay a $500 civil fine along with paying back $3,469 to her Minnesota statehouse campaign after she unlawfully used funds for multiple personal expenses. The board required Omar to repay $2,250 she had been reimbursed for law firm invoices for her immigration records and personal tax returns. The report said the law firm was tied to a ""crisis committee"" which was created to defend her against allegations that the congresswoman had married her brother in an immigration scheme. In addition, the board found that on five different occasions that Omar paid for travel and hotel expenses on out-of-state trips in 2017, including a rally for a local candidate in Boston, that Omar had ""categorized as expenses of serving in public office."" The investigation started in 2018 after Minnesota GOP state Rep. Steve Drazkowski filed a complaint to the board. ""This just really adds on to the litany of disrespect for the law that Rep. Omar has,"" Drazkowski told the Washington Examiner after the board's report was released Thursday. ""You have eight violations here."" Drazkowski, who filed multiple complaints, called Omar ""a serial violator of the law"" who had no hesitation when it came to trampling on campaign finance rules. Omar said in a statement she would comply with the board's fine. ""I'm glad this process is complete and that the Campaign Finance Board has come to a resolution on this matter. We have been collaborative in this process and are glad the report showed that none of the money was used for personal use, as was initially alleged,"" Omar said. She also said she plans to close the account from the state race and give the money to organizations that help first-time candidates ""so that the next generation of candidates and their teams know how to adequately track and report campaign expenses.""",legal arguments,Washington Examiner,right
Leaked memo reveals Boris Johnson called the French 'turds' in comments censored by the BBC,"Boris Johnson branded the French ""turds"" in comments filmed by the BBC, according to a leaked memo. However, the UK government successfully persuaded the broadcaster to remove the footage from a documentary about his time at the Foreign Office. Officials argued that airing the comments would do significant damage to Anglo-French relations. Johnson is the strong favourite to replace Theresa May as prime minister. Visit Business Insider's home page for more stories. LONDON - Boris Johnson branded the French ""turds"" in remarks that the UK government successfully persuaded the BBC to remove from a documentary about his work at the Foreign Office. The former Foreign Secretary was filmed making the comments in relation to the French government's Brexit position, according to a leaked government memo seen by the Daily Mail. The BBC initially insisted they would broadcast the comments, as part of the documentary Inside the Foreign Office, which was broadcast last year, insisting that they were an accurate portrayal of Johnson at work. However, the Foreign Office successfully argued that Johnson's comments, if aired, would do ""significant damage"" to Anglo-French relations and harm Brexit negotiations. In a memo seen by the Mail, officials note that ""we negotiated the removal of one potentially awkward moment where the former foreign secretary calls the French 'turds' so as not to distract from the rest of the programme."" The BBC then removed the comments from the final edit, but kept in separate comments in which Johnson accused the French of ""shafting"" Britain. Johnson has committed to renegotiating Britain's Brexit deal with the EU if he becomes prime minister at the end of next month. However, the former foreign secretary has long been seen as a divisive figure in Europe, ever since he began his career as a muck-racking European correspondent for the Daily Telegraph in Brussels. Senior EU figures have repeatedly insisted that the Withdrawal Agreement negotiated by Theresa May cannot be re-opened. A spokesperson for the BBC said: ""The programme set out to reflect the realities of life inside the Foreign Office, the production team made judgements about what was in the programme and they are satisfied that the programme achieves its ambitions and has the content they wanted.' A spokesperson for Johnson was contacted for comment.",politics,Daily Mail,right
Syria Shriners say no circus in Pittsburgh this year,"No elephants, tigers or camels will be headed to the city this fall, as the Shriners Circus has called it quits. ""Well it won't be in the city of Pittsburgh. It wasn't an option for us this year,"" Robert Addleman Jr., corporate secretary and business manager for the Syria Shriners, said Thursday. Stricter animal treatment regulations and an injurious bucking camel at its 2018 circus in Pittsburgh have led up to the big top collapsing for the local Syria Shriners' biggest fundraiser. Mr. Addleman did not say if another location in the region has been chosen. ""Everything's a business decision, so I can't say for sure that we will hold the circus in another location, and I also can't say that the circus is done for,"" he said. Proceeds from the circus, held almost every year in Pittsburgh for nearly seven decades, benefit the local fraternal order, including its philanthropic efforts for the national Shriners Hospitals for Children. The local show draws roughly 30,000 people for fives shows over several days. ""Some years have been better than others,"" Mr. Addelman said, adding that the organization usually expected to make $100,000 or more. At the circus' last Pittsburgh showing in September 2018, a startled camel that began bucking during a session of free rides injured six children and one adult   causing a broken arm for one of the children. A federal inspector found no violations during its inspection of the incident. The Shriners' 2018 Pittsburgh circus went on thanks to a judge's one-time exception, despite Pittsburgh lawmakers enacting stricter animal treatment regulations in December 2017. The ordinance restricts anyone in Pittsburgh from using pain-inducing or -threatening devices, like bullhooks or electric prods, on wild or exotic animals. Circus insurance carriers require the presence of bullhooks   a pointed hook on a long handle   to guide elephants, Mr. Addelson said. The organization maintains that animals at their circus do not face pain or harm. In 2018, Mayor Bill Peduto urged Shriners to continue their tradition, but without ""instruments that cause pain and injury to the animals they use as entertainment."" The mayor's office did not have comment on the Shrine Circus leaving city limits. National animal rights organization PETA said it supports the Syria Shriners' decision. ""PETA applauds the Shriners' decision to join the growing number of temples that are leaving elephants, camels, and other animals out of their fundraisers,"" said Rachel Mathews, the advocacy organizations' deputy director of captive animal law enforcement. Circus acts and animal performers have fallen out of public favor in recent years due to a number of factors, including animal welfare concerns. Ringling Brothers took its final bow in 2017 . Ashley Murray: 412-263-1750, amurray@post-gazette.com or on Twitter @Ashley__Murray",environmental issues,Pittsburgh Post-Gazette,right
"Ocasio-Cortez, Sanders call for climate change emergency mobilization, seeks a re-do of failed Green New Deal","Rep. Alexandria Ocasio-Cortez and Sen. Bernie Sanders will introduce Tuesday a resolution declaring a climate change emergency, a move that comes after the Green New Deal failed to take off the ground earlier this year. The resolution, also co-sponsored by Oregon Rep. Earl Blumenauer, will call for a wide-scale mobilization to combat the emergency and restore the climate ""for future generations."" GREEN NEW DEAL FAILS SENATE TEST VOTE AS DOZENS OF DEMOCRATS VOTE 'PRESENT' ""The global warming caused by human activities,"" claims the draft resolution, according to the Mother Jones magazine, ""has resulted in a climate emergency that ‚Ä¶ demands a national, social, industrial, and economic mobilization of the resources and labor of the United States at a massive-scale."" Ocasio-Cortez and Blumenauer, meanwhile, also wrote to fellow members of Congress urging them to declare climate change an emergency in a bid to ""swiftly mobilize federal resources in response."" The resolution, according to the outlet, details how climate change impacts public health and national security of the U.S., though it doesn't make any exact recommendations how to address the so-called emergency. The latest declaration comes after Ocasio-Cortez's signature Green New Deal, a sweeping Democratic proposal for dealing with climate change, failed a test vote in the U.S. Senate back in March, with 42 Democrats and Sen. Bernie Sanders, I-Vt., voting ""present."" OCASIO-CORTEZ ASSAILS BIDEN'S 'MIDDLE GROUND' CLIMATE CHANGE PLAN, SAYS IT'S 'DEALBREAKER' Both the New York Democrat and her colleagues decried Senate Majority Leader Mitch McConnell's move to bring the Green New Deal up for a vote, saying the Republicans purposely rushed the vote while McConnell only wanted Democrats to go on record to support the sweeping proposal that he himself called ""a radical, top-down, socialist makeover of the entire U.S. economy."" The Green New Deal calls for the U.S. to shift away from fossil fuels such as oil and coal and replace them with renewable sources such as wind and solar power. It calls for virtual elimination by 2030 of greenhouse gas emissions responsible for global warming. Republicans have railed against the proposal, saying it would devastate the economy and trigger massive tax increases. It remains unclear how the new resolution differs from the Green New Deal, though a spokesperson for Sanders told the magazine that unlike President Trump's emergencies, the climate change declaration warrants the use of emergency powers. CLICK HERE TO GET THE FOX NEWS APP ""President Trump has routinely declared phony national emergencies to advance his deeply unpopular agenda,"" the spokesperson said. ""On the existential threat of climate change, Trump insists on calling it a hoax.""",environmental issues,Fox News,right
Trump: Iran 'better be careful' after backing away further from nuclear deal,"President Trump lobbed a strong warning to Iran on Sunday after the rogue nation announced it had ratcheted up its uranium enrichment beyond the limit allowed by the 2015 nuclear deal with world powers. ""Iran better be careful. ‚Ä¶ Iran is doing a lot of bad things,"" Trump said. ""Iran will never have a nuclear weapon."" Iran has said it was inching its program closer toward weapons-grade levels, while calling for a diplomatic solution to a crisis that has raised tensions with the U.S. ""Iran's latest expansion of its nuclear program will lead to further isolation and sanctions. Nations should restore the longstanding standard of no enrichment for Iran's nuclear program. Iran's regime, armed with nuclear weapons, would pose an even greater danger to the world,"" Secretary of State Mike Pompeo tweeted. Iran's move, coupled with abandoning the deal's limit on its low-enriched uranium stockpile earlier, has intensified pressure as the future of the accord, signed during the Obama administration remains in question. Trump pulled the U.S. out of the deal last year. He added Sunday, ""the Obama agreement... was the most foolish agreement that you will ever find."" Iranian officials said the new level of uranium enrichment would be reached later in the day, but did not provide the percentage they planned to hit. Under the nuclear deal, the cap for enrichment was set at 3.67 percent, a percentage closely monitored by inspectors from the International Atomic Energy Agency, the U.N.'s nuclear watchdog. ""Within hours, the technical tasks will be done and enrichment above 3.67 percent will begin,"" Iran nuclear agency spokesman Behrouz Kamalvandi said. ""We predict that the IAEA measurements early tomorrow morning will show that we have gone beyond 3.67 percent."" While Iran's recent measures could be easily reversed, Europe has struggled to respond, even after getting a 60-day warning that the increase was coming. In a statement, the United Kingdom said: ""Iran has broken the terms of the (Iran deal), following its announcement that it will start uranium enrichment above the 3.67 percent limit agreed in the nuclear deal. While the U.K. remains fully committed to the deal, Iran must immediately stop and reverse all activities inconsistent with its obligations. We are coordinating with other (Iran deal) participants regarding the next steps under the terms of the deal, including a Joint Commission."" CLICK HERE TO GET THE FOX NEWS APP International reaction to Iran's decision came swiftly, with Germany saying it was ""extremely concerned,"" and Israeli Prime Minister Benjamin Netanyahu, a longtime critic of the accord, urging world powers to impose so-called ""snapback sanctions"" on Tehran. The European Union said parties to the deal were discussing a possible emergency meeting after Iran's announcement, with EU spokeswoman Maja Kocijancic saying the bloc was ""extremely concerned"" about the move. Fox News' Rich Edson and The Associated Press contributed to this report.",politics,Fox News,right
Ex-GOP Rep: I 'See a Shooter' When I Look at Kyle Kashuv's Racist Posts,"Reacting to Harvard's decision to pull Parkland shooting survivor and right-wing pundit Kyle Kashuv's admission over past racial slurs, former Republican Rep. David Jolly asserted Tuesday that the racist messages Kashuv sent to classmates were the hallmarks of a mass shooter. During an MSNBC panel discussion on Kashuv, host Stephanie Ruhle asked Jolly currently an MSNBC analyst if he thought the Ivy League university's decision was political, noting that prominent conservatives have ""cried foul"" because Kashuv was one of the few Parkland survivors who vocally defended gun rights. ""I don't,"" Jolly replied. ""I think this is the perfect story for our time. Within our culture, leaders are given greater permission to racist statements and people with racist feelings. They are given greater equity. It is important for Harvard to say, 'Not in our community.'"" Referencing messages Kashuv sent in which he repeatedly used the n-word, Jolly spotlighted one post in which the teenager seemingly referenced shooting up his high school to speculate that Kashuv could have been a potential shooter himself. ""And he referred to one of the shoot-'em-up video games and said they should put a map of that on his high school,"" Jolly exclaimed. And this was two years before Parkland. And my immediate reaction when I really dug into this, these are the social media postings we see of a shooter and we ask, 'Where were the signs?'"" The former Florida congressman added: ""See something, say something. We see a shooter and then we go back and look at social media posts and this is exactly what we see. I understand the sensitivity of this man because of Parkland. I'm not a mental health professional to assess him on those grounds.: Ruhle, meanwhile, pushed back, asking Jolly if that speculation was ""too far."" ""It is not,"" Jolly responded. ""No, it is not, Stephanie."" He went on to ponder what would happen if an ""incident were to occur,"" noting that Kashuv has gained audiences with the president and other high-profile conservatives over his push for stronger gun rights. ""You have to question how do we promote somebody with these social media posts in their background?"" Jolly asked. ""The young man deserves redemption. But he also deserves a closer look to whether someone with this profile should be able to purchase a firearm under the gun laws of the United States."" Read more at The Daily Beast. Got a tip? Send it to The Daily Beast here",crime,The Daily Beast,left
"saudi arabia's mbs is center stage at g-20, only nine months after khashoggi killing","Amid international outrage over the killing of journalist Jamal Khashoggi and Saudi Arabia's ongoing military campaign in Yemen last year, Saudi Crown Prince Mohammed bin Salman was positioned at the very edge of the traditional ""family photo"" of world leaders at the G-20 summit last November. Looking every bit a pariah, Mohammed walked away alone after the group photo was taken as other leaders of the world's wealthiest nations mingled   while protesters outside the venue demanded his arrest. Only half a year later, however, the crown prince is no longer isolated at the G-20. In the photograph of world leaders taken on Friday at this year's event in Osaka, Mohammed was front and center   standing between President Trump and Japanese Prime Minister Shinzo Abe, the event's host. For his supporters, it is yet another sign that Mohammed survived the questions over his mercurial de facto rule of the kingdom and has been welcomed back by the global political establishment with open arms. ""Clearly he has retained a lot of his stature,"" said Ali Shihabi, the founder of the pro-Riyadh Arabia Foundation in Washington, noting that the crown prince had been well received by the leaders of India, China, Japan and South Korea in the last six months. ""If anything, his high visibility at G-20 is only enhancing"" his reputation, Shihabi said. ""His robes also help."" The crown prince's traditional attire may not be the only thing that made him more visible in this year's photograph. Official protocol dictates where world leaders stand in the family photo, with the general rules being that heads of state, rather than heads of government or international organizations, are at the front and those who've spent more time in office closer toward the center. Though Mohammed is not technically a head of state yet and is less senior than some others, Saudi Arabia is also scheduled to host next year's G-20 summit, which will begin on Nov. 21 in Riyadh. David Miliband, former British foreign secretary and current chief executive of the humanitarian organization International Rescue Committee, said that the largely warm welcome of Mohammed and other supposed pariahs like Russia's Vladimir Putin at this year's G-20 reflected an age of impunity in global politics. ""All those countries that have a relationship with Saudi Arabia need to use those relationships in a way that curbs the failed war strategy in Yemen,"" Miliband said of the Riyadh G-20. Mohammed, 33, had initially been celebrated on the world stage for spearheading an ambitious domestic reform strategy that sought to not only remake Saudi Arabia's oil-dependent economy but also loosen conservative religious social conventions. But the crown prince's role in launching Saudi Arabia's conflict in Yemen, which came as Riyadh took aggressive positions against Qatar and Iran, called into doubt the wisdom of his foreign policy. The killing of Khashoggi at Saudi Arabia's consulate in Istanbul in October reinforced the notion that his government cared little about human rights and drew a global backlash. Last year, some world leaders had avoided the young Saudi royal, while others had criticized him to his face. An overheard conversation between Mohammed and Emmanuel Macron suggested that the French president was privately upset with him. ""You never listen to me,"" Macron said.But other world leaders still greeted him enthusiastically. Russia's Putin laughed as he slapped hands with Mohammed as they met   an image that Miliband said epitomized the ""new arrogance of power"" among those who act with perceived impunity. But other world leaders still greeted him enthusiastically. Russia's Putin laughed as he slapped hands with Mohammed as they met   an image that Miliband said epitomized the ""new arrogance of power"" among those who act with perceived impunity. Despite U.S. congressional efforts to cut off weapons sales to the Saudi kingdom and U.N. calls for an investigation of his alleged role in the killing of a Khashoggi, there was little sign of trouble when Mohammed met Trump at the family photo on Friday, where the two leaders shook hands and smiled. The U.S. president is due to have breakfast with the Saudi royal on Saturday morning, Bloomberg News reported .",sports,Business Insider,center
"Colorado school officials ask voters to consider tearing down, rebuilding Columbine High School","It was the place that spawned a new breed of attacks on innocent people. Now, 20 years later , Columbine High School faces scrutiny of another kind: Whether it should be torn down and replaced. Calling the infamous Colorado shooting ""a macabre source of inspiration"" for troubled people around the globe, the superintendent of the school system overseeing the high school said in a letter posted Thursday that it might be time to consider a change. Jefferson Public Schools Superintendent Jason E. Glass said in the letter, sent to the Columbine community, that the idea is in the very early stages and may not happen. It would entail asking voters to approve $70 million ""at some point"" to construct a new school. He encouraged people to keep an open mind to possibly razing and replacing the school's buildings. Thirteen people were slain by two students in the April 20, 1999, massacre. 'We're not protecting our children': Santa Fe shooting survivors demand answers, independent review ""Since that time, school shootings have become all-too-familiar in our nation,"" Glass wrote. ""From the horrors of the six and seven year olds taken at Sandy Hook, to last year's shooting at Marjory Stoneman-Douglas High School, to the recent Douglas County STEM shooting in our neighboring community   while still rare, school shootings are growing in frequency."" He said Columbine, in Littleton, Colorado, ""serves as a point of origin for this contagion of school shootings"" and has bred obsessive behavior around the globe. Glass mentioned the case earlier this year of Sol Pais, a Florida teen who killed herself in Colorado after making a threat and causing schools across the Denver metro area to close. ""Columbine High School has a gravitational-pull for these sorts of individuals,"" Glass wrote. ""Annually, local law enforcement and Jeffco's Department of School Safety make contacts with hundreds of individuals seeking to enter the school and reconnect with the 1999 murders. Most of them are there to satisfy curiosity or a macabre, but harmless interest in the school. For a small group of others, there is a potential intent to do harm."" That interest has been increasing. The letter says the number of people trying to enter the school illegally has been increasing to record levels, perhaps fueled by the 20th anniversary of the shooting. Opinion: Columbine tragedy 20 years later: Despite fears, risk of dying in school shooting is low The Jeffco school board proposal is exploring the possibility of asking voters for between $60 and $70 million to build a new high school, which would keep the Columbine High School name. It would also keep the same school colors and mascot, but would be built with enhanced safety features. ""We are in the very preliminary and exploratory stages of these conversations and we are seeking community feedback and thoughts on this proposal,"" Glass wrote. This article originally appeared on USA TODAY: Colorado school officials ask voters to consider tearing down, rebuilding Columbine High School",crime,USA TODAY,center
Trump's Justice Department says it helped Manafort stay off Rikers Island out of respect for his 'unique' health needs,"Paul Manafort still has friends in high places. The nation's second highest-ranking law enforcement official stepped in last week and made sure President Trump's former campaign boss was spared an uncomfortable stay on Rikers Island, according to the Justice Department. The extraordinary intervention from Deputy Attorney General Jeffrey Rosen came in response to a letter Manafort lawyer Todd Blanche sent to the Federal Bureau of Prisons on May 17, requesting that his client be allowed to remain in federal custody as he faces state fraud charges brought by Manhattan District Attorney Cy Vance Jr. Blanche said in the letter that Manafort, 70, suffers from unspecified ""health challenges"" and that Rikers Island is ""unsecure, unsanitary and dangerous."" Acting on Blanche's request, Rosen sent a letter to Vance on June 11, asking if he had any objections to Manafort remaining in a federal lockup as opposed to being transferred to Rikers Island, a senior Justice Department official told the Daily News on Tuesday. Vance did not protest, the official said. ""In light of New York's position, and Mr. Manafort's unique health and safety needs, the department determined to err on the side of caution by keeping Mr. Manafort in federal custody during the pendency of his state proceedings,"" the official said. ""This arrangement will not have any impact on his state proceedings."" Manafort is currently serving a seven and a half year sentence for his federal conviction on a slew of fraud, money laundering and conspiracy charges stemming from special counsel Robert Mueller's Russia investigation. Shortly after Manafort's federal case wrapped up in March, Vance's office indicted him on state mortgage fraud charges   a move meant in part as a firewall to make sure the disgraced Republican politico faces justice even in the event that he's pardoned by President Trump, according to sources. Manafort was transferred to the federally-administrated Metropolitan Correctional Center in lower Manhattan on Monday morning in advance of being arraigned on Vance's charges. Most felons in Manafort's position would be transferred to Rikers Island, and Rosen's intervention may be unprecedented, according to legal experts. ""Calling this highly unusual doesn't even begin to capture how strange it is for the no. 2 official at DOJ to intervene in a state custody issue,"" tweeted Joyce Vance, the former U.S. attorney for the Northern District of Alabama. Trump nominated Rosen to his current post in February after Rod Rosenstein resigned. Rosen serves as Attorney General William Barr's right-hand man. In a June 14 response letter to Rosen, Vance's office laid into Blanche for going behind its back in reaching out to the Federal Bureau of Prisons, which falls under the purview of the Justice Department. Vance's office said Manafort had agreed in March to waive ""any right to challenge"" the way he was brought to New York and suggested Blanche's letter to the Justice Department flew in the face of that deal. ""By submitting the Blanche Letter in opposition to our request for temporary custody, Mr. Manafort has violated the terms of our agreement,"" the DA wrote. Blanche declined to comment on Tuesday.     ¬©2019 New York Daily News Visit New York Daily News at www.nydailynews.com Distributed by Tribune Content Agency, LLC.",legal arguments,New York Daily News,left
BuzzFeed Journalists Protest in Push for Union Recognition,"(Bloomberg) -- Citing mismanagement, pay disparities and job cuts, BuzzFeed News employees walked off the job on Monday afternoon in the hopes of getting the online-media company to voluntarily recognize their union. Employees in New York, Washington, Los Angeles and San Francisco are taking part in the protests, according to the NewsGuild of New York. Plans for the walkout were first reported by Bloomberg News. Video of the walkout showed BuzzFeed employees standing outside the company's New York office chanting and carrying signs that said ""Recognize the BuzzFeed Union!!"" There was also a giant inflatable rat -- a common form of protest by striking trade unions. The staffers are taking a page from employees at Vox Media, who staged a walkout earlier this month and soon clinched their first labor agreement. Despite four months of negotiations, BuzzFeed News employees and management still can't agree on which workers are eligible to be part of the new bargaining unit -- a question that unions and companies frequently spar over. ""Throughout the process, BuzzFeed has attempted to exclude workers they claim are managerial, supervisory or confidential despite the fact that these journalists neither manage employees nor are privy to confidential information,"" according to the statement. Job Cuts BuzzFeed News staffers agreed to unionize in February, saying they would seek better benefits and fair pay after seeing some colleagues lose their jobs the prior month. Since then, they've been calling on BuzzFeed's management to recognize their union. ""We have legitimate grievances about unfair pay disparities, mismanaged pivots and layoffs, weak benefits, skyrocketing health insurance costs, diversity, and more,"" the BuzzFeed News Organizing Committee said in a statement. In a note to staff Monday, BuzzFeed Chief Executive Officer Jonah Peretti said the company's journalists refused to accept an offer on June 4 and are ""seeking to impose additional demands that threaten our progress around voluntary recognition."" He said the company needed a way to identify employees who are included and excluded from the bargaining unit. ""Our proposal is both responsive to our employees' requests, and mindful of the way the company operates,"" Peretti said. In January, BuzzFeed eliminated 15% of its headcount, part of a wave of layoffs at media outlets this year. Publishers like BuzzFeed, once the darlings of the media industry, have struggled to find profitable business models. The tumult has led journalists at several media outlets to opt for collective bargaining. While that hasn't prevented layoffs, it has in some cases cushioned the blow. For instance, agreements can help ensure that workers who lose their jobs get severance pay. Hundreds of Vox Media employees walked off the job earlier this month. A day later, they reached a tentative labor agreement. The union contract includes minimum salary guarantees and four months of paid parental leave, among other things. (Updates with Peretti's note to staff in eighth paragraph.) --With assistance from Josh Eidelson. To contact the reporter on this story: Gerry Smith in New York at gsmith233@bloomberg.net To contact the editor responsible for this story: Nick Turner at nturner7@bloomberg.net For more articles like this, please visit us at bloomberg.com ¬¨¬©2019 Bloomberg L.P.",politics,Bloomberg,center
key moments from jay inslee's 2020 presidential debate appearance,"SEATTLE, WA   The field of 2020 Democratic presidential candidates is packed, and so was the stage at the first debate held in Miami Wednesday evening. Gov. Jay Inslee stood among nine other candidates   including U.S. Sen. Elizabeth Warren, Beto O'Rourke, and NYC Mayor Bill DeBlasio   in his first shot at national notoriety. As most in Washington (and now the nation) know, Inslee, 68, is the climate candidate. Ahead of the debate, he released the ""Evergreen Economy Plan,"" a $9 trillion package that would, among other things, create high-paying green economy jobs. Counter to coal-loving President Donald Trump, Inslee has also proposed shutting down all coal plants in the U.S. by 2030. As important as it is, climate will likely not be the main issue in the 2020 presidential election   the Democratic National Committee has even declined to do a debate solely on climate. On Wednesday, the candidates fielded questions on everything from federal immigration code to Iran. So how did Inslee do on his signature issue and on other topics? Here's a recap of his debate performance. Inslee's intro Inslee walked out between Hawaii U.S. Rep. Tulsi Gabbard and Maryland U.S. Rep. John Delaney. As we know, Inslee is tall, but Beto O'Rourke appeared to be just a hair taller, and O'Rourke had the advantage of being positioned in center stage. Appropriately, Inslee was wearing a blue suit and greenish tie, the same colors as his presidential campaign logo. First chance to talk Inslee was the ninth candidate called on to speak (not counting followup questions), and he had a good moment. Inslee followed Delaney on a question about jobs and the economy. He seized the opportunity to mention that unions are the best way to create new jobs and higher wages   and that got him a round of applause. ""It's not right the CEO of McDonald's makes 2,000, 100 times the people slinging hash,"" he said. (In 2017, the McDonald's CEO actually made 3,101 times the median McDonald's worker .) Then Inslee pivoted to climate, saying that he'll put people to work fixing the environment. ""Donald Trump is simply wrong. He says wind turbines cause cancer, we know they cause jobs,"" Inslee said. No 'Medicare for all' All the candidates were asked to raise their hands if they would give up their current healthcare plan for a government plan   a reference to talk of a single-payer Medicare-for-all system. Inslee did not raise his hand. In the ensuing debate, a heated one, Inslee kept raising his hand to speak. When he was finally called on, he highlighted that he got a public option passed in Washington. He also waded into abortion, and kind of got slapped for it. He remarked he's ""the only candidate"" to pass a law that protects abortion access. ""There are three women up here who have fought for a woman's right to choose,"" Klobuchar retorted, referring to herself, Warren, and Gabbard. Border crisis When the topic came around, Inslee was the last candidate to called on to talk about the crisis at the U.S.-Mexico border. He was specifically asked what he would do on ""day one"" as president, but didn't really answer. ""There's no reason for the detention and separation of these children, they should be released pending their hearings,"" he responded. He also took an opportunity to knock Trump. ""Donald Trump the other day tried to threaten me that he would try to send refugees to Washington state. I told him that's not a threat at all. We welcome refugees into our state,"" he said.",environmental issues,San Francisco Chronicle,left
Google knows everywhere you go   here's how to stop it from tracking you and delete the logs,"Google keeps a log of everywhere you go if you use Google apps and services on your phone. It has a creepy level of detail that might surprise you. Google makes it easy to find this information and limit how it can track you, though, so here's how to do that. Google knows a lot about you and, if you use Google Maps or other Google apps, it stores a copy of everywhere you go. I recently performed Google's ""Privacy Checkup"" to learn a bit more about what it knows about me, and was pretty surprised at the level of detail it had on my exact locations. I picked a random date: April 16, 2019. It knew everywhere I went, including that I took Route 95 to our office in northern New Jersey and that I arrived at 7:58 a.m. It knew that at 1:02 p.m. I drove to Jersey City and took a train in to Manhattan to the New York Stock Exchange before returning home at 4:38 p.m. And it has a copy of the pictures I took at each location. It's a creepy level of detail. Google says that it uses location history to ""create a private map of where you go with your signed-in devices even when you aren't using a specific Google service"" and that the ""map is only visible to you."" The data, it says, provides ""improved map searches and commute routes, as well as helping you to rediscover the places you've been and the routes you've traveled."" I don't really care about that information. I know the roads I drove on April 16, and I can't see any reason why Google should store it, even if it's only for my use. I never know who might be able to access that data, even if Google promises it's private. You can stop Google from storing your location history and delete what it has already stored. Here's how. How to stop Google from tracking your location history First, go to myaccount.google.com/privacycheckup . This is a good page to bookmark, since it gives you granular control over lots of privacy settings. Next, scroll down to ""Location History"" and choose ""Manage Location History."" This is where you'll see everywhere you've been. It's a freaky level of detail. Tap ""Manage Location History"" at the bottom of the screen again. Toggle the button to turn off Location History. To delete your history, do this: Tap the settings button on the ""Location History"" map. Select ""Delete all location history."" That's not it, though. Google will continue tracking your location unless you also turn off a separate ""Web & App Activity"" tracker. Google says it tracks your location from apps to provide ""better recommendations, and more personalized experiences in Maps, Search, and other Google services."" To turn off web and app activity, do this: Go to myaccount.google.com/activitycontrols Turn off the ""Web & Activity"" toggle. Subscribe to CNBC on YouTube.",privacy issues,CNBC,center
A US ally is furious and demanding answers from China after a 'hit and run' in the South China Sea,"The Philippines is furiously demanding answers after an alleged ""hit-and-run"" incident in the South China Sea. The island nation claims that a Chinese fishing vessel rammed a Philippine ship, sank it, and then abandoned 22 Filipino fishermen in open water to drown. All the sailors were ultimately rescued by another ship nearby. The Philippines sent a formal diplomatic protest to Beijing Thursday condemning the actions of the Chinese ship and urging China to investigate the matter. Visit Business Insider's home page for more stories. The Philippines is taking China to task over an alleged ""hit-and-run"" incident in which a Chinese fishing ship fled the scene after it slammed into an anchored Philippine vessel in the South China Sea, sinking it and abandoning 22 Filipino fishermen in open waters to drown. The troubling incident occurred this week near Reed Bank in the Spratly Islands, an area in the disputed South China Sea where Chinese naval and maritime militia forces have been increasingly active and, at times, forceful when enforcing its sovereignty claims. The crew of the sunken Philippine vessel was ultimately rescued by a Vietnamese ship operating nearby. Read more: Vietnam claims a Chinese ship rammed and sank a fishing boat in the latest South China Sea clash The Philippines sent a formal diplomatic protest to Beijing Thursday in response to the ""hit-and-run"" incident. Teodoro Locsin, the secretary of foreign affairs for the Philippines, characterized the abandonment of the Philippine crew in violation of maritime norms as ""contemptible and condemnable,"" local media ABS-CBN reported . Defense Secretary Delfin Lorenzana accused the Chinese ship of intentionally ramming the Philippine vessel, FB Gimber1. Other defense officials have suggested the collision may have been an accident. The incident is currently under investigation. President of the Philippines Rodrigo Duterte, who has sought closer ties to Beijing while at times sharply criticizing Washington, was ""outraged"" in the aftermath of the incident, presidential spokesman Salvador Panelo said, according to the South China Morning Post. ""We will not allow ourselves to be assaulted, to be bullied, to be the subject of such barbaric, uncivilized and outrageous actions,"" he explained at a press briefing Thursday. ""Whether it's a form of bullying or not, it's outrageous, it's barbaric, it's uncivilized, and we're condemning it."" The spokesman said that if the incident was intentional, it will be considered an ""act of aggression."" Panelo added that the Philippines would consider cutting diplomatic ties with China. There are, however, potentially broader implications should the situation escalate. Earlier this year, Chief of Naval Operations Adm. John Richardson informed China that its paramilitary maritime militia could be considered a combatant force, and in March, Secretary of State Mike Pompeo promised that ""any armed attack on Philippine forces, aircraft or public vessels in the South China Sea will trigger mutual defense obligations."" The US has also been involved in confrontations in the Spratly Islands, where the Philippines accused China of sending hundreds of ships to swarm a Philippine-controlled territory a few months ago. Last September, a Chinese destroyer nearly slammed into a US Navy warship as it confronted the American vessel while the latter was conducting a freedom-of-navigation operation (FONOP) in the disputed waterway. Read more: The Chinese military challenged a US destroyer to a South China Sea showdown The Philippine foreign affairs secretary tweeted Wednesday that the Philippines would be handling this situation alone. ""F--- the international community. This is our fight and in the end ours alone,"" he wrote , without providing additional clarity. While China claims indisputable sovereignty over the vast majority of the South China Sea, including the Spratlys, its claims were previously discredited by an international arbitration tribunal. Beijing rejected the ruling and the authority of the tribunal and has continued to take steps to reinforce its claims.",politics,Business Insider,center
'Stupidity and selfishness' led to deaths of two patients who drowned in van,"The mother of a woman who drowned in floodwaters while riding in the back of a South Carolina sheriff's office van blamed her death on the ""stupidity and selfishness"" of the two deputies entrusted with her care, and told a judge Friday that ""no amount of justice"" would heal her heart. The family members of Nicolette Green, 43, as well as a second woman who drowned in the van, Wendy Newton, 45, spoke through tears while addressing the court during a bond hearing for the former Horry County deputies. Linda Green, Nicolette's mother, said she is haunted daily by ""the horror"" of her daughter gasping for air as the rising waters trapped her last September in the wake of Hurricane Florence. Both women were mental health patients and being transported to a behavioral center as part of their treatment when the incident occurred. Linda Green said her daughter had been slowly improving after suffering from bouts of schizophrenia, and had willingly gone with the deputies as part of a routine to monitor her medication. ""We, as her family, realized it was helping her and we were getting her back as a daughter, and a mother, and as a sister,"" Linda Green said. ""We were overjoyed at getting her back with us. Not just physically, but mentally and emotionally."" Rose Hershberger, Green's oldest daughter and a senior in high school, lamented about not having her mother during milestones in her life, like picking out a prom dress or her forthcoming graduation. ""Every night is just a constant lack of sleep,"" Hershberger said. ""All I see is my mother, and I hear her screams and her cries."" Cheryl Graham, the associate chief magistrate in Marion County, later responded that ""to say that this is a tragedy is an understatement ‚Ä¶ May God help us all."" Graham set bond at $30,000 for Stephen Flood, who was charged with two counts each of reckless homicide and involuntary manslaughter, and at $10,000 for Joshua Bishop, who was charged with two counts of involuntary manslaughter. Attorneys for the men argued that both are well-respected in the community, had many years of experience with the sheriff's office and not flight risks. Bishop's attorney told the court that his client's wife is due to give birth next month, and that ""his heart hurts every day for what has occurred."" The next hearing date was set for Feb. 26. Both men were fired following the deaths of Green and Newton. While Horry County officials said Flood went around a barrier meant to prevent vehicles from entering hazardous areas, he had been waved through by National Guardsmen. Meanwhile, the women were locked in the back of the van. The deputies said neither could be reached once they realized they were surrounded by floodwaters. Amid the chaos, the van ended up on its side and rested against a guardrail, and the deputies said they were unable to unlock the back door. They waited on the roof of the van until they could be rescued, authorities said.",legal arguments,Associated Press,center
